airport_id,in_degree,out_degree,in_strength,out_strength,out_in_ratio,pagerank,hits_hub,hits_authority,eigenvector,betweenness,name,city,country,iata,icao,latitude,longitude,continent
1,4,4,5,5,1.0,0.00021355821223295485,1.9549450798934045e-06,1.9553558813536976e-06,3.5032450820927145e-05,0.0,Goroka Airport,Goroka,Papua New Guinea,GKA,AYGA,-6.0816898345900015,145.391998291,Oceania
2,7,7,8,8,1.0,0.0003431912940612109,1.0197284083531438e-06,1.0197650396034797e-06,1.826979907864563e-05,0.0007209354464488368,Madang Airport,Madang,Papua New Guinea,MAG,AYMD,-5.20707988739,145.789001465,Oceania
3,9,8,12,10,0.8888888888888888,0.0004832997932888907,1.9936170896029946e-06,2.0052390332100658e-06,3.592495481020891e-05,9.142754902420575e-06,Mount Hagen Kagamuga Airport,Mount Hagen,Papua New Guinea,HGU,AYMH,-5.826789855957031,144.29600524902344,Oceania
4,9,9,11,11,1.0,0.00042739776447402145,2.029525959517374e-06,2.0306235621476097e-06,3.636453077701167e-05,5.4437429781132545e-05,Nadzab Airport,Nadzab,Papua New Guinea,LAE,AYNZ,-6.569803,146.725977,Oceania
5,32,32,47,48,1.0,0.001561300624510341,0.00017049226891278243,0.00016994682689548712,0.003059421469217665,0.023253570756660777,Port Moresby Jacksons International Airport,Port Moresby,Papua New Guinea,POM,AYPY,-9.44338035583496,147.22000122070312,Oceania
6,4,4,6,6,1.0,0.0002731855486930531,1.0029588762906402e-06,1.0029930778258666e-06,1.7970846045236838e-05,0.0,Wewak International Airport,Wewak,Papua New Guinea,WWK,AYWK,-3.5838301181800003,143.66900634799998,Oceania
5430,5,5,5,5,1.0,0.00021793624769117465,1.0107169380059396e-06,1.0117807726789697e-06,1.8111148279276054e-05,0.00029562957221164227,Momote Airport,Momote,Papua New Guinea,MAS,AYMO,-2.06189,147.423996,Oceania
5436,3,3,3,3,1.0,0.0001502519428194687,9.746102172544913e-07,9.748595780943987e-07,1.746522557952653e-05,1.3565686410166668e-07,Vanimo Airport,Vanimo,Papua New Guinea,VAI,AYVN,-2.6926,141.3028,Oceania
5431,3,2,3,3,0.6666666666666666,0.00015690888479906437,9.858753032938716e-07,9.802335330914888e-07,1.7765237617135796e-05,7.540935951216275e-05,Moro Airport,Moro,Papua New Guinea,MXH,AYMR,-6.36332988739,143.238006592,Oceania
5433,2,3,3,3,1.5,0.00014379871526218774,9.800662479711957e-07,1.9381249415474428e-06,1.7563679180019934e-05,7.540935951216275e-05,Tari Airport,Tari,Papua New Guinea,TIZ,AYTA,-5.84499979019,142.947998047,Oceania
5434,3,3,4,4,1.0,0.000173615628651981,1.948702477038498e-06,1.9491992462686474e-06,3.4922336755039654e-05,2.2609477350277778e-07,Tabubil Airport,Tabubil,Papua New Guinea,TBG,AYTB,-5.27861,141.225998,Oceania
5421,3,3,4,4,1.0,0.00016553816818990692,1.948846339810865e-06,1.949402162621786e-06,3.492481709382091e-05,2.877103491724844e-06,Daru Airport,Daru,Papua New Guinea,DAU,AYDU,-9.08675956726,143.207992554,Oceania
5423,3,3,4,4,1.0,0.00016727727792350178,1.948784465669575e-06,1.949276918716673e-06,3.4922570970761857e-05,6.205897791984281e-06,Girua Airport,Girua,Papua New Guinea,PNP,AYGR,-8.80453968048,148.309005737,Oceania
5424,3,3,6,6,1.0,0.00023827256757594247,1.9983151770711117e-06,2.0005329545116664e-06,3.581028949242967e-05,0.0,Kimbe Airport,Hoskins,Papua New Guinea,HKN,AYHK,-5.462170124053955,150.40499877929688,Oceania
5435,7,7,11,11,1.0,0.0004472518158799201,4.489265373789754e-06,4.323508449816181e-06,7.784619591183622e-05,0.00010927281857164777,Tokua Airport,Tokua,Papua New Guinea,RAB,AYTK,-4.34045982361,152.380004883,Oceania
1960,23,24,40,43,1.0434782608695652,0.0011018772094262101,0.00048647395459356046,0.0004722501758816551,0.00857603606743462,0.005930192318476151,Nadi International Airport,Nandi,Fiji,NAN,NFFN,-17.755399703979492,177.4429931640625,Oceania
2279,103,103,289,286,1.0,0.003093168426264815,0.006061684594874564,0.0061036375747827495,0.10912573949105624,0.03722927254483325,Narita International Airport,Tokyo,Japan,NRT,RJAA,35.764701843299996,140.386001587,Asia
2397,78,78,193,193,1.0,0.0031322310040897286,0.002052762812353141,0.0020496074543315673,0.03648206018584773,0.02175757636306005,Ninoy Aquino International Airport,Manila,Philippines,MNL,RPLL,14.5086,121.019997,Asia
3077,133,132,354,354,0.9924812030075187,0.0036326214703811966,0.005687701659372845,0.005682295096324743,0.10098089946663852,0.027660153090640273,Hong Kong International Airport,Hong Kong,Hong Kong,HKG,VHHH,22.308901,113.915001,Asia
3316,124,124,409,405,1.0,0.005006003268282593,0.004624226956356604,0.004656346047000678,0.08274940153912541,0.017945438857686995,Singapore Changi Airport,Singapore,Singapore,SIN,WSSS,1.35019,103.994003,Asia
3320,55,59,143,151,1.0727272727272728,0.003328331304551031,0.0010664444112428529,0.0011350904178972258,0.020427935661969442,0.02203753226850476,Brisbane International Airport,Brisbane,Australia,BNE,YBBN,-27.38419914245605,153.11700439453125,Oceania
3322,29,30,54,56,1.0344827586206897,0.0013561883905541723,0.000413023443739545,0.00044112368824867287,0.00748038341533038,0.01129220651322902,Cairns International Airport,Cairns,Australia,CNS,YBCS,-16.885799408,145.755004883,Oceania
3361,83,85,202,208,1.0240963855421688,0.004253713338769436,0.002142050660957115,0.0019569971512402467,0.037964482720850436,0.02885278371780277,Sydney Kingsford Smith International Airport,Sydney,Australia,SYD,YSSY,-33.94609832763672,151.177001953125,Oceania
3940,42,42,101,100,1.0,0.0015726890917858443,0.0011130572739550901,0.001118837650177492,0.019950299301622985,0.009450956328953822,Ngurah Rai (Bali) International Airport,Denpasar,Indonesia,DPS,WADD,-8.7481698989868,115.16699981689,Asia
4074,17,19,21,23,1.1176470588235294,0.0013020730284483341,2.020827330309024e-05,1.9571674829301095e-05,0.00036343000314922874,0.009186024091888503,Honiara International Airport,Honiara,Solomon Islands,HIR,AGGH,-9.4280004501343,160.05499267578,Oceania
4206,29,29,48,49,1.0,0.0008494825320339625,0.0005971003576652329,0.0005862536972660006,0.010485748322800805,0.010008987956567936,Mactan Cebu International Airport,Cebu,Philippines,CEB,RPVM,10.307499885559,123.97899627686,Asia
5419,3,2,4,3,0.6666666666666666,0.0001911217388595379,1.0121521482325068e-06,1.0142606910018707e-06,1.8140871732697484e-05,0.00030618077220279745,Buka Airport,Buka Island,Papua New Guinea,BUA,AYBK,-5.422319889068604,154.67300415039062,Oceania
5420,1,1,1,1,1.0,7.481051791630856e-05,9.631465579793176e-07,9.63429635343998e-07,1.726074849407242e-05,0.0,Chimbu Airport,Kundiawa,Papua New Guinea,CMU,AYCH,-6.024290084838867,144.9709930419922,Oceania
5422,3,3,4,5,1.0,0.00018513552606059462,1.937588540479527e-06,1.937966144480446e-06,3.472021959343312e-05,0.0003071820490568812,Gurney Airport,Gurney,Papua New Guinea,GUR,AYGN,-10.3114995956,150.333999634,Oceania
5425,3,4,4,5,1.3333333333333333,0.00017485548216739303,1.959752190803058e-06,1.9488838120897764e-06,3.511828346034259e-05,3.229925335753968e-07,Kiunga Airport,Kiunga,Papua New Guinea,UNG,AYKI,-6.1257100105285645,141.28199768066406,Oceania
5428,3,3,4,4,1.0,0.0001813829002642622,1.0178862545199674e-06,1.0198775746931194e-06,1.824137556285965e-05,0.0,Kavieng Airport,Kavieng,Papua New Guinea,KVG,AYKV,-2.57940006256,150.807998657,Oceania
5429,1,1,1,1,1.0,7.481051791630856e-05,9.631465579793176e-07,9.63429635343998e-07,1.726074849407242e-05,0.0,Mendi Airport,Mendi,Papua New Guinea,MDU,AYMN,-6.14774,143.656998,Oceania
5437,1,1,1,1,1.0,7.481051791630856e-05,9.631465579793176e-07,9.63429635343998e-07,1.726074849407242e-05,0.0,Wapenamanda Airport,Wapenamanda,Papua New Guinea,WBM,AYWD,-5.64330005645752,143.89500427246094,Oceania
7,5,5,5,5,1.0,0.00041712363842559314,1.5913219160550447e-07,1.5800301942311228e-07,2.7959507276962963e-06,0.002470958500940098,Narsarsuaq Airport,Narssarssuaq,Greenland,UAK,BGBW,61.1604995728,-45.4259986877,North America
8,8,8,8,8,1.0,0.0005947165651435366,5.825614644486986e-06,5.796604984929682e-06,0.00010281102187235854,0.006550122876049216,Godthaab / Nuuk Airport,Godthaab,Greenland,GOH,BGGH,64.19090271,-51.678100585900005,North America
9,7,7,7,7,1.0,0.0004797100421732252,2.2099668405792682e-05,2.2246579167923215e-05,0.00039228761956638605,0.005236444342746717,Kangerlussuaq Airport,Sondrestrom,Greenland,SFJ,BGSF,67.0122218992,-50.7116031647,North America
5440,2,2,2,2,1.0,0.00018048933361504397,3.374679191295206e-08,3.381902592235815e-08,5.956155581028365e-07,0.0,Paamiut Heliport,Paamiut,Greenland,JFR,BGFH,61.9921989441,-49.6624984741,North America
5442,4,4,4,4,1.0,0.0004016891844533816,9.006400656286296e-10,9.043826442696569e-10,1.5859862996728604e-08,0.001226531846999212,Qaqortoq Heliport,Qaqortoq,Greenland,JJU,BGJH,60.7156841553,-46.0299186409,North America
5445,2,2,2,2,1.0,0.0002038308052892337,9.005823770558358e-10,9.043247159721201e-10,1.5858853956350516e-08,0.0,Narsaq Heliport,Narsaq,Greenland,JNS,BGNS,60.9172827256,-46.059923172,North America
16,34,32,46,45,0.9411764705882353,0.0005144748539642682,0.0010029862056550876,0.0010049811998952228,0.017824294126686468,0.020852225499711222,Keflavik International Airport,Keflavik,Iceland,KEF,BIKF,63.985000610352,-22.605600357056,Europe
18,4,4,4,4,1.0,0.0004955393958933322,3.285449151557425e-08,3.292295371900388e-08,5.79901490214778e-07,0.0018397977704988182,Reykjavik Airport,Reykjavik,Iceland,RKV,BIRK,64.1299972534,-21.9405994415,Europe
3995,5,5,5,5,1.0,0.00045779045633894777,1.5965848044073674e-07,1.5853490649859815e-07,2.805248796218656e-06,0.0030758281260309097,Ilulissat Airport,Ilulissat,Greenland,JAV,BGJN,69.2432022095,-51.0570983887,North America
5443,2,2,2,2,1.0,0.00016748234292180444,1.5893027710491282e-07,1.5780214221779246e-07,2.7924126470513086e-06,0.0,Maniitsoq Airport,Maniitsoq,Greenland,JSU,BGMQ,65.4124984741,-52.9393997192,North America
5447,3,3,3,3,1.0,0.00023875573549873662,1.5964825385829895e-07,1.5852475188428516e-07,2.805070318221513e-06,1.1242668214193478e-05,Sisimiut Airport,Sisimiut,Greenland,JHS,BGSS,66.9513015747,-53.729301452600005,North America
609,120,121,228,229,1.0083333333333333,0.002227343787286639,0.003930250626971875,0.0038929215396771772,0.0694360737956519,0.021137856363610843,Copenhagen Kastrup Airport,Copenhagen,Denmark,CPH,EKCH,55.617900848389,12.656000137329,Europe
3997,3,3,3,3,1.0,0.00025295308446174146,1.278758272104126e-07,1.2668671243418288e-07,2.24420917969212e-06,3.8759104029047635e-07,Aasiaat Airport,Aasiaat,Greenland,JEG,BGAA,68.7218017578,-52.7846984863,North America
10,1,1,1,1,1.0,0.00018102474030425806,2.877575073791729e-14,2.889546943296101e-14,5.033270495374826e-13,0.0,Thule Air Base,Thule,Greenland,THU,BGTL,76.5311965942,-68.70320129390001,North America
5446,2,2,2,2,1.0,0.0003065158278883867,5.113454981988039e-12,5.077469767118796e-12,8.924183738939866e-11,0.0006134597190197513,Qaanaaq Airport,Qaanaaq,Greenland,NAQ,BGQQ,77.4886016846,-69.3887023926,North America
11,1,1,1,1,1.0,0.0001583253434813137,1.865855934601919e-10,1.8565645810442904e-10,3.2705569314683015e-09,0.0,Akureyri Airport,Akureyri,Iceland,AEY,BIAR,65.66000366210939,-18.07270050048828,Europe
12,1,1,1,1,1.0,0.0001583253434813137,1.865855934601919e-10,1.8565645810442904e-10,3.2705569314683015e-09,0.0,Egilsstaðir Airport,Egilsstadir,Iceland,EGS,BIEG,65.28330230712889,-14.401399612426758,Europe
15,1,1,1,1,1.0,0.0001583253434813137,1.865855934601919e-10,1.8565645810442904e-10,3.2705569314683015e-09,0.0,Ísafjörður Airport,Isafjordur,Iceland,IFJ,BIIS,66.05809783935547,-23.13529968261719,Europe
49,37,38,71,68,1.027027027027027,0.0012111719864578295,0.0012971985779505306,0.0013849099660192144,0.0246993491801152,0.004180805993323939,Edmonton International Airport,Edmonton,Canada,YEG,CYEG,53.3097000122,-113.580001831,North America
193,146,147,317,319,1.0068493150684932,0.003716534694352272,0.00693023225079976,0.007020078641768386,0.1251957384057964,0.04520062239064158,Lester B. Pearson International Airport,Toronto,Canada,YYZ,CYYZ,43.6772003174,-79.63059997559999,North America
302,147,146,315,316,0.9931972789115646,0.0030231947622045034,0.004721005125689189,0.004663677288095719,0.08448645300568103,0.005149873134670523,Brussels Airport,Brussels,Belgium,BRU,EBBR,50.9014015198,4.48443984985,Europe
337,68,69,82,83,1.0147058823529411,0.0007285664681799659,0.0009237248391167614,0.000912723288447929,0.016338427423088022,0.0014547895430806895,Berlin-Schönefeld Airport,Berlin,Germany,SXF,EDDB,52.380001,13.5225,Europe
340,238,239,493,497,1.004201680672269,0.004692181194922373,0.00809773864424349,0.007974090390303926,0.14254951776387567,0.043750645036271844,Frankfurt am Main Airport,Frankfurt,Germany,FRA,EDDF,50.033333,8.570556,Europe
346,189,191,360,368,1.0105820105820107,0.003236735572658348,0.0053947627080619415,0.005204731478983986,0.0935191648579508,0.01855044712903341,Munich Airport,Munich,Germany,MUC,EDDM,48.353802,11.7861,Europe
421,88,88,161,159,1.0,0.0020503022157784922,0.002914563917092023,0.002948303574062613,0.052374397536594924,0.01647056434685212,Helsinki Vantaa Airport,Helsinki,Finland,HEL,EFHK,60.317199707031,24.963300704956,Europe
478,144,146,311,316,1.0138888888888888,0.002726579110978473,0.004606055550460263,0.00458941486904495,0.08176038015384345,0.013263806578195193,Manchester Airport,Manchester,United Kingdom,MAN,EGCC,53.35369873046875,-2.2749500274658203,Europe
490,72,73,100,100,1.0138888888888888,0.0008831487406983611,0.0010457637390724743,0.001034693299539726,0.018487276744090828,0.002004893472670541,Bristol Airport,Bristol,United Kingdom,BRS,EGGD,51.382702,-2.71909,Europe
492,85,85,106,108,1.0,0.0009930556447889755,0.0008976944202025835,0.0008843453696500378,0.015749477620724945,0.004504060123866111,London Luton Airport,London,United Kingdom,LTN,EGGW,51.87469863891602,-0.3683330118656158,Europe
502,165,165,352,356,1.0,0.003122969162457173,0.003475161240506227,0.003464513898132677,0.061821826659125376,0.02490813866025583,London Gatwick Airport,London,United Kingdom,LGW,EGKK,51.148102,-0.190278,Europe
507,170,170,522,525,1.0,0.005120150291143769,0.011820527995582137,0.011653521612572838,0.2085206630021093,0.017442820455870384,London Heathrow Airport,London,United Kingdom,LHR,EGLL,51.4706,-0.461941,Europe
534,62,63,96,100,1.0161290322580645,0.0010773481556214618,0.0013809907100381662,0.0013178317092149157,0.024352705334288526,0.007716464524845682,Glasgow International Airport,Glasgow,United Kingdom,GLA,EGPF,55.8718986511,-4.43306016922,Europe
535,89,88,118,119,0.9887640449438202,0.0011007221087550468,0.0017755270447260985,0.0017002278578390287,0.03062104229729575,0.005130988609534152,Edinburgh Airport,Edinburgh,United Kingdom,EDI,EGPH,55.95000076293945,-3.372499942779541,Europe
580,231,232,450,453,1.0043290043290043,0.004316100933293358,0.0067174304865368715,0.006740444226835788,0.12084119688594863,0.02586267505455174,Amsterdam Airport Schiphol,Amsterdam,Netherlands,AMS,EHAM,52.308601,4.76389,Europe
608,39,39,47,47,1.0,0.0004785469715473236,0.000680343227802168,0.0006598031734395059,0.011706869052289454,0.0012134763293723684,Billund Airport,Billund,Denmark,BLL,EKBI,55.7402992249,9.15178012848,Europe
636,48,48,67,68,1.0,0.0007930755535587559,0.0009001559776855295,0.0008897652596468649,0.01570774563009008,0.005627268789836953,Bergen Airport Flesland,Bergen,Norway,BGO,ENBR,60.29339981,5.218140125,Europe
644,103,103,182,179,1.0,0.002162184183948123,0.002489487654351528,0.002561161778669543,0.044259505208072876,0.00875465541639292,Oslo Lufthavn,Oslo,Norway,OSL,ENGM,60.121,11.0502,Europe
737,123,123,220,219,1.0,0.00268205655563441,0.0032203072585547153,0.003222848528467408,0.0574051553704109,0.022925916784035206,Stockholm-Arlanda Airport,Stockholm,Sweden,ARN,ESSA,59.65190124511699,17.918600082397,Europe
1212,96,96,157,157,1.0,0.001496312932360776,0.001558908467513933,0.0015647412289642526,0.027744509765700805,0.004410260266629344,Alicante International Airport,Alicante,Spain,ALC,LEAL,38.28219985961914,-0.5581560134887695,Europe
1382,233,237,517,524,1.0171673819742488,0.005138826532735525,0.008972324524208396,0.008826571000432128,0.15727745489322503,0.03973348918359084,Charles de Gaulle International Airport,Paris,France,CDG,LFPG,49.012798,2.55,Europe
1423,65,66,94,95,1.0153846153846153,0.0007938373769144027,0.0016389876524635855,0.0016436938707954586,0.02916410995812955,0.0013228794523675493,EuroAirport Basel-Mulhouse-Freiburg Airport,Mulhouse,France,BSL,LFSB,47.59,7.5291667,Europe
1678,136,137,247,247,1.0073529411764706,0.0022368784717948518,0.004453900345890103,0.004426874041975593,0.07887888153398206,0.02080688211685917,Zürich Airport,Zurich,Switzerland,ZRH,LSZH,47.464699,8.54917,Europe
3448,102,103,212,212,1.0098039215686274,0.0024618824051852945,0.005610097278318142,0.005675813638176609,0.10117613749292713,0.009480873318346591,General Edward Lawrence Logan International Airport,Boston,United States,BOS,KBOS,42.36429977,-71.00520325,North America
3494,152,153,252,253,1.006578947368421,0.002507075074712095,0.005751329231769314,0.005738577259403927,0.10210444360206392,0.025487973194342824,Newark Liberty International Airport,Newark,United States,EWR,KEWR,40.69250106811523,-74.168701171875,North America
3577,93,90,201,201,0.967741935483871,0.0025110407762814263,0.005359491698613066,0.005334421937183994,0.09506091758598739,0.028249931415080656,Seattle Tacoma International Airport,Seattle,United States,SEA,KSEA,47.449001,-122.308998,North America
3714,122,126,190,196,1.0327868852459017,0.0021547220977458305,0.0050834903350735145,0.004981532481418976,0.08949699044839424,0.03081766540725818,Washington Dulles International Airport,Washington,United States,IAD,KIAD,38.94449997,-77.45580292,North America
3751,167,168,373,360,1.0059880239520957,0.00491253177532765,0.006438309892323318,0.006595744514807006,0.1166871664435208,0.02308648468946951,Denver International Airport,Denver,United States,DEN,KDEN,39.861698150635,-104.672996521,North America
3797,160,162,455,456,1.0125,0.004647509974684508,0.010666036162980898,0.010882393620427328,0.194396835027775,0.02535855585174348,John F Kennedy International Airport,New York,United States,JFK,KJFK,40.63980103,-73.77890015,North America
4167,48,49,48,49,1.0208333333333333,0.0008057849298532704,0.0001871193360695677,0.00018506427171820615,0.003984792675634119,0.0057680868891563175,Orlando Sanford International Airport,Sanford,United States,SFB,KSFB,28.7775993347168,-81.23750305175781,North America
21,4,4,4,4,1.0,0.0001445882079931972,4.1483211421053356e-05,4.088841839978478e-05,0.0007363577907697938,0.0019772562816555025,Sault Ste Marie Airport,Sault Sainte Marie,Canada,YAM,CYAM,46.48500061035156,-84.5093994140625,North America
121,11,9,14,13,0.8181818181818182,0.0006408581681127174,9.030116554406049e-05,8.583056236080613e-05,0.001549337524422766,0.009915645466416434,Thunder Bay Airport,Thunder Bay,Canada,YQT,CYQT,48.37189865112305,-89.32389831542969,North America
133,5,6,5,6,1.2,0.00018603774188238577,4.193856905502885e-05,4.083337604937124e-05,0.0007444713222153172,0.0009551252742544914,Sudbury Airport,Sudbury,Canada,YSB,CYSB,46.625,-80.79889678955078,North America
144,13,13,14,14,1.0,0.0003158902047242212,0.00017330213810039181,0.0001729535678650212,0.003073469911461649,0.005212277890193058,Billy Bishop Toronto City Centre Airport,Toronto,Canada,YTZ,CYTZ,43.627499,-79.396202,North America
24,3,3,3,3,1.0,0.00015757103447422432,2.0953036437031083e-06,2.097233622993726e-06,3.724076006991538e-05,0.000790684347612932,St. Anthony Airport,St. Anthony,Canada,YAY,CYAY,51.391899108900006,-56.083099365200006,North America
188,11,11,15,15,1.0,0.0006119951281219451,1.0723852633709811e-05,1.0340586320492184e-05,0.00019036051358381235,0.005336931218707583,Goose Bay Airport,Goose Bay,Canada,YYR,CYYR,53.3191986084,-60.425800323500006,North America
189,12,13,21,22,1.0833333333333333,0.00043944549487555726,0.0003603403038610682,0.00035930246600478455,0.006411598598445145,0.001961268003493641,St. John's International Airport,St. John's,Canada,YYT,CYYT,47.618598938000005,-52.7518997192,North America
5485,3,3,3,3,1.0,0.00020694009034410068,7.049175247526981e-08,7.244183271841608e-08,1.2836244889247524e-06,0.002271276684651941,Lourdes de Blanc Sablon Airport,Lourdes-De-Blanc-Sablon,Canada,YBX,CYBX,51.4435997009,-57.1852989197,North America
27,4,4,6,6,1.0,0.00017476792071002056,3.2077432572418516e-05,3.0984683671837445e-05,0.0005570644941436196,0.0,Baie Comeau Airport,Baie Comeau,Canada,YBC,CYBC,49.13249969482422,-68.20439910888672,North America
111,18,18,29,28,1.0,0.0006007609300537195,0.00047862496847638267,0.0005419133242782276,0.00890886878255168,0.004624206119681495,Quebec Jean Lesage International Airport,Quebec,Canada,YQB,CYQB,46.7911,-71.393303,North America
146,92,93,186,185,1.0108695652173914,0.0024469785973117108,0.004438525526797047,0.004487991857842528,0.07937403470035355,0.034341048147251745,Montreal / Pierre Elliott Trudeau International Airport,Montreal,Canada,YUL,CYUL,45.4706001282,-73.7407989502,North America
161,9,10,15,16,1.1111111111111112,0.00048483796226031316,2.789096211157597e-05,3.0156551180876047e-05,0.0005422352918499072,0.0006446818982636905,Wabush Airport,Wabush,Canada,YWK,CYWK,52.92190170288086,-66.86440277099611,North America
192,6,6,8,8,1.0,0.00025331932004322717,2.975207101698478e-05,2.9037577707690405e-05,0.0005202176683744301,0.0001944130790172469,Mont Joli Airport,Mont Joli,Canada,YYY,CYYY,48.60860061645508,-68.20809936523439,North America
28,4,4,4,4,1.0,0.00014517351407360867,2.8879405671905955e-05,2.56256566692548e-05,0.0005076413203668794,0.0013938771791501586,CFB Bagotville,Bagotville,Canada,YBG,CYBG,48.33060073852539,-70.99639892578125,North America
71,4,4,4,4,1.0,0.00015745436701759173,3.857434948360164e-06,3.5234215006362684e-06,6.453995041154669e-05,0.0005572491662649321,Montréal / Saint-Hubert Airport,Montreal,Canada,YHU,CYHU,45.5175018311,-73.4169006348,North America
202,10,10,21,21,1.0,0.000676228443299756,6.454230728502934e-05,6.233103535282731e-05,0.0011213519270964697,0.0026287203627349174,Sept-Îles Airport,Sept-iles,Canada,YZV,CYZV,50.22330093383789,-66.26560211181639,North America
29,3,4,6,6,1.3333333333333333,0.0002666979618633139,1.1739900160231252e-07,1.2873378070516715e-07,3.1173773246542566e-06,5.16788053720635e-07,Baker Lake Airport,Baker Lake,Canada,YBK,CYBK,64.29889678960001,-96.077796936,North America
132,10,11,23,25,1.1,0.0008694683435089746,7.457922701476834e-06,1.0141890079004723e-05,0.00018078930596129712,0.0027219562158679474,Rankin Inlet Airport,Rankin Inlet,Canada,YRT,CYRT,62.811401367200006,-92.1157989502,North America
147,3,3,5,3,1.0,0.00021478769473443597,5.869829598731115e-08,8.627721915372421e-08,1.060691101830827e-06,0.0003066975602565181,Repulse Bay Airport,Repulse Bay,Canada,YUT,CYUT,66.5214004517,-86.22470092770003,North America
5487,3,3,6,6,1.0,0.0002468701180134898,1.743829657097318e-07,1.2842122154565973e-07,3.1056342737494667e-06,7.69414356767106e-07,Chesterfield Inlet Airport,Chesterfield Inlet,Canada,YCS,CYCS,63.3469009399,-90.7311019897,North America
5534,3,2,6,5,0.6666666666666666,0.00024757291694084855,1.7469909028976227e-07,8.810729649176125e-08,3.1325740768823244e-06,2.4224440018154765e-07,Whale Cove Airport,Whale Cove,Canada,YXN,CYXN,62.24000167849999,-92.5980987549,North America
30,3,3,6,6,1.0,0.0001802356184090996,3.947612535052119e-05,5.867056432149922e-05,0.0010357889183365148,7.285202520324521e-07,Campbell River Airport,Campbell River,Canada,YBL,CYBL,49.95080184936523,-125.27100372314452,North America
119,4,4,7,7,1.0,0.00017716555754853237,8.173447406613887e-05,6.230831791165467e-05,0.001115910880615012,0.00010150829993088265,Comox Airport,Comox,Canada,YQQ,CYQQ,49.71080017089844,-124.88700103759766,North America
156,75,75,157,158,1.0,0.002422088453679217,0.003406220507510238,0.0033891450160108546,0.06046801177830005,0.028770441226450467,Vancouver International Airport,Vancouver,Canada,YVR,CYVR,49.193901061999995,-123.183998108,North America
7275,2,2,2,2,1.0,0.00011981594385313297,4.416058063938419e-07,3.3162381096268154e-07,7.76589907977661e-06,0.00010430074490295072,Denny Island Airport,Bella Bella,Canada,,CYJQ,52.137937,-128.05974799999998,North America
31,1,1,1,1,1.0,5.936341954024951e-05,1.5598387583350406e-05,1.581257606053089e-05,0.0002828238428995934,0.0,Brandon Municipal Airport,Brandon,Canada,YBR,CYBR,49.91,-99.951897,North America
178,60,59,113,115,0.9833333333333333,0.001665659953796986,0.002798255182334354,0.0027523292820959147,0.05014762521382812,0.020313337803627658,Calgary International Airport,Calgary,Canada,YYC,CYYC,51.113899231000005,-114.019996643,North America
32,4,4,6,6,1.0,0.00031476459380993757,6.795196745355529e-07,8.441533627419188e-07,1.4106927838708937e-05,1.4857656544468257e-06,Cambridge Bay Airport,Cambridge Bay,Canada,YCB,CYCB,69.1081008911,-105.138000488,North America
37,3,3,5,5,1.0,0.0002764168492436673,6.724182090559987e-07,8.403801659600595e-07,1.3989470149835575e-05,0.0020403357597823728,Kugluktuk Airport,Coppermine,Canada,YCO,CYCO,67.816704,-115.143997,North America
69,3,3,5,4,1.0,0.00026021630100575013,3.410044343548348e-07,8.404204144775575e-07,1.399013499407056e-05,0.00010192836878305587,Gjoa Haven Airport,Gjoa Haven,Canada,YHK,CYHK,68.635597229,-95.8497009277,North America
183,3,3,4,4,1.0,0.00023632084605919245,3.457240819154501e-07,4.2403044747483095e-07,7.15230434310508e-06,0.0002549622311910789,Taloyoak Airport,Spence Bay,Canada,YYH,CYYH,69.5466995239,-93.5766983032,North America
196,18,18,28,30,1.0,0.0011809899542338399,7.367655459841888e-05,5.847788249007573e-05,0.00122613479199415,0.013088956921193315,Yellowknife Airport,Yellowknife,Canada,YZF,CYZF,62.46279907226562,-114.44000244140624,North America
33,2,2,2,2,1.0,7.239280596998683e-05,3.480582685299349e-05,3.50606850943231e-05,0.000623876389413605,6.549595702907853e-05,Nanaimo Airport,Nanaimo,Canada,YCD,CYCD,49.0549702249,-123.869862556,North America
34,2,2,2,2,1.0,7.239280596998683e-05,3.480582685299349e-05,3.50606850943231e-05,0.000623876389413605,6.549595702907853e-05,Castlegar/West Kootenay Regional Airport,Castlegar,Canada,YCG,CYCG,49.2963981628,-117.632003784,North America
36,2,2,2,2,1.0,8.827157733159178e-05,5.4344151825431576e-06,5.047279632444325e-06,9.614920018361788e-05,4.9993118459614385e-06,Charlo Airport,Charlo,Canada,YCL,CYCL,47.990799,-66.330299,North America
73,33,28,52,43,0.8484848484848485,0.000776649868274083,0.0008652953431503008,0.0009287438452899395,0.016506440234518686,0.008657271234257845,Halifax / Stanfield International Airport,Halifax,Canada,YHZ,CYHZ,44.880798339799995,-63.508598327600005,North America
68,3,3,3,3,1.0,0.0002549471664180934,4.805954532980351e-09,3.853710371009447e-09,7.978591012283463e-08,0.0014297183750583147,Ulukhaktok Holman Airport,Holman Island,Canada,YHI,CYHI,70.76280212402344,-117.80599975585938,North America
40,2,2,4,4,1.0,0.00024140639882889233,1.875683289356938e-07,1.217656145180957e-07,3.3272800928418725e-06,0.0,Clyde River Airport,Clyde River,Canada,YCY,CYCY,70.4860992432,-68.5167007446,North America
55,10,10,18,18,1.0,0.0008513440863165638,1.077197692545452e-05,1.6544990896236564e-05,0.00029493514930250164,0.007399011761930294,Iqaluit Airport,Iqaluit,Canada,YFB,CYFB,63.756402,-68.555801,North America
75,2,2,3,3,1.0,0.0001964959551545669,2.0822964912917464e-09,3.187605064094238e-09,5.65044271810675e-08,1.9379552014523812e-07,Pond Inlet Airport,Pond Inlet,Canada,YIO,CYIO,72.6832962036,-77.9666976929,North America
41,4,4,5,6,1.0,0.00024834383744722646,1.1735453529220368e-07,8.66671097396911e-08,2.0874388370301813e-06,0.0004635792400765198,Coral Harbour Airport,Coral Harbour,Canada,YZS,CYZS,64.1932983398,-83.3593978882,North America
140,2,2,3,3,1.0,0.00016402707934198176,1.8802337048108256e-07,1.2240523615924082e-07,3.3384146126130606e-06,0.0006066960558760926,Cape Dorset Airport,Cape Dorset,Canada,YTE,CYTE,64.2300033569,-76.5267028809,North America
45,5,4,8,7,0.8,0.00024048489305996434,8.902364782204734e-05,8.740982337414734e-05,0.0015799883831609236,0.0003065845128697668,Deer Lake Airport,Deer Lake,Canada,YDF,CYDF,49.21080017089844,-57.39139938354492,North America
48,2,2,2,2,1.0,9.728879169030028e-05,1.9212372470011263e-05,1.9253052726464616e-05,0.00034114011170047567,0.0003293561459206638,Dawson Creek Airport,Dawson Creek,Canada,YDQ,CYDQ,55.7422981262207,-120.18299865722656,North America
180,3,3,3,3,1.0,0.000131218393615248,8.748551524744056e-07,8.704612419227623e-07,1.5525887333706456e-05,2.0515129686627806e-06,Fort Nelson Airport,Fort Nelson,Canada,YYE,CYYE,58.8363990784,-122.597000122,North America
70,4,4,4,4,1.0,0.00010411429523767511,2.989991016860047e-05,2.9226430252008606e-05,0.0005364111737462794,2.6052070764919854e-05,John C. Munro Hamilton International Airport,Hamilton,Canada,YHM,CYHM,43.173599243199995,-79.93499755859999,North America
72,3,3,3,3,1.0,0.00013374576743517528,8.224380240801076e-06,7.793154543240851e-06,0.00014704281371272882,6.21241962407058e-05,Hay River / Merlyn Carter Airport,Hay River,Canada,YHY,CYHY,60.8396987915,-115.782997131,North America
87,11,11,15,15,1.0,0.00027143806660124984,0.0002895728481443878,0.0002868440277759159,0.005156090795591128,0.0013965597916126794,Kelowna International Airport,Kelowna,Canada,YLW,CYLW,49.9561004639,-119.377998352,North America
90,7,7,13,12,1.0,0.00025849250683356695,0.00022839528122225522,0.0002313946500403107,0.00405492921718646,0.0005923328242566306,Fort McMurray Airport,Fort Mcmurray,Canada,YMM,CYMM,56.653301238999994,-111.222000122,North America
99,2,2,2,2,1.0,0.00010821308096003646,7.89055253492203e-06,7.374888920730143e-06,0.00014008788769893704,0.0,High Level Airport,High Level,Canada,YOJ,CYOJ,58.62139892578125,-117.16500091552734,North America
100,26,26,44,45,1.0,0.0006888474802335179,0.0009617265918334798,0.0009218830298010663,0.017088110371596566,0.005289174492497916,Ottawa Macdonald-Cartier International Airport,Ottawa,Canada,YOW,CYOW,45.3224983215332,-75.66919708251953,North America
120,9,9,17,16,1.0,0.00026034919544019874,0.000433038298093155,0.0004706672403671036,0.007694865943904744,5.671090217983881e-07,Regina International Airport,Regina,Canada,YQR,CYQR,50.43190002441406,-104.66600036621094,North America
122,2,2,4,4,1.0,0.00010193387788312095,4.689428822121587e-05,4.628575299045336e-05,0.0008442433794849199,0.0,Grande Prairie Airport,Grande Prairie,Canada,YQU,CYQU,55.1796989441,-118.885002136,North America
136,4,4,4,4,1.0,0.0001777798231761209,8.231915150152237e-06,7.800772294667558e-06,0.00014717571271245046,0.00016694092068657632,Fort Smith Airport,Fort Smith,Canada,YSM,CYSM,60.020301818847656,-111.96199798583984,North America
160,23,23,40,41,1.0,0.0009804787862857695,0.0005334898391711242,0.0005450131424853381,0.009467919250132191,0.01286076401056799,Winnipeg / James Armstrong Richardson International Airport,Winnipeg,Canada,YWG,CYWG,49.909999847399995,-97.2398986816,North America
166,9,9,15,15,1.0,0.00024112079557454176,0.0003692127481299225,0.0003668194272450781,0.0065690311150729715,1.3360394580425277e-05,Saskatoon John G. Diefenbaker International Airport,Saskatoon,Canada,YXE,CYXE,52.170799255371094,-106.6999969482422,North America
168,5,5,6,6,1.0,0.00015814019606715727,6.228101629009472e-05,6.205399095753657e-05,0.0011116464534727916,0.0003477814328173701,Fort St John Airport,Fort Saint John,Canada,YXJ,CYXJ,56.23809814453125,-120.73999786376952,North America
175,2,2,2,2,1.0,7.449545729338177e-05,2.3447144110607936e-05,2.314287649522668e-05,0.00042212168974245994,1.9607184342587655e-06,Abbotsford Airport,Abbotsford,Canada,YXX,CYXX,49.02529907226562,-122.36100006103516,North America
176,4,4,5,5,1.0,0.00013738956930537416,5.597032301709727e-05,4.787919362857851e-05,0.0011402215153625643,9.077719321395359e-05,Whitehorse / Erik Nielsen International Airport,Whitehorse,Canada,YXY,CYXY,60.7095985413,-135.067001343,North America
184,8,8,13,13,1.0,0.00020013274377614115,0.00031987457772734485,0.00031964649586144656,0.005702782850945644,3.979733178836445e-05,Victoria International Airport,Victoria,Canada,YYJ,CYYJ,48.646900177,-123.426002502,North America
1836,21,21,45,47,1.0,0.000523010498847089,0.0017014442612401958,0.001526673074940789,0.027125233977872105,0.000847851633503298,Licenciado Gustavo Díaz Ordaz International Airport,Puerto Vallarta,Mexico,PVR,MMPR,20.680099487304688,-105.25399780273438,North America
1852,78,78,154,157,1.0,0.0016566402152650359,0.004302003964120695,0.004129027885487928,0.07636693128074191,0.010685683815341716,Cancún International Airport,Cancun,Mexico,CUN,MMUN,21.036500930800003,-86.8770980835,North America
3462,90,90,256,250,1.0,0.0028002961835185917,0.005341827206331956,0.005493460272059904,0.0973971348974904,0.0022470908248613613,Phoenix Sky Harbor International Airport,Phoenix,United States,PHX,KPHX,33.43429946899414,-112.01200103759766,North America
3469,104,104,250,249,1.0,0.0027378524638515607,0.007212804468237205,0.007084811783920251,0.12747512058174978,0.009260470946750638,San Francisco International Airport,San Francisco,United States,SFO,KSFO,37.61899948120117,-122.375,North America
3484,147,148,497,489,1.0068027210884354,0.005877577171670515,0.01041818917111919,0.010584119250548677,0.189039586396002,0.014191459353998816,Los Angeles International Airport,Los Angeles,United States,LAX,KLAX,33.94250107,-118.4079971,North America
3550,168,169,242,243,1.005952380952381,0.0028148565186000645,0.005103962801168563,0.005091540669634873,0.0908334466500752,0.04574915712536805,George Bush Intercontinental Houston Airport,Houston,United States,IAH,KIAH,29.98439979553223,-95.34140014648438,North America
3670,185,187,467,469,1.0108108108108107,0.005627592943459625,0.007960436996633572,0.008168201921999449,0.14379654395291191,0.00780223710494001,Dallas Fort Worth International Airport,Dallas-Fort Worth,United States,DFW,KDFW,32.896801,-97.038002,North America
3830,203,206,550,558,1.0147783251231528,0.006130487961909493,0.011447082117864944,0.01126199289323906,0.19962197380618243,0.020332538422238085,Chicago O'Hare International Airport,Chicago,United States,ORD,KORD,41.9786,-87.9048,North America
3839,17,17,25,26,1.0,0.0003114237350231918,0.0008522908486917061,0.0008107235369940809,0.015175425202234282,0.0009195183552111873,Palm Springs International Airport,Palm Springs,United States,PSP,KPSP,33.829700469970696,-116.50700378417967,North America
3858,130,130,212,218,1.0,0.002641370865228318,0.005140919903968206,0.00495731690961837,0.09262734475522935,0.028826886751446092,Minneapolis-St Paul International/Wold-Chamberlain Airport,Minneapolis,United States,MSP,KMSP,44.882,-93.221802,North America
3877,133,133,252,246,1.0,0.0028300650780036787,0.005518383162828987,0.005553691559361231,0.09918244708382559,0.029845558949660237,McCarran International Airport,Las Vegas,United States,LAS,KLAS,36.08010101,-115.1520004,North America
7266,2,2,2,2,1.0,0.00010821308096003646,7.89055253492203e-06,7.3748889207301415e-06,0.00014008788769893704,0.0,Rainbow Lake Airport,Rainbow Lake,Canada,YOP,CYOP,58.49140167236328,-119.40799713134766,North America
50,3,3,7,7,1.0,0.00028321617819389376,1.8618889994408657e-07,1.9995736375128653e-07,3.3273065676433835e-06,9.689776007261906e-08,Arviat Airport,Eskimo Point,Canada,YEK,CYEK,61.0942001343,-94.0708007812,North America
187,4,4,8,8,1.0,0.00029697784790606684,6.331034658070225e-06,6.152427629228291e-06,0.00010951024936078965,0.00039747731799991213,Churchill Airport,Churchill,Canada,YYQ,CYYQ,58.73920059204102,-94.06500244140624,North America
54,7,7,8,8,1.0,0.0007141997297842011,9.48480424313764e-09,7.547843756498587e-09,1.569368801631033e-07,0.0018414692568600708,Inuvik Mike Zubko Airport,Inuvik,Canada,YEV,CYEV,68.30419921880001,-133.483001709,North America
139,2,2,2,2,1.0,0.00019669265346352653,6.461649101737863e-11,8.075521901886696e-11,1.3349492221966706e-09,0.0,Sachs Harbour (David Nasogaluak Jr. Saaryuaq) Airport,Sachs Harbour,Canada,YSY,CYSY,71.9938964844,-125.242996216,North America
145,1,1,1,1,1.0,0.00012430160576655598,4.2776201633396556e-11,5.359739507281225e-11,8.85013284615267e-10,0.0,Tuktoyaktuk Airport,Tuktoyaktuk,Canada,YUB,CYUB,69.43329620361328,-133.0260009765625,North America
155,4,4,6,6,1.0,0.00042135493007887685,6.629670938826616e-07,8.328473692389246e-07,1.3832783511699359e-05,0.002244386292868849,Norman Wells Airport,Norman Wells,Canada,YVQ,CYVQ,65.28160095214844,-126.7979965209961,North America
206,1,1,1,1,1.0,0.00012430160576655598,4.2776201633396556e-11,5.359739507281225e-11,8.85013284615267e-10,0.0,Fort Mcpherson Airport,Fort Mcpherson,Canada,ZFM,CZFM,67.40750122070311,-134.86099243164062,North America
4239,2,2,2,2,1.0,0.00018365558050130871,4.762805940687624e-09,3.799938209098227e-09,7.889478010307324e-08,0.0008168158181587487,Fort Good Hope Airport,Fort Good Hope,Canada,YGH,CYGH,66.24079895019531,-128.6510009765625,North America
4244,1,1,1,1,1.0,0.00012430160576655598,4.2776201633396556e-11,5.359739507281225e-11,8.85013284615267e-10,0.0,Paulatuk (Nora Aliqatchialuk Ruben) Airport,Paulatuk,Canada,YPC,CYPC,69.3608381154,-124.075469971,North America
148,2,2,4,4,1.0,0.00022377427792823985,1.88936442570081e-07,1.2387759415536864e-07,3.364595367147372e-06,0.0,Hall Beach Airport,Hall Beach,Canada,YUX,CYUX,68.77610015869999,-81.2425,North America
154,9,10,9,10,1.1111111111111112,0.0005709209974452932,2.570093697032188e-05,2.5170177626579953e-05,0.0004523834888075302,0.012342336135116545,Kuujjuaq Airport,Quujjuaq,Canada,YVP,CYVP,58.09609985351562,-68.42690277099611,North America
170,2,2,4,4,1.0,0.000265773635750985,1.87556224704326e-07,1.2175767830057189e-07,3.327066040878646e-06,0.0006134597190197513,Pangnirtung Airport,Pangnirtung,Canada,YXP,CYXP,66.1449966431,-65.71360015869999,North America
5495,3,3,5,5,1.0,0.00028030553906324853,1.8895437673841145e-07,1.2388915825468832e-07,3.364910457347502e-06,0.000613265923499606,Igloolik Airport,Igloolik,Canada,YGT,CYGT,69.3647003174,-81.8161010742,North America
5509,1,1,1,1,1.0,8.785692827650035e-05,9.376609922413648e-08,6.087104047242294e-08,1.6633214026089472e-06,0.0,Kimmirut Airport,Kimmirut,Canada,YLC,CYLC,62.8499984741,-69.88330078119999,North America
8225,2,2,2,2,1.0,0.00020759537749953736,9.376910231376816e-08,6.087299001700562e-08,1.6633743037019117e-06,0.001226531846999212,Old Arctic Bay Airport,Arctic Bay,Canada,YAB,CJX7,73.0058922479,-85.0325489044,North America
56,4,4,4,4,1.0,9.65492399099258e-05,7.570828847215837e-05,7.456763475342652e-05,0.0013432035867511339,0.00012275500770976607,Fredericton Airport,Fredericton,Canada,YFC,CYFC,45.86890029907226,-66.53720092773439,North America
58,3,3,5,4,1.0,0.00020123961819061337,3.1758621375113425e-06,6.1185053963636e-06,5.493191646138827e-05,0.0,Flin Flon Airport,Flin Flon,Canada,YFO,CYFO,54.6781005859375,-101.68199920654295,North America
141,6,5,7,6,0.8333333333333334,0.0002854177395398457,3.2448535260598626e-06,3.199283142097581e-06,5.6871099247361995e-05,0.0013143019962575334,Thompson Airport,Thompson,Canada,YTH,CYTH,55.80110168457031,-97.86419677734376,North America
5524,3,3,5,5,1.0,0.00021401518903804636,6.2650329947175176e-06,6.083592390965133e-06,0.00010773244152092796,0.0,The Pas Airport,The Pas,Canada,YQD,CYQD,53.97140121459961,-101.09100341796876,North America
60,1,1,2,2,1.0,0.00011455857929765773,6.628281594556924e-07,8.326732535475764e-07,1.382990871880836e-05,0.0,Fort Simpson Airport,Fort Simpson,Canada,YFS,CYFS,61.76020050048828,-121.23699951171876,North America
61,1,1,1,1,1.0,5.695380348587743e-05,3.97851769525618e-05,3.91618410196235e-05,0.0007060879846167736,0.0,Kingston Norman Rogers Airport,Kingston,Canada,YGK,CYGK,44.22529983520508,-76.5969009399414,North America
62,3,3,3,3,1.0,0.00016837315291385102,2.55821887151723e-05,2.5229451565204542e-05,0.00045026517219624586,0.001102989713159317,La Grande Rivière Airport,La Grande Riviere,Canada,YGL,CYGL,53.62530136108398,-77.7042007446289,North America
5496,7,7,7,7,1.0,0.00034976074709365453,2.588939482953144e-05,2.568453689074198e-05,0.00045826903788847613,0.0025354866094685975,Kuujjuarapik Airport,Kuujjuarapik,Canada,YGW,CYGW,55.28189849853515,-77.76529693603516,North America
6727,4,4,4,4,1.0,0.00031489966043381657,2.873077593666994e-07,2.906242699061457e-07,5.120012976792459e-06,0.0016351814592688266,Puvirnituq Airport,Puvirnituq,Canada,YPX,CYPX,60.05059814453125,-77.28690338134766,North America
63,2,2,2,2,1.0,0.00011040512644733234,3.0866447303989187e-06,2.722187224716072e-06,5.053032629476536e-05,0.0,Gaspé (Michel-Pouliot) Airport,Gaspe,Canada,YGP,CYGP,48.775299072299994,-64.4785995483,North America
65,3,3,3,3,1.0,0.00015868630643329696,3.103908569750737e-06,2.723910147975749e-06,5.0861468067673284e-05,4.028028427338655e-05,Îles-de-la-Madeleine Airport,Iles De La Madeleine,Canada,YGR,CYGR,47.42470169067383,-61.778099060058594,North America
6775,4,3,4,3,0.75,0.00016327935067873738,3.2215906462720944e-07,3.0479205071769965e-06,5.904866393801926e-05,7.433632332572533e-06,Bonaventure Airport,Bonaventure,Canada,YVB,CYVB,48.07109832763672,-65.46029663085939,North America
67,3,4,3,4,1.3333333333333333,0.00022348783545511134,5.267211123203309e-07,4.071066092031327e-08,9.444887849050921e-06,0.0019220123990305697,Dryden Regional Airport,Dryden,Canada,YHD,CYHD,49.831699,-92.744202,North America
115,3,3,3,3,1.0,0.00019886134356932747,3.0920291814409053e-06,3.0205036128750283e-06,5.3500891255854355e-05,0.0008722547935983811,Kenora Airport,Kenora,Canada,YQK,CYQK,49.78829956054688,-94.36309814453124,North America
169,14,16,16,18,1.1428571428571428,0.001069054400249549,1.0109466722238927e-06,1.0590609214531694e-06,1.8197574524596512e-05,0.0073554997411975406,Sioux Lookout Airport,Sioux Lookout,Canada,YXL,CYXL,50.11389923095703,-91.9052963256836,North America
5527,8,6,9,7,0.75,0.0005672923211870245,3.1013416124096654e-06,3.0296037783608772e-06,5.366614561233568e-05,0.005103979524761855,Red Lake Airport,Red Lake,Canada,YRL,CYRL,51.06689834594727,-93.79309844970705,North America
117,7,7,10,10,1.0,0.00016772414446730738,0.00021127407613717015,0.00020984415792678457,0.003758795294665198,0.00014469269088439765,Greater Moncton International Airport,Moncton,Canada,YQM,CYQM,46.11220169067383,-64.67859649658203,North America
153,5,5,7,7,1.0,0.00027684536651458524,5.147174061009806e-05,5.077284536856243e-05,0.0009059975955541406,3.154847249160966e-05,Val-d'Or Airport,Val D'or,Canada,YVO,CYVO,48.0532989502,-77.7827987671,North America
125,3,3,3,3,1.0,0.00011430995364412853,7.35840082576292e-06,6.986506716656449e-06,0.00013032470960479614,1.1096320774897042e-05,Gander International Airport,Gander,Canada,YQX,CYQX,48.9369010925293,-54.56809997558594,North America
126,2,2,2,2,1.0,7.231087604580127e-05,4.5048684687163906e-05,4.4051512453010435e-05,0.0007991791730865534,3.538751731554384e-05,Sydney / J.A. Douglas McCurdy Airport,Sydney,Canada,YQY,CYQY,46.1614,-60.047798,North America
135,3,3,3,3,1.0,8.355837468577058e-05,7.048366331597065e-05,6.913304287674294e-05,0.0012468309906309909,0.00010433983106145856,Saint John Airport,St. John,Canada,YSJ,CYSJ,45.31610107421875,-65.89029693603516,North America
182,3,3,4,4,1.0,9.345514146800542e-05,0.00011026884026853246,0.00010829488389636637,0.0019529189752477646,1.6080734915288986e-05,Charlottetown Airport,Charlottetown,Canada,YYG,CYYG,46.290000915527344,-63.12110137939453,North America
1441,3,3,3,3,1.0,9.066480412088357e-05,3.27347758295182e-05,3.2007438044029584e-05,0.0005769029706109749,1.6711412191597992e-05,St Pierre Airport,St.-pierre,Saint Pierre and Miquelon,FSP,LFVP,46.762901306152344,-56.17309951782226,
1760,43,46,70,73,1.069767441860465,0.0007572715563417024,0.0019742032133800366,0.0020346147051884724,0.0361481781927274,0.01352387439319778,Punta Cana International Airport,Punta Cana,Dominican Republic,PUJ,MDPC,18.567399978599997,-68.36340332030001,North America
1780,27,26,44,45,0.9629629629629629,0.00046615549147699083,0.0016280240273564054,0.0015290738993920011,0.028194697332373484,0.0014553102810010057,Sangster International Airport,Montego Bay,Jamaica,MBJ,MKJS,18.503700256347656,-77.91339874267578,North America
3520,89,91,192,196,1.0224719101123596,0.0019573066144720703,0.0037475516199508285,0.003720335715086868,0.06677779187922743,0.0015327716995726746,Ronald Reagan Washington National Airport,Washington,United States,DCA,KDCA,38.8521,-77.037697,North America
3697,69,70,158,158,1.0144927536231885,0.0015804811765961584,0.0033857353636804655,0.0034583928726402862,0.06168902966507071,0.0003769193781034824,La Guardia Airport,New York,United States,LGA,KLGA,40.77719879,-73.87259674,North America
3752,121,122,287,289,1.0082644628099173,0.0030164088213157744,0.005965165962144902,0.005928220136553998,0.10649323766436129,0.0018551697304392744,Philadelphia International Airport,Philadelphia,United States,PHL,KPHL,39.87189865112305,-75.24109649658203,North America
3878,102,102,238,237,1.0,0.0024765976193157845,0.005132936796656393,0.00510538196363413,0.09169559481283396,0.0036288719064601527,Orlando International Airport,Orlando,United States,MCO,KMCO,28.429399490356445,-81.30899810791016,North America
77,1,1,1,1,1.0,6.40602329209904e-05,4.953812439708794e-07,2.0362361869101037e-06,4.507071697998608e-05,9.939361647869205e-07,Stephenville Airport,Stephenville,Canada,YJT,CYJT,48.5442008972168,-58.54999923706055,North America
78,3,3,5,5,1.0,0.00011811217259371159,7.00257141458194e-05,7.053132289069925e-05,0.0012550848843430548,0.0,Kamloops Airport,Kamloops,Canada,YKA,CYKA,50.7022018433,-120.444000244,North America
172,8,8,10,10,1.0,0.00023973442255890664,7.254683036088795e-05,7.306079984348978e-05,0.001300024203905975,0.0006951202915110905,Prince George Airport,Prince George,Canada,YXS,CYXS,53.8894004822,-122.679000854,North America
79,2,2,3,3,1.0,7.802668570709392e-05,0.0001432494875098154,0.00014518452026533531,0.0025344935005631405,7.944138159683014e-07,Waterloo Airport,Waterloo,Canada,YKF,CYKF,43.4608001709,-80.3786010742,North America
80,4,4,5,5,1.0,0.00019316057597545234,3.908921479605762e-06,3.5298166743964807e-06,6.523482564886528e-05,0.0005051037182537606,Schefferville Airport,Schefferville,Canada,YKL,CYKL,54.80530166625977,-66.8052978515625,North America
85,1,1,1,1,1.0,5.936341954024951e-05,1.5598387583350406e-05,1.581257606053089e-05,0.0002828238428995934,0.0,Lloydminster Airport,Lloydminster,Canada,YLL,CYLL,53.30920028686523,-110.072998046875,North America
112,3,3,3,3,1.0,9.30784588961833e-05,1.8535422701148804e-05,1.873954658639563e-05,0.00033477211279668687,1.2159074534035372e-05,Red Deer Regional Airport,Red Deer Industrial,Canada,YQF,CYQF,52.18220138549805,-113.8939971923828,North America
164,3,3,4,4,1.0,0.00010081314309184126,5.563890893736942e-05,5.5945132627639815e-05,0.0009940087141602938,1.1044456904821982e-06,Cranbrook/Canadian Rockies International Airport,Cranbrook,Canada,YXC,CYXC,49.610801696777,-115.78199768066,North America
109,2,2,2,2,1.0,0.00010318704704885213,1.355601936881242e-06,1.337149508111507e-06,2.369850417487434e-05,1.0378980928958394e-05,Fort Chipewyan Airport,Fort Chipewyan,Canada,YPY,CYPY,58.7672004699707,-111.11699676513672,North America
91,3,3,3,3,1.0,0.0002539593698966708,2.342558470305058e-07,2.341456017281967e-07,4.1970816791635165e-06,0.002619522713510031,Moosonee Airport,Moosonee,Canada,YMO,CYMO,51.29109954833984,-80.60780334472656,North America
143,6,5,6,5,0.8333333333333334,0.00025430862791581637,4.099942039311459e-05,4.089380054812254e-05,0.0007364541632195118,0.004752134556649066,Timmins/Victor M. Power,Timmins,Canada,YTS,CYTS,48.5696983337,-81.376701355,North America
5490,2,2,2,2,1.0,0.00024211108465933858,1.327025383239405e-09,1.3237917177545697e-09,2.3670809196845652e-08,0.0018392163839383825,Fort Albany Airport,Fort Albany,Canada,YFA,CYFA,52.20140075683594,-81.6968994140625,North America
5507,6,6,6,6,1.0,0.00040237456639220543,4.345722250951916e-07,4.3922665246628007e-07,7.716487689831002e-06,0.0007359684257728643,Waskaganish Airport,Waskaganish,Canada,YKQ,CYKQ,51.47330093383789,-78.75830078125,North America
94,3,3,4,4,1.0,0.0002704180320822338,7.065476885959702e-07,7.294871051273416e-07,1.2648854563642592e-05,0.0007995183821221311,Natashquan Airport,Natashquan,Canada,YNA,CYNA,50.18999862670898,-61.78919982910156,North America
5503,3,3,3,3,1.0,0.0002801395139491773,4.13677456637787e-09,3.995185124989912e-09,7.13785389762036e-08,0.00035480644100263306,Chevery Airport,Chevery,Canada,YHR,CYHR,50.46889877319336,-59.63669967651367,North America
8217,1,1,1,1,1.0,0.00010506047861546573,4.134251914134168e-09,3.992609086136049e-09,7.133317411690298e-08,0.0,Kegaska Airport,Kegaska,Canada,ZKG,CTK6,50.1958007812,-61.2658004761,North America
174,5,5,6,6,1.0,0.00012129513256982176,0.0001913480647479827,0.0001927956348506713,0.0033903501482327745,0.0009749667539212847,London Airport,London,Canada,YXU,CYXU,43.035599,-81.1539,North America
3645,134,135,217,216,1.007462686567164,0.0023912321855310927,0.005084669521522325,0.0050897963766782135,0.0910759626795021,0.020686675848152505,Detroit Metropolitan Wayne County Airport,Detroit,United States,DTW,KDTW,42.212398529052734,-83.35340118408203,North America
3876,139,141,299,301,1.014388489208633,0.0032866910118627118,0.004973350304550297,0.0049818458260474305,0.08904496507173727,0.0059737113662258045,Charlotte Douglas International Airport,Charlotte,United States,CLT,KCLT,35.2140007019043,-80.94309997558594,North America
105,1,1,1,1,1.0,0.00012231853850264162,4.864310338555359e-07,8.804138134268864e-14,8.7874483830546e-06,0.00030629381958954875,Pickle Lake Airport,Pickle Lake,Canada,YPL,CYPL,51.4463996887207,-90.21420288085938,North America
106,2,2,2,2,1.0,0.00011775609309470683,3.573966423259209e-07,3.6872434513646163e-07,6.395556916499629e-06,0.0003067298595098757,Port Menier Airport,Port Menier,Canada,YPN,CYPN,49.83639907836914,-64.28859710693361,North America
7255,2,2,3,3,1.0,0.00015212126357067225,7.085921055098248e-07,7.314599685709961e-07,1.2684117476756988e-05,0.0,Havre St Pierre Airport,Havre-Saint-Pierre,Canada,YGV,CYGV,50.28189849853515,-63.61140060424805,North America
108,1,1,2,2,1.0,7.311580956311723e-05,3.841487853928616e-05,3.849621806758442e-05,0.0006821050930280231,0.0,Prince Rupert Airport,Prince Pupert,Canada,YPR,CYPR,54.2860984802,-130.445007324,North America
113,3,3,3,3,1.0,8.845494456381428e-05,5.63637513191693e-05,5.595372492079204e-05,0.0010062451014439292,7.487128531453951e-05,Windsor Airport,Windsor,Canada,YQG,CYQG,42.27560043334961,-82.95559692382812,North America
5479,3,2,3,2,0.6666666666666666,0.00019638668914995696,5.035492567211723e-07,5.334655236965739e-07,9.142235333329243e-06,0.0012237653334866978,Fort Frances Municipal Airport,Fort Frances,Canada,YAG,CYAG,48.65420150756836,-93.439697265625,North America
116,1,1,1,1,1.0,5.936341954024951e-05,1.5598387583350406e-05,1.581257606053089e-05,0.0002828238428995934,0.0,Lethbridge County Airport,Lethbridge,Canada,YQL,CYQL,49.6302986145,-112.800003052,North America
5491,3,3,3,3,1.0,0.0002852647602053491,4.864621926517462e-07,5.103291708014453e-07,8.738722622676725e-06,0.0010730942439242197,Fort Hope Airport,Fort Hope,Canada,YFH,CYFH,51.5619010925293,-87.90779876708984,North America
5533,2,2,2,2,1.0,0.00017589158578141652,1.5580146545886655e-11,5.103128273031837e-07,8.788002688275373e-06,0.00046021591146490424,Webequie Airport,Webequie,Canada,YWP,CYWP,52.9593933975,-87.37486839290001,North America
127,2,2,4,4,1.0,0.00011971234848188062,3.907439757580999e-05,3.9152466007639284e-05,0.0006937349871821599,0.0,Quesnel Airport,Quesnel,Canada,YQZ,CYQZ,53.026100158691406,-122.51000213623048,North America
162,2,2,5,5,1.0,0.00013703246291221554,5.806609853211804e-05,5.818593577780297e-05,0.0010309832411989222,0.0,Williams Lake Airport,Williams Lake,Canada,YWL,CYWL,52.1831016541,-122.054000854,North America
128,2,2,2,2,1.0,0.0002719179224194961,3.449990186753963e-10,5.298939705047763e-10,9.380836332667563e-09,0.0006134597190197513,Resolute Bay Airport,Resolute,Canada,YRB,CYRB,74.71690368649999,-94.9693984985,North America
5498,1,1,1,1,1.0,0.00016679548592667964,3.003089631673623e-12,1.949544580328579e-12,5.290109296429818e-11,0.0,Grise Fiord Airport,Grise Fiord,Canada,YGZ,CYGZ,76.4261016846,-82.90920257570002,North America
177,2,2,2,2,1.0,8.33073033510661e-05,4.0016593603940725e-05,3.9398830418317014e-05,0.0007102866295826057,0.0,North Bay Jack Garland Airport,North Bay,Canada,YYB,CYYB,46.363602,-79.422798,North America
5497,2,2,2,2,1.0,0.00010797140563376624,3.106906556774191e-06,3.033017934239926e-06,5.371679331968978e-05,0.0,Gillam Airport,Gillam,Canada,YGX,CYGX,56.35749816894531,-94.71060180664062,North America
190,1,2,1,2,2.0,9.068545362467023e-05,7.181901314516256e-07,2.3168239176206025e-07,1.2891318195489935e-05,6.220990002630512e-06,Kapuskasing Airport,Kapuskasing,Canada,YYU,CYYU,49.41389846801758,-82.46749877929688,North America
3515,23,23,34,34,1.0,0.00044102011477213253,0.0010084322642240312,0.0010062230028999354,0.017943578829807644,0.0020141171904244108,Myrtle Beach International Airport,Myrtle Beach,United States,MYR,KMYR,33.6796989441,-78.9282989502,North America
3747,75,74,132,139,0.9866666666666667,0.0013895906230650633,0.0025647006337262347,0.00247276697264166,0.04472526721194335,0.0015420403153877454,Chicago Midway International Airport,Chicago,United States,MDW,KMDW,41.785999,-87.752403,North America
149,3,3,5,5,1.0,0.00017971253647157813,5.159101429674294e-05,5.0891078672463365e-05,0.000908107150092741,0.0,Rouyn Noranda Airport,Rouyn,Canada,YUY,CYUY,48.20610046386719,-78.83560180664062,North America
210,62,62,85,85,1.0,0.0012680220788830196,0.0012231838629757307,0.001230798702570613,0.021860633812166626,0.01133243753322617,Houari Boumediene Airport,Algier,Algeria,ALG,DAAG,36.69100189208984,3.215409994125366,Africa
287,59,59,85,84,1.0,0.0009935085947168994,0.0011184278128052436,0.001146399448853083,0.0203365896991408,0.0043951682233234635,Tunis Carthage International Airport,Tunis,Tunisia,TUN,DTTA,36.85100173950195,10.22719955444336,Africa
1074,87,86,125,124,0.9885057471264368,0.0014661572110017341,0.0017262366600180683,0.0017329043061114586,0.03118613073045012,0.013812920416682375,Mohammed V International Airport,Casablanca,Morocco,CMN,GMMN,33.36750030517578,-7.589970111846924,Africa
1218,163,163,392,391,1.0,0.0036114979404790713,0.005328754059824817,0.005353311209821672,0.09532805966931127,0.011823236469592656,Barcelona International Airport,Barcelona,Spain,BCN,LEBL,41.2971,2.07846,Europe
1230,115,115,204,206,1.0,0.0017911735367421272,0.0025656237886749473,0.0025457665733659685,0.045670951667756046,0.0027208954560501014,Málaga Airport,Malaga,Spain,AGP,LEMG,36.67490005493164,-4.499110221862793,Europe
1264,49,49,67,67,1.0,0.0006051509829112099,0.0009799964397465904,0.0009787293676009824,0.017403568074858346,0.0010373927089203812,Bordeaux-Mérignac Airport,Bordeaux,France,BOD,LFBD,44.8283004761,-0.7155560255050001,Europe
1273,47,46,83,78,0.9787234042553191,0.0008620975289334392,0.001322745604579296,0.0015382131672912963,0.023694869556613256,0.002052992280021643,Toulouse-Blagnac Airport,Toulouse,France,TLS,LFBO,43.629101,1.36382,Europe
1335,77,76,139,134,0.987012987012987,0.0014019763483237664,0.001717156680879382,0.001922217401192534,0.030692281740633306,0.0035865901274006206,Lyon Saint-Exupéry Airport,Lyon,France,LYS,LFLL,45.725556,5.081111,Europe
1353,83,84,127,134,1.0120481927710843,0.0013328449345398152,0.0017137302816575657,0.0014432197515170633,0.030123058360158418,0.005868216209290239,Marseille Provence Airport,Marseille,France,MRS,LFML,43.439271922,5.22142410278,Europe
1354,89,89,133,134,1.0,0.0012285133214773576,0.0019433825202334377,0.0019115733644940293,0.03403621814806003,0.004254647181523981,Nice-Côte d'Azur Airport,Nice,France,NCE,LFMN,43.658401489300005,7.215869903560001,Europe
1386,119,118,202,200,0.9915966386554622,0.002431714824565337,0.0018019036507171983,0.0017954650070572899,0.03204071961787438,0.009450341106810742,Paris-Orly Airport,Paris,France,ORY,LFPO,48.7233333,2.3794444,Europe
1551,73,73,123,122,1.0,0.001092094861166555,0.002152036420671933,0.0021783120114603717,0.038723000327901276,0.004235720283844001,Venice Marco Polo Airport,Venice,Italy,VCE,LIPZ,45.505299,12.3519,Europe
1555,159,157,331,331,0.9874213836477987,0.0030369997939786115,0.005981110540295691,0.0059078216443599904,0.10686644418078342,0.019801652707328556,Leonardo da Vinci–Fiumicino Airport,Rome,Italy,FCO,LIRF,41.8002778,12.2388889,Europe
1638,101,103,221,214,1.0198019801980198,0.0022509280656328144,0.0036159770886364153,0.003910908021310002,0.06554464422759398,0.013395405286606817,Humberto Delgado Airport (Lisbon Portela Airport),Lisbon,Portugal,LIS,LPPT,38.7813,-9.13592,Europe
1665,100,101,163,166,1.01,0.0014538716947803466,0.0028889830324939857,0.002838620350613651,0.051001455152912795,0.004307209482257042,Geneva Cointrin International Airport,Geneva,Switzerland,GVA,LSGG,46.23809814453125,6.108950138092041,Europe
1761,11,14,13,16,1.2727272727272727,0.00017120575368736278,0.0004077050933119568,0.0004475689643427197,0.008385899063083761,0.0008159558676887534,Gregorio Luperon International Airport,Puerto Plata,Dominican Republic,POP,MDPP,19.75790023803711,-70.56999969482422,North America
1800,9,9,16,16,1.0,0.00020455241068606555,0.0007954987563373687,0.0007943673264360551,0.014154725433797158,0.0010330230912065487,Cozumel International Airport,Cozumel,Mexico,CZM,MMCZ,20.52239990234375,-86.92559814453125,North America
1824,94,93,241,242,0.9893617021276596,0.00337401583706873,0.004436529306014007,0.004447837470995521,0.07709974557674378,0.01054217348573495,Licenciado Benito Juarez International Airport,Mexico City,Mexico,MEX,MMMX,19.4363,-99.072098,North America
1897,12,12,24,24,1.0,0.0003344758922595958,0.0006339732144638749,0.0006335442632579193,0.011481711537889227,0.0009270536207970861,Toussaint Louverture International Airport,Port-au-prince,Haiti,PAP,MTPP,18.57999992370605,-72.2925033569336,North America
1901,5,5,8,6,1.0,0.00013519360197941258,0.00011566680928370026,0.00018813179757685405,0.0026723874718273073,0.00017846119533505007,Jardines Del Rey Airport,Cunagua,Cuba,CCC,MUCC,22.4610004425,-78.32839965820001,North America
1903,2,3,2,3,1.5,7.032248556079568e-05,2.411791736852622e-05,2.8592985362756027e-05,0.000895257818542779,1.5218775740206943e-05,Vilo Acuña International Airport,Cayo Largo del Sur,Cuba,CYO,MUCL,21.616500854499996,-81.5459976196,North America
1904,3,3,3,3,1.0,8.021925234303053e-05,6.889475167387167e-05,6.775482638237951e-05,0.0012232491047261369,6.915502817641995e-05,Ignacio Agramonte International Airport,Camaguey,Cuba,CMW,MUCM,21.420299530029297,-77.84750366210938,North America
1910,5,8,9,11,1.6,0.00014072330072857235,0.0002829421064156766,0.00024430977690683304,0.00579395300998975,4.384267954187362e-06,Frank Pais International Airport,Holguin,Cuba,HOG,MUHG,20.785600662231445,-76.31510162353516,North America
1918,4,4,9,9,1.0,0.00014325949451479559,0.00024177535841255108,0.00023722815198605826,0.004381271337514753,8.000441793534107e-06,Abel Santamaria Airport,Santa Clara,Cuba,SNU,MUSC,22.49220085144043,-79.943603515625,North America
1923,8,9,11,13,1.125,0.00016609119213978538,0.00032291341344168023,0.00030408846643124226,0.006434876701309918,0.0009252104039552777,Juan Gualberto Gomez International Airport,Varadero,Cuba,VRA,MUVR,23.03440093994141,-81.435302734375,North America
1956,3,3,4,4,1.0,9.711667863093374e-05,4.1282756429105445e-05,6.221191121134088e-05,0.0011847737204761183,8.030337153718568e-05,San Salvador Airport,Cockburn Town,Bahamas,ZSA,MYSM,24.06329917907715,-74.52400207519531,North America
2170,56,55,109,108,0.9821428571428571,0.0011496438690644017,0.001967992183625126,0.00196751535405731,0.03490663493492011,0.0011008331717402202,Queen Alia International Airport,Amman,Jordan,AMM,OJAI,31.7226009369,35.9931983948,Asia
2878,10,11,23,23,1.1,0.00032224048285966903,0.0002284803560252561,0.0002196195986236014,0.004136937055161131,0.00024196205896769956,Martinique Aimé Césaire International Airport,Fort-de-france,Martinique,FDF,TFFF,14.590999603271484,-61.00320053100586,
2881,13,12,29,29,0.9230769230769231,0.00039800709749429294,0.00019809161027130976,0.0002495948952020294,0.004474712562571681,8.81182236449466e-05,Pointe-à-Pitre Le Raizet,Pointe-a-pitre,Guadeloupe,PTP,TFFR,16.265301,-61.531799,
3533,97,97,188,186,1.0,0.0021882284063024994,0.003797630097338373,0.003793114729212284,0.06784442486443253,0.011636677175952468,Fort Lauderdale Hollywood International Airport,Fort Lauderdale,United States,FLL,KFLL,26.072599,-80.152702,North America
3576,134,135,366,368,1.007462686567164,0.0043047903338116296,0.006682403367179086,0.00664535908626402,0.11889100117766183,0.004406461414083552,Miami International Airport,Miami,United States,MIA,KMIA,25.79319953918457,-80.29060363769531,North America
3682,216,217,911,915,1.0046296296296295,0.009736962897390471,0.015324525997006573,0.01520449658792086,0.2732065796461385,0.021985537316776455,Hartsfield Jackson Atlanta International Airport,Atlanta,United States,ATL,KATL,33.6367,-84.428101,North America
3825,26,26,52,51,1.0,0.0005327019561374198,0.0019552828780667513,0.001974272184894183,0.03518300474298428,0.00020946688722956236,Bradley International Airport,Windsor Locks,United States,BDL,KBDL,41.9388999939,-72.68319702149999,North America
3941,102,104,206,197,1.0196078431372548,0.002390820218672623,0.002569822169949249,0.0028174844432156997,0.04634054698388322,0.01005674477664028,Eleftherios Venizelos International Airport,Athens,Greece,ATH,LGAV,37.9364013672,23.944499969499997,
5514,3,3,3,3,1.0,0.00018255964364495187,2.5438296464954924e-05,2.508480355224947e-05,0.0004477098196018311,0.0017399735155015914,Chapais Airport,Chibougamau,Canada,YMT,CYMT,49.77190017700195,-74.5280990600586,North America
5538,2,1,2,1,0.5,0.00010466662543200166,2.5434978628806746e-05,2.5083350902702833e-05,0.0004479848267614806,0.00011295837310297417,Bathurst Airport,Bathurst,Canada,ZBF,CZBF,47.629699707,-65.738899231,North America
5810,5,4,6,6,0.8,0.00010636280519587534,0.00020463037937740782,0.00017872060843124554,0.003682521406924685,3.988317654669029e-05,Samaná El Catey International Airport,Samana,Dominican Republic,AZS,MDCY,19.2670001984,-69.7419967651,North America
11051,117,115,187,188,0.9829059829059829,0.001985407206451808,0.0029934512782197375,0.002935588054650455,0.05271704704341934,0.05326331222337337,Hamad International Airport,Doha,Qatar,DOH,OTHH,25.273056,51.608056,Asia
152,1,1,2,2,1.0,0.0001591399555625764,1.3800844758915936e-09,2.119711659957701e-09,3.752573212394678e-08,0.0,Qikiqtarjuaq Airport,Broughton Island,Canada,YVM,CYVM,67.5457992554,-64.03140258789999,North America
5472,4,4,4,4,1.0,0.0002578090707960921,4.358133137025058e-07,4.39627583314608e-07,7.737762359821273e-06,0.0006356908532002419,Chisasibi Airport,Chisasibi,Canada,YKU,CSU2,53.80559921264648,-78.91690063476562,North America
5481,3,3,3,3,1.0,0.00026411444462486446,1.4348483886141034e-07,1.4605276916903172e-07,2.5659213601057604e-06,0.0014300386788763915,Kangirsuk Airport,Kangirsuk,Canada,YKG,CYAS,60.027198791503906,-69.99919891357422,North America
5508,3,3,3,3,1.0,0.00024108900225996353,1.443034055499135e-07,1.4685425419983643e-07,2.580229158510194e-06,3.5529178693293656e-07,Aupaluk Airport,Aupaluk,Canada,YPJ,CYLA,59.29669952392578,-69.59970092773439,North America
5512,1,1,1,1,1.0,9.571981942114362e-05,1.4264797047182919e-07,1.4523265184524866e-07,2.5512885144701474e-06,0.0,Kangiqsualujjuaq (Georges River) Airport,Kangiqsualujjuaq,Canada,XGR,CYLU,58.71139907836914,-65.9927978515625,North America
5520,4,3,4,3,0.75,0.00026673005784499097,1.4523241769039868e-07,2.940870307923015e-07,5.181164056166141e-06,2.3438450849356002e-05,Inukjuak Airport,Inukjuak,Canada,YPH,CYPH,58.471900939941406,-78.07689666748047,North America
6728,2,2,2,2,1.0,0.00016431747194821077,1.4348024355418673e-07,1.4604809162016698e-07,2.5658397531540636e-06,0.0,Tasiujaq Airport,Tasiujaq,Canada,YTQ,CYTQ,58.66780090332031,-69.95580291748047,North America
4238,2,2,2,2,1.0,0.0001718139208749331,7.079777954869574e-09,5.619298631164043e-09,1.1701026562885962e-07,1.2919701343015873e-06,Tulita Airport,Tulita,Canada,ZFN,CZFN,64.909697,-125.572998,North America
173,3,3,5,5,1.0,0.000131142601446178,5.8258738531028206e-05,5.8375566588188946e-05,0.0010344112099716402,0.0,Northwest Regional Airport Terrace-Kitimat,Terrace,Canada,YXT,CYXT,54.468498,-128.576009,North America
179,3,3,4,4,1.0,0.0001157986776858509,3.9159773199778e-05,3.923538332324168e-05,0.0006952714779683873,6.884488779340748e-05,Smithers Airport,Smithers,Canada,YYD,CYYD,54.82469940185547,-127.18299865722656,North America
181,1,1,1,1,1.0,6.008642313337991e-05,1.920743926964308e-05,1.924810903379221e-05,0.00034105254651401156,0.0,Penticton Airport,Penticton,Canada,YYF,CYYF,49.46310043334961,-119.60199737548828,North America
198,1,1,1,1,1.0,6.008642313337991e-05,1.920743926964308e-05,1.924810903379221e-05,0.00034105254651401156,0.0,Sandspit Airport,Sandspit,Canada,YZP,CYZP,53.25429916379999,-131.813995361,North America
200,2,2,2,2,1.0,0.00011108845399312317,1.9209318694742727e-05,1.9250604490763564e-05,0.00034109634749754066,0.0007166443526303686,Port Hardy Airport,Port Hardy,Canada,YZT,CYZT,50.68059921264648,-127.36699676513672,North America
1840,22,22,50,51,1.0,0.0005589372812485528,0.001861026235127201,0.0017697423402006649,0.033047545057667736,0.0007678036697023484,Los Cabos International Airport,San Jose Del Cabo,Mexico,SJD,MMSD,23.15180015563965,-109.72100067138672,North America
2006,50,45,117,96,0.9,0.0027227207604453314,0.0009202164259256425,0.0011899845459081534,0.018512166087433737,0.014665073632955388,Auckland International Airport,Auckland,New Zealand,AKL,NZAA,-37.0080986023,174.792007446,Oceania
2276,101,102,262,263,1.00990099009901,0.0024657256232038754,0.004187433547717691,0.004161127025972354,0.0742389156896901,0.019480934376325063,Taiwan Taoyuan International Airport,Taipei,Taiwan,TPE,RCTP,25.0777,121.233002,Asia
2359,74,73,158,157,0.9864864864864865,0.002559162597612743,0.001934849619839513,0.0019630118948707467,0.0348283864716025,0.01489256153699962,Tokyo Haneda International Airport,Tokyo,Japan,HND,RJTT,35.552299,139.779999,Asia
3364,204,204,530,531,1.0,0.004919834344505877,0.006649442699248429,0.006654098484568377,0.11835993513479635,0.018036836874865073,Beijing Capital International Airport,Beijing,China,PEK,ZBAA,40.0801010131836,116.58499908447266,Asia
3370,145,146,330,333,1.006896551724138,0.0029631785294667074,0.004015554505159245,0.003949722195828117,0.0706380519391033,0.031814469173550644,Guangzhou Baiyun International Airport,Guangzhou,China,CAN,ZGGG,23.39240074157715,113.29900360107422,Asia
3406,151,150,410,407,0.9933774834437086,0.003820183285084934,0.006168005965352065,0.006247300019224103,0.10977607420148068,0.024219310541595002,Shanghai Pudong International Airport,Shanghai,China,PVG,ZSPD,31.143400192260746,121.80500030517578,Asia
3456,21,21,42,42,1.0,0.0005999199485124426,0.0010106123752402355,0.0010514186189758065,0.017818888531366144,0.0023134731213991454,Kahului Airport,Kahului,United States,OGG,PHOG,20.8986,-156.429993,North America
3514,11,11,21,20,1.0,0.00028811071309659024,0.0005607143984198814,0.0006127186332443674,0.009974415866622321,0.00040627192653835633,Ellison Onizuka Kona International At Keahole Airport,Kona,United States,KOA,PHKO,19.738783,-156.045603,North America
3536,91,90,137,141,0.989010989010989,0.0019046486753069923,0.003252874312381374,0.003120090886800378,0.05718161112595923,0.014932179365948645,Salt Lake City International Airport,Salt Lake City,United States,SLC,KSLC,40.78839874267578,-111.97799682617188,North America
3602,11,11,21,21,1.0,0.00026717247480378395,0.0006045508023222361,0.0005989490019186365,0.010777436354367384,0.000422810747422075,Lihue Airport,Lihue,United States,LIH,PHLI,21.97599983215332,-159.33900451660156,North America
3720,57,57,117,113,1.0,0.0013844777000025874,0.00277354411430957,0.0028955880094560784,0.050095710502834956,0.007395632066063424,Portland International Airport,Portland,United States,PDX,KPDX,45.58869934,-122.5979996,North America
3728,50,51,115,118,1.02,0.0015686790732316617,0.0025393995144131266,0.00243676447677354,0.04519569454787714,0.04700423080301116,Daniel K Inouye International Airport,Honolulu,United States,HNL,PHNL,21.32062,-157.924228,North America
3867,22,21,44,42,0.9545454545454546,0.0004891256419484264,0.0014838946469706502,0.0014610294370295837,0.02673860483330784,0.00016227979343639938,John Wayne Airport-Orange County Airport,Santa Ana,United States,SNA,KSNA,33.67570114,-117.8679962,North America
3930,130,130,368,368,1.0,0.0037912543128194873,0.006192123431694128,0.006222969353007085,0.11176855982811812,0.030449740576994032,Incheon International Airport,Seoul,South Korea,ICN,RKSI,37.46910095214844,126.45099639892578,Asia
4144,61,61,134,134,1.0,0.0010965657497879057,0.0019321311867664692,0.0019254822464011836,0.03409818300824089,0.003972525388941701,Taoxian Airport,Shenyang,China,SHE,ZYTX,41.63980102539063,123.48300170898438,Asia
5523,1,1,1,1,1.0,6.008642313337991e-05,1.920743926964308e-05,1.924810903379221e-05,0.00034105254651401156,0.0,Powell River Airport,Powell River,Canada,YPW,CYPW,49.83420181274414,-124.5,North America
5545,1,1,1,1,1.0,6.008642313337991e-05,1.920743926964308e-05,1.924810903379221e-05,0.00034105254651401156,0.0,Masset Airport,Masset,Canada,ZMT,CZMT,54.02750015258789,-132.125,North America
6738,1,2,1,2,2.0,6.008642313337991e-05,1.9208054415360574e-05,1.924810903379221e-05,0.00034298706061988986,0.0003068752061499846,Bella Coola Airport,Bella Coola,Canada,QBC,CYBD,52.387501,-126.596001,North America
8223,1,1,1,1,1.0,6.008642313337991e-05,1.920743926964308e-05,1.924810903379221e-05,0.00034105254651401156,0.0,Trail Airport,Trail,Canada,YZZ,CAD4,49.0555992126,-117.60900116,North America
5529,3,3,3,3,1.0,0.00017108539309132413,3.2352755295327357e-06,3.1619125291985583e-06,5.599706808111148e-05,0.00023045094074223887,Sanikiluaq Airport,Sanikiluaq,Canada,YSK,CYSK,56.537799835200005,-79.2466964722,North America
5550,2,2,2,2,1.0,0.0001078071529348822,2.2951107299252385e-07,2.1820729541676877e-07,4.131568252096913e-06,1.6855120505078993e-05,Churchill Falls Airport,Churchill Falls,Canada,ZUM,CZUM,53.5619010925293,-64.10639953613281,North America
167,1,1,1,1,1.0,5.936341954024951e-05,1.5598387583350406e-05,1.581257606053089e-05,0.0002828238428995934,0.0,Medicine Hat Airport,Medicine Hat,Canada,YXH,CYXH,50.01890182495117,-110.72100067138672,North America
5465,3,2,3,2,0.6666666666666666,0.00022585532327802228,6.572984695700696e-11,5.78148984489679e-09,1.0439365740569591e-07,3.229925335753968e-08,Wapekeka Airport,Angling Lake,Canada,YAX,CKB6,53.84920120239258,-89.57939910888672,North America
5466,2,3,2,3,1.5,0.0001586303995907149,6.034821507454062e-09,5.746829048030184e-09,1.0379163357348466e-07,0.0003068752061499846,Wunnumin Lake Airport,Wunnumin Lake,Canada,WNN,CKL3,52.89390182495117,-89.28919982910156,North America
5468,4,4,4,4,1.0,0.00035665763887019847,6.100552422585888e-09,5.782040951011977e-09,1.0439688450911674e-07,0.0001534699023283498,Bearskin Lake Airport,Bearskin Lake,Canada,XBE,CNE3,53.965599060058594,-91.0271987915039,North America
5469,2,2,2,2,1.0,0.0001428292275270426,6.034628233662914e-09,5.7468301401944345e-09,1.032128317544929e-07,0.0,Kingfisher Lake Airport,Kingfisher Lake,Canada,KIF,CNM5,53.01250076293945,-89.85530090332031,North America
5478,2,2,2,2,1.0,0.00021057097402440368,6.034823600132275e-09,5.713096273416616e-09,1.032128689893953e-07,0.00015311461054141686,Cat Lake Airport,Cat Lake,Canada,YAC,CYAC,51.72719955444336,-91.82440185546876,North America
5480,2,2,2,2,1.0,0.00018315652959544933,6.035020047190223e-09,5.747198288408924e-09,1.0321949097127493e-07,0.0,Kasabonika Airport,Kasabonika,Canada,XKS,CYAQ,53.52470016479492,-88.6427993774414,North America
5489,2,3,2,3,1.5,0.00018315652959544933,6.067785719523306e-09,5.747198288408924e-09,1.0380821582459418e-07,3.229925335753968e-08,Fort Severn Airport,Fort Severn,Canada,YER,CYER,56.01890182495117,-87.67610168457031,North America
5531,5,4,5,4,0.8,0.00040034546275884657,6.099970452314618e-09,5.8159643890114656e-09,1.0497249656575837e-07,0.00015353450083506486,Big Trout Lake Airport,Big Trout Lake,Canada,YTL,CYTL,53.81779861450195,-89.89689636230469,North America
5544,4,4,4,4,1.0,0.0003611239342010494,6.100163732362837e-09,5.781671716706697e-09,1.0438369671531805e-07,0.0001536313985951375,Muskrat Dam Airport,Muskrat Dam,Canada,MSA,CZMD,53.44139862060547,-91.76280212402344,North America
5546,2,2,2,2,1.0,0.00017486688425228183,6.034825698934962e-09,5.74719938060732e-09,1.0321617056381835e-07,0.0,Sachigo Lake Airport,Sachigo Lake,Canada,ZPB,CZPB,53.8911018371582,-92.19640350341795,North America
5547,3,2,3,2,0.6666666666666666,0.0002647634763332165,6.51447657287922e-11,5.781301383807828e-09,1.0379823662087143e-07,9.689776007261906e-08,Round Lake (Weagamow Lake) Airport,Round Lake,Canada,ZRJ,CZRJ,52.94359970092773,-91.31279754638672,North America
5548,3,3,3,3,1.0,0.0002952924832348909,1.7270224495613076e-08,2.3238750433010932e-08,4.1106071442764864e-07,0.0007771643258633447,Sandy Lake Airport,Sandy Lake,Canada,ZSJ,CZSJ,53.06420135498047,-93.34439849853516,North America
3731,56,55,119,119,0.9821428571428571,0.001234098884472677,0.00393055726942797,0.003930324030887319,0.07011487941851245,0.001514525143789912,San Diego International Airport,San Diego,United States,SAN,KSAN,32.7336006165,-117.190002441,North America
5461,2,2,2,2,1.0,0.0001476880281640769,5.860926767365199e-08,6.060493034651672e-08,1.0736591768661695e-06,0.0006130721279794608,Rigolet Airport,Rigolet,Canada,YRG,CCZ2,54.1796989440918,-58.45750045776367,North America
5488,1,1,2,2,1.0,0.00011684233303007113,1.1720725010293834e-07,1.2119819271878888e-07,2.1471130765178545e-06,0.0,Nain Airport,Nain,Canada,YDP,CYDP,56.54919815063477,-61.68030166625977,North America
7252,3,3,4,4,1.0,0.00028778268432187704,5.86168205864327e-08,6.061273736681261e-08,1.0737965433008685e-06,0.0006130721279794608,Postville Airport,Postville,Canada,YSO,CCD4,54.9105,-59.78507,North America
199,1,1,1,1,1.0,5.695380348587743e-05,3.97851769525618e-05,3.91618410196235e-05,0.0007060879846167736,0.0,Chris Hadfield Airport,Sarnia,Canada,YZR,CYZR,42.9994010925293,-82.30889892578125,North America
599,144,144,207,207,1.0,0.0018599083008639901,0.0038001831457905623,0.003792209110984603,0.06743048071645,0.00779643428042704,Dublin Airport,Dublin,Ireland,DUB,EIDW,53.421299,-6.27007,Europe
679,78,78,120,120,1.0,0.001081132900513481,0.0022509928198946668,0.0022518848667837797,0.03992914042547757,0.0033775763777083648,Warsaw Chopin Airport,Warsaw,Poland,WAW,EPWA,52.1656990051,20.9671001434,Europe
1107,71,66,108,104,0.9295774647887324,0.0017974895663333864,0.0009367537933575895,0.001045064466585395,0.018740462588694745,0.01683346032372761,Addis Ababa Bole International Airport,Addis Ababa,Ethiopia,ADD,HAAB,8.97789001465,38.7993011475,Africa
1128,81,80,151,150,0.9876543209876543,0.0017280910511527612,0.0019537081577212976,0.0019514327829664197,0.03473731182512494,0.004623252406087822,Cairo International Airport,Cairo,Egypt,CAI,HECA,30.12190055847168,31.40559959411621,Africa
1590,78,79,135,136,1.0128205128205128,0.001320282542776528,0.00261156148404487,0.0025869274037639716,0.04646813521286471,0.010294032962173825,Ben Gurion International Airport,Tel-aviv,Israel,TLV,LLBG,32.011398315429695,34.88669967651367,Asia
1613,138,137,308,308,0.9927536231884058,0.0027651120730754638,0.004408253005573254,0.004413593081154106,0.07911090383526535,0.0033014379256185735,Vienna International Airport,Vienna,Austria,VIE,LOWW,48.110298156738,16.569700241089002,Europe
1633,16,17,24,23,1.0625,0.0004054587741004859,0.00037931017387292723,0.0003545277774406549,0.00668036101546781,0.004661373282117905,João Paulo II Airport,Ponta Delgada,Portugal,PDL,LPPD,37.7411994934,-25.6979007721,Europe
1636,61,61,102,100,1.0,0.0010312784415194337,0.0016512176846871555,0.0017085039404063486,0.029271297135367226,0.002942263012853206,Francisco de Sá Carneiro Airport,Porto,Portugal,OPO,LPPR,41.2481002808,-8.68138980865,Europe
1701,227,224,357,354,0.986784140969163,0.004172028834564118,0.003777898604919629,0.003787422720258082,0.06738504831139142,0.0341085040005213,Atatürk International Airport,Istanbul,Turkey,ISL,LTBA,40.976898,28.8146,Asia
1754,20,20,31,31,1.0,0.0005005200294220776,0.0007561156959221543,0.0007244198303854314,0.013455262883491451,0.0021694245942335683,Providenciales Airport,Providenciales,Turks and Caicos Islands,PLS,MBPV,21.77359962463379,-72.26589965820312,
1779,19,19,28,30,1.0,0.0003421743193324645,0.0007144862366785788,0.0006906367299965122,0.01255924060444072,0.0003986067353523943,Norman Manley International Airport,Kingston,Jamaica,KIN,MKJP,17.935699462890625,-76.7874984741211,North America
1871,72,72,106,106,1.0,0.001435187793774247,0.0019024729397144804,0.0018694837653560957,0.033936048314255424,0.0223460919839587,Tocumen International Airport,Panama City,Panama,PTY,MPTO,9.0713596344,-79.3834991455,North America
1881,15,15,21,24,1.0,0.00031983186316219544,0.0008043967348802543,0.000697292007243572,0.01406125716954891,0.0022921359364611294,Daniel Oduber Quiros International Airport,Liberia,Costa Rica,LIR,MRLB,10.5933,-85.544403,North America
1885,37,38,73,76,1.027027027027027,0.0014842700572672296,0.0012412430292654893,0.0011981891726025352,0.021908144222096828,0.013512468295339227,Juan Santamaria International Airport,San Jose,Costa Rica,SJO,MROC,9.993860244750977,-84.20880126953125,North America
1892,31,32,52,53,1.032258064516129,0.0006399081086977358,0.0015210459278430417,0.001428376869783023,0.02723427183196794,0.002464656922323963,Monseñor Óscar Arnulfo Romero International Airport,San Salvador,El Salvador,SAL,MSLP,13.4409,-89.055702,North America
1909,30,31,42,45,1.0333333333333334,0.000636194423217164,0.0006214007725902559,0.0006483810183090269,0.012324670647855904,0.004618207344529244,José Martí International Airport,Havana,Cuba,HAV,MUHA,22.989200592041016,-82.40910339355469,North America
1926,19,18,26,25,0.9473684210526315,0.0003996459944971468,0.0007424069696918558,0.0007495616022356727,0.01337968633362585,0.0014720180019536023,Owen Roberts International Airport,Georgetown,Cayman Islands,GCM,MWCR,19.2928009033,-81.3576965332,
1941,5,6,8,10,1.2,0.00013469161903433287,0.00026064885307027733,0.00025987182310576975,0.004644103103162897,6.332895826797022e-05,Exuma International Airport,Great Exuma,Bahamas,GGT,MYEF,23.5625991821,-75.8779983521,North America
1953,38,37,65,64,0.9736842105263158,0.0010857243676695015,0.0013865535106104797,0.001383395692441343,0.024702756704507178,0.006160084472856041,Lynden Pindling International Airport,Nassau,Bahamas,NAS,MYNN,25.0389995575,-77.46620178219999,North America
2072,96,107,180,192,1.1145833333333333,0.002272466059332123,0.001954644102691502,0.0019101692820111013,0.03468018513317879,0.024777812271575054,King Abdulaziz International Airport,Jeddah,Saudi Arabia,JED,OEJN,21.6796,39.156502,Asia
2179,88,86,234,239,0.9772727272727273,0.0025131500562220804,0.0037333040514163757,0.003571833321936678,0.06557789999051172,0.0010822328011776546,Abu Dhabi International Airport,Abu Dhabi,United Arab Emirates,AUH,OMAA,24.433000564575195,54.651100158691406,Asia
2188,179,185,348,350,1.0335195530726258,0.004028232393386185,0.0043440888124544426,0.004418280478208777,0.07747465761570721,0.037650828018402235,Dubai International Airport,Dubai,United Arab Emirates,DXB,OMDB,25.252799987800003,55.3643989563,Asia
2206,37,36,63,62,0.972972972972973,0.0009735440613095975,0.0005753549416380206,0.0005727651780533159,0.010219744126909461,0.006059278954257295,Jinnah International Airport,Karachi,Pakistan,KHI,OPKC,24.9065,67.160797,Asia
2207,31,31,55,56,1.0,0.000671478506903379,0.0006821362620184058,0.0007664096094591066,0.014515726272072902,0.005224206853417038,Alama Iqbal International Airport,Lahore,Pakistan,LHE,OPLA,31.5216007232666,74.40360260009766,Asia
2223,37,37,59,58,1.0,0.0007933856085380253,0.0007424889490573174,0.0007408655381311593,0.013539568453645238,0.005107911062753113,Benazir Bhutto International Airport,Islamabad,Pakistan,,OPRN,33.616699,73.099197,Asia
2564,90,92,194,193,1.0222222222222221,0.0031820552949424785,0.002397299801437749,0.002397581568642533,0.04282577713071871,0.026369009310102713,Guarulhos - Governador André Franco Montoro International Airport,Sao Paulo,Brazil,GRU,SBGR,-23.435556411743164,-46.47305679321289,South America
2650,39,40,79,79,1.0256410256410255,0.0016166672214598771,0.0010726394865413825,0.0010647815362106788,0.019050662581109292,0.010805430416707127,Comodoro Arturo Merino Benítez International Airport,Santiago,Chile,SCL,SCEL,-33.393001556396484,-70.78579711914062,South America
2709,74,74,155,152,1.0,0.0034535534892909067,0.0017415441226032915,0.0017395858616307512,0.03107552514837118,0.024783976344488215,El Dorado International Airport,Bogota,Colombia,BOG,SKBO,4.70159,-74.1469,South America
2789,56,56,114,114,1.0,0.002241589868355108,0.001658006234642611,0.0016441393271826252,0.029465552980260757,0.010974183909826535,Jorge Chávez International Airport,Lima,Peru,LIM,SPIM,-12.0219,-77.114305,South America
2874,22,22,34,35,1.0,0.00042435187260688617,0.0005364284267588158,0.0004877932116923462,0.009595030390884872,0.0008847666587993246,V.C. Bird International Airport,Antigua,Antigua and Barbuda,ANU,TAPA,17.1367,-61.792702,North America
2875,18,17,23,23,0.9444444444444444,0.0003483694601005743,0.00040795358118033873,0.000337752477880761,0.007322807471033752,0.002002956404767127,Sir Grantley Adams International Airport,Bridgetown,Barbados,BGI,TBPB,13.0746002197,-59.4925003052,North America
2882,8,8,15,14,1.0,0.00022379938062264509,0.00029467814197573763,0.0002936704101511658,0.005296797214128534,1.0718946005733885e-05,Point Salines International Airport,Point Salines,Grenada,GND,TGPY,12.004199981689451,-61.78620147705078,
2890,48,49,102,102,1.0208333333333333,0.0012641933571688523,0.0022543651996699433,0.0022084143939784828,0.041025686971902176,0.005424415622100238,Luis Munoz Marin International Airport,San Juan,Puerto Rico,SJU,TJSJ,18.4393997192,-66.0018005371,North America
2894,11,11,18,19,1.0,0.0002217356997021663,0.00046616349754273137,0.00048661639630912456,0.008767333504795477,8.557391462311874e-05,Hewanorra International Airport,Hewandorra,Saint Lucia,UVF,TLPL,13.7332,-60.952599,North America
2895,25,25,46,44,1.0,0.0006226517162684979,0.0010631304115580327,0.0011000578728288847,0.018976554206828897,0.0017891304826893484,Queen Beatrix International Airport,Oranjestad,Aruba,AUA,TNCA,12.5014,-70.015198,North America
2899,33,33,56,58,1.0,0.0007492129051328435,0.0009693548875261234,0.0010041865742396673,0.017967653511312985,0.004195383998692995,Princess Juliana International Airport,Philipsburg,Netherlands Antilles,SXM,TNCM,18.0410003662,-63.1088981628,
2902,21,21,35,35,1.0,0.00047889396062833695,0.0005211748626443118,0.0005171152265159926,0.009273439399148733,0.0016548217404199082,Piarco International Airport,Port-of-spain,Trinidad and Tobago,POS,TTPP,10.595399856567385,-61.33720016479492,North America
2985,144,144,198,199,1.0,0.002199204115541572,0.0024780721448301505,0.0024642047909511555,0.043912160533332155,0.023160139248213616,Sheremetyevo International Airport,Moscow,Russia,SVO,UUEE,55.972599,37.4146,Europe
2988,72,73,84,85,1.0138888888888888,0.001146424625615749,0.0009211963660921683,0.0009216055086766999,0.016424314339267675,0.01568889288466596,Vnukovo International Airport,Moscow,Russia,VKO,UUWW,55.591499328599994,37.2615013123,Europe
3458,43,43,77,82,1.0,0.0008286566508674475,0.0026880004160954045,0.002470707223432314,0.04792097049664471,0.0015131316339410952,Kansas City International Airport,Kansas City,United States,MCI,KMCI,39.2976,-94.713898,North America
3486,56,56,80,81,1.0,0.0009729228653236756,0.002357128500330464,0.00224904727368061,0.042341726986034355,0.004070541526264769,Cleveland Hopkins International Airport,Cleveland,United States,CLE,KCLE,41.4117012024,-81.8498001099,North America
3488,47,47,75,75,1.0,0.0007858307361913336,0.002589654113845475,0.0025821661579647297,0.046115050878987436,0.001710182729537704,Cincinnati Northern Kentucky International Airport,Cincinnati,United States,CVG,KCVG,39.0488014221,-84.6678009033,North America
3542,12,12,19,20,1.0,0.0002339805183142691,0.0008889032295175815,0.0008044713686503255,0.015818863353189893,0.0004625916000256511,Harrisburg International Airport,Harrisburg,United States,MDT,KMDT,40.1935005188,-76.7633972168,North America
3570,37,37,74,74,1.0,0.0007298389454433171,0.002737895052602064,0.0026992867794319517,0.0490269027791633,0.00016682007544366247,Pittsburgh International Airport,Pittsburgh,United States,PIT,KPIT,40.49150085,-80.23290253,North America
3585,35,35,69,69,1.0,0.0006967801398927679,0.00269407259709234,0.002689872597380964,0.048061473831076396,0.0004889343053426432,Indianapolis International Airport,Indianapolis,United States,IND,KIND,39.7173,-86.294403,North America
3622,18,18,30,30,1.0,0.0003193241887987111,0.0012044277467714716,0.0011989214037459793,0.021853858634312055,0.0001291078887871511,Greater Rochester International Airport,Rochester,United States,ROC,KROC,43.118900299072266,-77.67240142822266,North America
3626,39,39,84,83,1.0,0.0008191141777765109,0.0032554419929884362,0.0032608180436795504,0.05829251782988904,0.000764616891246217,Raleigh Durham International Airport,Raleigh-durham,United States,RDU,KRDU,35.877601623535156,-78.7874984741211,North America
3646,67,68,138,138,1.0149253731343284,0.0013483794248816284,0.0033456201956432187,0.003271189926784349,0.05999687342254469,0.0026604293035195573,Tampa International Airport,Tampa,United States,TPA,KTPA,27.975500106811523,-82.533203125,North America
3678,61,60,107,114,0.9836065573770492,0.0013391016749021423,0.003243363841231267,0.002983031572051941,0.05763340865770443,0.005097004042359105,St Louis Lambert International Airport,St. Louis,United States,STL,KSTL,38.748697,-90.370003,North America
3690,46,47,82,82,1.0217391304347827,0.0008744404075740938,0.0026062580894653563,0.002733585235729138,0.046126088335810896,0.0018122979962609286,Nashville International Airport,Nashville,United States,BNA,KBNA,36.1245002746582,-86.6781997680664,North America
3717,30,30,60,65,1.0,0.0006158331131919455,0.002370526008953352,0.002187329248988242,0.04168801136922435,9.685314649174606e-05,General Mitchell International Airport,Milwaukee,United States,MKE,KMKE,42.94720077514648,-87.89659881591797,North America
3745,16,16,26,26,1.0,0.00028909659868600564,0.0011089546421771163,0.0011105303122905953,0.019769196755538874,0.0002448380239249792,Syracuse Hancock International Airport,Syracuse,United States,SYR,KSYR,43.11119842529297,-76.1063003540039,North America
3759,32,32,65,63,1.0,0.0006572699143102639,0.002455080206443484,0.002502040118226422,0.043840248591217705,0.00018567765726509904,John Glenn Columbus International Airport,Columbus,United States,CMH,KCMH,39.998001,-82.891899,North America
3793,33,33,65,63,1.0,0.0006581514563575379,0.0021124241668728084,0.0021737572583548056,0.037654244750145754,0.0001837427077590251,Southwest Florida International Airport,Fort Myers,United States,RSW,KRSW,26.53619956970215,-81.75520324707031,North America
3849,72,72,144,142,1.0,0.001481738460518518,0.0036302975505871755,0.003617384127548569,0.06508223625041067,0.0008558402649568908,Baltimore/Washington International Thurgood Marshall Airport,Baltimore,United States,BWI,KBWI,39.1754,-76.668297,North America
3861,39,39,125,123,1.0,0.0012240363840818928,0.004743191150203679,0.005008843601882556,0.0841268544949765,5.8894407401464705e-05,Louis Armstrong New Orleans International Airport,New Orleans,United States,MSY,KMSY,29.99340057373047,-90.25800323486328,North America
4069,8,8,15,15,1.0,0.00018126969005790488,0.0006589122566745213,0.0006524269672406299,0.011724469031828975,3.993927921146995e-05,L.F. Wade International International Airport,Bermuda,Bermuda,BDA,TXKF,32.363998413085945,-64.67870330810547,North America
4304,7,7,8,8,1.0,0.00014711277402958034,0.00018640800763377327,0.00018399955302150545,0.003313887506736172,0.002011859694882824,Cheddi Jagan International Airport,Georgetown,Guyana,GEO,SYCJ,6.498549938201903,-58.25410079956055,South America
4237,2,2,2,2,1.0,0.0001549279585243691,3.3144592620732297e-07,4.163766336781291e-07,6.915614214922069e-06,0.0006119093548585893,Déline Airport,Deline,Canada,YWJ,CYWJ,65.21109771728516,-123.43599700927734,North America
5463,1,1,1,1,1.0,8.080780800065015e-05,3.314140797278462e-07,4.163366267737882e-07,6.91495435940418e-06,0.0,Whatì Airport,Whatì,Canada,YLE,CEM3,63.13169860839844,-117.24600219726562,North America
5511,1,1,1,1,1.0,8.080780800065015e-05,3.314140797278462e-07,4.163366267737882e-07,6.91495435940418e-06,0.0,St Georges Airport,Lutselk'e,Canada,,CYSG,46.096401,-70.714699,North America
5526,1,1,1,1,1.0,8.080780800065015e-05,3.314140797278462e-07,4.163366267737882e-07,6.91495435940418e-06,0.0,Rae Lakes Airport,Gamètì,Canada,YRA,CYRA,64.11609649658203,-117.30999755859376,North America
7277,1,1,1,1,1.0,8.080780800065015e-05,3.314140797278462e-07,4.163366267737882e-07,6.91495435940418e-06,0.0,Wekweètì Airport,Wekweeti,Canada,YFJ,CFJ2,64.190804,-114.077002,North America
209,4,4,6,6,1.0,0.00010610801165635993,5.4578675767208886e-05,5.634826208929013e-05,0.0009976122637413943,8.959813517825308e-07,Soummam Airport,Bejaja,Algeria,BJA,DAAE,36.712001800500005,5.0699200630200005,Africa
211,1,2,1,2,2.0,5.973030446671725e-05,5.399342172271404e-08,6.912052907620319e-06,0.00012496286666804348,7.989434347317744e-05,Djanet Inedbirene Airport,Djanet,Algeria,DJG,DAAJ,24.292801,9.45244,Africa
220,7,7,9,9,1.0,0.00013673321157985625,0.00012856789978977075,0.00013085391932215093,0.0023091718764102756,5.800534575513031e-05,Rabah Bitat Airport,Annaba,Algeria,AAE,DABB,36.822201,7.809174,Africa
221,11,11,14,14,1.0,0.0002329083909497583,0.00015058110099141957,0.00015182611118743839,0.002679321158452402,0.00042606031989416934,Mohamed Boudiaf International Airport,Constantine,Algeria,CZL,DABC,36.2760009765625,6.620389938354492,Africa
222,1,1,1,1,1.0,5.973030446671725e-05,6.975355501490537e-06,6.912052907620319e-06,0.00012329767424903152,0.0,Cheikh Larbi Tébessi Airport,Tebessa,Algeria,TEE,DABS,35.4315986633,8.120719909670001,Africa
224,2,2,2,2,1.0,8.479885709810936e-05,7.14479816091584e-06,7.081653663440785e-06,0.00012629944916864617,0.0,Hassi R'Mel Airport,Tilrempt,Algeria,HRM,DAFH,32.93040084838867,3.311539888381958,Africa
225,2,1,2,1,0.5,8.511476505073453e-05,6.975355501490537e-06,6.951692365022131e-06,0.00012399703628773178,0.0,Bou Chekif Airport,Tiaret,Algeria,TID,DAOB,35.3410987854,1.4631500244100002,Africa
230,4,4,6,6,1.0,0.00010610801165635993,5.4578675767208886e-05,5.634826208929013e-05,0.0009976122637413943,8.959813517825308e-07,Zenata – Messali El Hadj Airport,Tlemcen,Algeria,TLM,DAON,35.0167007446,-1.45000004768,Africa
231,22,22,33,33,1.0,0.00047763449772417053,0.00043458879949077666,0.0004413754159388943,0.007874518351442227,0.0014936445463522535,Es Senia Airport,Oran,Algeria,ORN,DAOO,35.6239013672,-0.6211829781529999,Africa
233,1,2,1,2,2.0,5.973030446671725e-05,7.014753110117968e-06,6.912052907620319e-06,0.00012399703628773178,0.0,Ghriss Airport,Ghriss,Algeria,MUW,DAOV,35.207698822021484,0.1471419930458068,Africa
234,5,6,5,6,1.2,0.00018747742162842493,1.0430733701751144e-05,1.0272992110894715e-05,0.00018448925510380746,0.0006185470770496128,Touat Cheikh Sidi Mohamed Belkebir Airport,Adrar,Algeria,AZR,DAUA,27.83760070800781,-0.1864140033721924,Africa
235,3,3,4,4,1.0,8.923616442996592e-05,3.822023987906772e-05,3.698012826288246e-05,0.0006578204599713754,8.959813517825308e-07,Biskra Airport,Biskra,Algeria,BSK,DAUB,34.793300628699996,5.73823022842,Africa
237,4,4,4,4,1.0,0.0001313530547105549,1.0337788557991575e-05,1.0258744803221673e-05,0.00018353143115937075,0.00014998248464091177,Noumérat - Moufdi Zakaria Airport,Ghardaia,Algeria,GHA,DAUG,32.38410186767578,3.7941100597381583,Africa
238,6,6,6,6,1.0,0.00017669965875303646,3.001321176800955e-05,2.9898089830147522e-05,0.0005322307128828365,0.0005482218328572101,Oued Irara Airport,Hassi Messaoud,Algeria,HME,DAUH,31.673000335700003,6.140439987180001,Africa
239,3,2,3,2,0.6666666666666666,0.0001314732286724443,6.975913438127397e-06,7.010968529257806e-06,0.0001250474770096935,8.00881389933227e-05,In Salah Airport,In Salah,Algeria,INZ,DAUI,27.2509994507,2.51202011108,Africa
240,1,1,1,1,1.0,5.973030446671725e-05,6.975355501490537e-06,6.912052907620319e-06,0.00012329767424903152,0.0,Touggourt Sidi Madhi Airport,Touggourt,Algeria,TGR,DAUK,33.067798614501946,6.088669776916504,Africa
243,6,5,6,5,0.8333333333333334,0.00022665530502615945,9.536799442530124e-06,9.4286700800906e-06,0.00016948759850354377,0.000785552166138239,Ain el Beida Airport,Ouargla,Algeria,OGX,DAUU,31.917200088500977,5.412779808044434,Africa
246,14,15,33,33,1.0714285714285714,0.000442887231504099,0.00023852041186280906,0.0002200227299002455,0.0043506096354901476,0.0005078591116189016,Ouagadougou Airport,Ouagadougou,Burkina Faso,OUA,DFFD,12.3532,-1.51242,Africa
253,20,21,52,50,1.05,0.0006814684649951553,0.000340310013176507,0.00030121488255704514,0.006351787756697446,0.0004035216928492009,Port Bouet Airport,Abidjan,Cote d'Ivoire,ABJ,DIAP,5.261390209197998,-3.9262900352478023,
280,9,8,17,17,0.8888888888888888,0.00025207221369557187,0.000186119976678485,0.00020764538218051058,0.003705753192725861,9.61830982779007e-05,Diori Hamani International Airport,Niamey,Niger,NIM,DRRN,13.4815,2.18361,Africa
344,92,92,131,134,1.0,0.0011613753517005462,0.0013839218416985253,0.0013122516157486675,0.023934631690020063,0.0030667327371693516,Cologne Bonn Airport,Cologne,Germany,CGN,EDDK,50.8658981323,7.1427397728,Europe
1044,16,16,27,28,1.0,0.0003634706503374672,0.00016369653962367128,0.0001596959209460849,0.002946821426922001,0.0003903989700381826,Modibo Keita International Airport,Bamako,Mali,BKO,GABS,12.5335,-7.94994,Africa
1084,31,31,67,67,1.0,0.0008755699665997939,0.0007365180045315839,0.0007029580019916243,0.012976844180636252,0.0018954892326297347,Léopold Sédar Senghor International Airport,Dakar,Senegal,DKR,GOOY,14.739700317382812,-17.49020004272461,Africa
1157,24,24,46,47,1.0,0.0006433312639605024,0.0005351999191858221,0.0005370640439928476,0.009666023104400295,0.0027632890421857613,Tripoli International Airport,Tripoli,Libya,TIP,HLLT,32.6635017395,13.159000396700002,Africa
1229,156,158,331,330,1.0128205128205128,0.0033142341965944843,0.0059322831950843645,0.005950917124436154,0.10567506329484469,0.02213071118012997,Adolfo Suárez Madrid–Barajas Airport,Madrid,Spain,MAD,LEMD,40.471926,-3.56264,Europe
1320,5,5,5,5,1.0,9.418334167560686e-05,4.559954963026433e-05,4.475601407162633e-05,0.0007919053238165525,8.195901127104275e-06,Metz-Nancy-Lorraine Airport,Metz,France,ETZ,LFJL,48.9821014404,6.25131988525,Europe
1399,29,30,40,40,1.0344827586206897,0.0004104204535075527,0.00027757752818094363,0.00028218956846775385,0.005398032521162647,0.00014756594970340443,Lille-Lesquin Airport,Lille,France,LIL,LFQQ,50.563332,3.086886,Europe
1524,111,107,194,192,0.963963963963964,0.0017465948003149183,0.0035470092962272145,0.0035509011677446176,0.06443209617217603,0.015350992302460861,Malpensa International Airport,Milano,Italy,MXP,LIMC,45.6306,8.728110000000001,Europe
1606,76,76,113,113,1.0,0.0009985860017894552,0.0016463536459289504,0.0017025791530615442,0.029711543481736453,0.0019096790677897823,Malta International Airport,Malta,Malta,MLA,LMML,35.857498,14.4775,Europe
2074,42,28,59,39,0.6666666666666666,0.0007936789624017247,0.0003309616083125595,0.0004244306292250467,0.007016451889899771,0.0037860997836091765,Prince Mohammad Bin Abdulaziz Airport,Madinah,Saudi Arabia,MED,OEMA,24.5534,39.705101,Asia
2177,44,45,66,67,1.0227272727272727,0.0006974897141307198,0.0009441028287749402,0.001008725506487104,0.016777838059328243,0.0007788088729664007,Beirut Rafic Hariri International Airport,Beirut,Lebanon,BEY,OLBA,33.820899963378906,35.488399505615234,Asia
3998,126,126,277,271,1.0,0.0024571954092245155,0.0028560301404360997,0.002904411961357069,0.051133697506259804,0.003232315936568505,Palma De Mallorca Airport,Palma de Mallorca,Spain,PMI,LEPA,39.551700592,2.73881006241,Europe
5552,4,4,4,4,1.0,8.735502914566657e-05,3.62239460285991e-05,3.648187202321895e-05,0.0006470078631722409,9.758785260137543e-06,Batna Airport,Batna,Algeria,BLJ,DABT,35.7521018982,6.308589935300001,Africa
5555,1,1,1,1,1.0,5.973030446671725e-05,6.975355501490537e-06,6.912052907620319e-06,0.00012329767424903152,0.0,Guemar Airport,Guemar,Algeria,ELU,DAUO,33.5113983154,6.776790142059999,Africa
6492,4,4,7,7,1.0,0.0001149797538246159,6.547253655570767e-05,6.605169113881765e-05,0.0011707180520954506,0.0,Ain Arnat Airport,Setif,Algeria,QSF,DAAS,36.178100585900005,5.32449007034,Africa
216,4,4,4,4,1.0,0.0002119008818825582,7.073760809542749e-06,9.844769755727332e-08,0.00012575230077784772,0.000258283781171169,Aguenar – Hadj Bey Akhamok Airport,Tamanrasset,Algeria,TMR,DAAT,22.8115005493,5.45107984543,Africa
236,2,2,2,2,1.0,0.00013090603526339498,5.399342172271404e-08,9.386411541452323e-08,1.6651924190119917e-06,2.7454365353908733e-07,El Golea Airport,El Golea,Algeria,ELG,DAUE,30.5713005065918,2.8595900535583496,Africa
5553,1,1,1,1,1.0,5.934905502382166e-05,2.501424830365717e-06,2.455804778058161e-06,4.441286077063764e-05,0.0,Béchar Boudghene Ben Ali Lotfi Airport,Béchar,Algeria,CBH,DAOR,31.64570045471191,-2.269860029220581,Africa
5554,1,1,1,1,1.0,7.360968701956571e-05,5.822054564067693e-08,5.894271940148382e-08,1.040540840267413e-06,0.0,Bordj Badji Mokhtar Airport,Bordj Badji Mokhtar,Algeria,BMW,DATM,21.375,0.923888981342,Africa
244,2,2,2,2,1.0,0.00011078431400498318,2.2287814451115644e-07,2.2349196899897892e-07,3.957705418232085e-06,1.453466401089286e-07,In Aménas Airport,Zarzaitine,Algeria,IAM,DAUZ,28.0515,9.64291,Africa
245,19,18,39,41,0.9473684210526315,0.0005610066890423856,0.00012033736757006432,0.00022333669725969343,0.004312512387418628,0.0004544195954880328,Cadjehoun Airport,Cotonou,Benin,COO,DBBB,6.357230186462402,2.384350061416626,Africa
248,28,30,53,54,1.0714285714285714,0.0008612038523476531,0.0005201599126166946,0.00047838701687051577,0.00946809227351735,0.004894651657346533,Kotoka International Airport,Accra,Ghana,ACC,DGAA,5.605189800262451,-0.1667860001325607,Africa
260,23,23,28,28,1.0,0.0007122484888637455,0.0002908330639074946,0.0002931887671616479,0.005185732980836257,0.0033109732865820372,Nnamdi Azikiwe International Airport,Abuja,Nigeria,ABV,DNAA,9.006790161132812,7.263169765472412,Africa
273,41,42,58,59,1.024390243902439,0.0009760396338719171,0.0008273153245688748,0.000850720408744105,0.015417938741149563,0.009452823906259957,Murtala Muhammed International Airport,Lagos,Nigeria,LOS,DNMM,6.5773701667785645,3.321160078048706,Africa
298,14,14,21,20,1.0,0.00030901434922628025,0.00016647256067757078,0.00010694986761563661,0.00343384293026056,0.00020618567046376015,Lomé-Tokoin Airport,Lome,Togo,LFW,DXXX,6.165609836578369,1.2545100450515747,Africa
883,11,12,25,24,1.0909090909090908,0.00042432607703826627,0.00016114329403994746,0.00015764390766857727,0.0029812132799209227,5.285453200278868e-05,Maya-Maya Airport,Brazzaville,Congo (Brazzaville),BZV,FCBB,-4.251699924468993,15.253000259399414,Africa
886,9,9,18,18,1.0,0.0003184715257089669,0.00013864890895327154,0.00013696032194527308,0.002481641142729919,0.0006444428930654029,Pointe Noire Airport,Pointe-noire,Congo (Brazzaville),PNR,FCPP,-4.816030025482178,11.88659954071045,Africa
890,2,2,2,2,1.0,7.399635993157702e-05,1.666922886706739e-06,1.0682786124548191e-06,3.1679387640908636e-05,0.0,Bata Airport,Bata,Equatorial Guinea,BSG,FGBT,1.9054700136184688,9.80568027496338,
891,9,8,14,14,0.8888888888888888,0.00025161258588585114,6.870938559877209e-05,7.079118278964699e-05,0.0013043063939552014,0.000293785024780897,Malabo Airport,Malabo,Equatorial Guinea,SSG,FGSL,3.7552700042724614,8.708720207214355,
897,19,21,47,51,1.105263157894737,0.0007654557767648329,0.00032539819330615886,0.0003259094984464194,0.005931837045842036,0.0005766921556426517,Douala International Airport,Douala,Cameroon,DLA,FKKD,4.0060801506,9.71947956085,Africa
970,15,16,24,24,1.0666666666666667,0.0003848650404297874,0.0001283129448210349,0.00010132607437304571,0.00230408888456064,0.0002912478297188036,Libreville Leon M'ba International Airport,Libreville,Gabon,LBV,FOOL,0.4586000144479999,9.4122800827,Africa
4059,61,64,128,130,1.0491803278688525,0.0021217764132251005,0.001198301622985273,0.0011453393226700085,0.02259673931264131,0.01241090250067201,Jomo Kenyatta International Airport,Nairobi,Kenya,NBO,HKJK,-1.31923997402,36.9277992249,Africa
247,2,2,2,2,1.0,7.007349174915513e-05,2.9540311019536207e-06,3.270895442226311e-06,6.0362479520877164e-05,4.844888003630953e-08,Bobo Dioulasso Airport,Bobo-dioulasso,Burkina Faso,BOY,DFOO,11.160099983215332,-4.33096981048584,Africa
249,1,1,3,3,1.0,8.774940078594863e-05,8.133546540957506e-06,8.818068023763006e-06,0.00016020297639099352,0.0,Tamale Airport,Tamale,Ghana,TML,DGLE,9.55718994140625,-0.8632140159606934,Africa
251,1,1,1,1,1.0,6.062115806441127e-05,2.7111821803191685e-06,2.939356007921003e-06,5.3400992130331175e-05,0.0,Sunyani Airport,Sunyani,Ghana,NYI,DGSN,7.361830234527588,-2.3287599086761475,Africa
252,1,1,2,2,1.0,7.418527942517996e-05,5.422364360638337e-06,5.878712015842006e-06,0.00010680198426066235,0.0,Takoradi Airport,Takoradi,Ghana,TKD,DGTK,4.896059989929199,-1.7747600078582764,Africa
813,81,80,160,158,0.9876543209876543,0.003043220988954024,0.0017923578042867185,0.0018788404111665712,0.033478251834842813,0.014388577892044476,OR Tambo International Airport,Johannesburg,South Africa,JNB,FAOR,-26.1392,28.246,Africa
1059,11,11,22,22,1.0,0.0003182037215282204,0.0002251750811686625,0.00020530774157446062,0.005492684183070142,0.00017376508286376597,Lungi International Airport,Freetown,Sierra Leone,FNA,GFLL,8.616439999999999,-13.1955,Africa
1062,2,2,2,2,1.0,7.291679525658604e-05,3.874731086975453e-06,4.211791102616463e-06,8.437986779457628e-05,1.595712337135836e-06,Spriggs Payne Airport,Monrovia,Liberia,MLW,GLMR,6.289060115814209,-10.758700370788574,Africa
1063,6,6,16,16,1.0,0.00023975655631542427,0.00011346733425957604,0.0001384201851082748,0.003901802877073088,4.11061918147444e-06,Roberts International Airport,Monrovia,Liberia,ROB,GLRB,6.23379,-10.3623,Africa
4105,12,12,19,19,1.0,0.0004806857732489706,0.00011395917329610744,0.00011341214953880146,0.002086389151473531,0.0024939988330521627,Hosea Kutako International Airport,Windhoek,Namibia,WDH,FYWH,-22.4799,17.4709,Africa
5556,1,1,4,4,1.0,0.00010131352214671731,1.0844728721276674e-05,1.1757424031684012e-05,0.0002136039685213247,0.0,Kumasi Airport,Kumasi,Ghana,KMS,DGSI,6.714560031890869,-1.5908199548721311,Africa
4162,8,8,18,18,1.0,0.000258392164569781,9.833229020075978e-05,0.00010118810568533222,0.0017870346946681152,5.868224533474368e-06,Conakry International Airport,Conakry,Guinea,CKY,GUCY,9.57689,-13.612,Africa
262,2,2,2,2,1.0,8.283037524435579e-05,6.482922956202841e-06,6.318511103405859e-06,0.0001162063089078319,0.0,Benin Airport,Benin,Nigeria,BNI,DNBE,6.3169798851013175,5.599500179290772,Africa
263,2,2,2,2,1.0,8.283037524435579e-05,6.482922956202841e-06,6.318511103405859e-06,0.0001162063089078319,0.0,Margaret Ekpo International Airport,Calabar,Nigeria,CBQ,DNCA,4.976019859313965,8.347200393676758,Africa
264,3,3,3,3,1.0,9.754421825834946e-05,1.2405659274646826e-05,1.1611984944165735e-05,0.0002219194516470256,0.0,Akanu Ibiam International Airport,Enugu,Nigeria,ENU,DNEN,6.4742698669433585,7.561960220336914,Africa
266,1,1,1,1,1.0,6.87427894569741e-05,1.661600614076775e-06,1.6434598148829642e-06,2.9248130514761998e-05,0.0,Ibadan Airport,Ibadan,Nigeria,IBA,DNIB,7.362460136413574,3.97832989692688,Africa
267,1,1,1,1,1.0,6.87427894569741e-05,1.661600614076775e-06,1.6434598148829642e-06,2.9248130514761998e-05,0.0,Ilorin International Airport,Ilorin,Nigeria,ILR,DNIL,8.440210342407228,4.493919849395752,Africa
270,7,7,7,7,1.0,0.0001408691790423156,3.6423911836256444e-05,5.5561498347964056e-05,0.0010272558888910126,0.00011130962979132517,Mallam Aminu International Airport,Kano,Nigeria,KAN,DNKN,12.0476,8.52462,Africa
275,2,2,8,8,1.0,0.00019015039086649535,2.5931691824811363e-05,2.5274044413623436e-05,0.0004648252356313276,0.0,Port Harcourt International Airport,Port Hartcourt,Nigeria,PHC,DNPO,5.0154900550842285,6.94959020614624,Africa
276,1,1,1,1,1.0,6.87427894569741e-05,1.661600614076775e-06,1.6434598148829642e-06,2.9248130514761998e-05,0.0,Sadiq Abubakar III International Airport,Sokoto,Nigeria,SKO,DNSO,12.916299819946287,5.207190036773682,Africa
277,1,1,1,1,1.0,6.87427894569741e-05,1.661600614076775e-06,1.6434598148829642e-06,2.9248130514761998e-05,0.0,Yola Airport,Yola,Nigeria,YOL,DNYO,9.257550239562988,12.430399894714355,Africa
999,9,9,10,9,1.0,0.00020459485912922655,8.387754330956416e-05,7.560804296503637e-05,0.0017196550937402305,0.0007069344593850224,N'Djamena International Airport,N'djamena,Chad,NDJ,FTTJ,12.1337,15.034,Africa
6730,2,2,2,2,1.0,8.283037524435579e-05,6.482922956202841e-06,6.318511103405859e-06,0.0001162063089078319,0.0,Sam Mbakwe International Airport,Imo,Nigeria,QOW,DNIM,5.427060127258301,7.2060298919677725,Africa
6972,2,2,2,2,1.0,8.283037524435579e-05,6.482922956202841e-06,6.318511103405859e-06,0.0001162063089078319,0.0,Warri Airport,Osubi,Nigeria,QRW,DNSU,5.5961099999999995,5.81778,Africa
268,1,1,1,1,1.0,6.114462249102426e-05,4.8213223421260655e-06,4.675051288522892e-06,8.695817839306989e-05,0.0,Yakubu Gowon Airport,Jos,Nigeria,JOS,DNJO,9.639829635620115,8.869050025939941,Africa
269,1,1,1,1,1.0,6.114462249102426e-05,4.8213223421260655e-06,4.675051288522892e-06,8.695817839306989e-05,0.0,Kaduna Airport,Kaduna,Nigeria,KAD,DNKA,10.696000099182127,7.320109844207764,Africa
1175,22,22,40,41,1.0,0.0006451836818763844,0.0003501061572216747,0.0003371399591918563,0.006220636001597506,0.0019809736956690966,Khartoum International Airport,Khartoum,Sudan,KRT,HSSS,15.589500427246096,32.55319976806641,Africa
1165,17,16,38,40,0.9411764705882353,0.000566952760968064,0.00018092236071051338,0.0003969798294781692,0.005342212513064124,0.0010524246806863176,Kigali International Airport,Kigali,Rwanda,KGL,HRYR,-1.96863,30.1395,Africa
9826,1,1,1,1,1.0,6.114462249102426e-05,4.8213223421260655e-06,4.675051288522892e-06,8.695817839306989e-05,0.0,Akwa Ibom International Airport,Uyo,Nigeria,QUO,DNAI,4.8725,8.093,Africa
286,10,10,16,15,1.0,0.00019358194979845176,0.00022936029167787482,0.0002401124383284886,0.004068837746615473,9.270489056250602e-07,Monastir Habib Bourguiba International Airport,Monastir,Tunisia,MIR,DTMB,35.75809860229492,10.75469970703125,Africa
1418,56,55,91,92,0.9821428571428571,0.0008197225277994411,0.0012169515227295317,0.0011580076406218233,0.021741240395401894,0.0005376303590390182,Nantes Atlantique Airport,Nantes,France,NTE,LFRS,47.15319824220001,-1.61073005199,Europe
290,1,2,1,2,2.0,5.709649302795884e-05,1.2956227143621417e-07,6.320090093943042e-06,0.00011703473196471035,0.0,Gafsa Ksar International Airport,Gafsa,Tunisia,GAF,DTTF,34.42200088500977,8.822500228881836,Africa
291,2,2,2,2,1.0,8.135530509140125e-05,6.590776200012428e-06,6.320822233486484e-06,0.00011703473196471035,0.00010803979064953841,Gabès Matmata International Airport,Gabes,Tunisia,GAE,DTTG,33.87689971923828,10.103300094604492,Africa
293,23,23,36,36,1.0,0.00034408262004865836,0.0005815568023965877,0.0006185198012863069,0.010973032484587912,7.237239567809624e-05,Djerba Zarzis International Airport,Djerba,Tunisia,DJE,DTTJ,33.875,10.775500297546388,Africa
295,4,4,8,8,1.0,0.00013469420317015145,7.094160238164864e-05,7.137343860112003e-05,0.0012597254916306582,2.007805815777045e-06,Sfax Thyna International Airport,Sfax,Tunisia,SFA,DTTX,34.71799850463867,10.690999984741213,Africa
296,4,2,4,2,0.5,0.00012623714665457373,1.6672547975810516e-05,1.654038900538421e-05,0.0002967297684264404,0.0002068980736864494,Tozeur Nefta International Airport,Tozeur,Tunisia,TOE,DTTZ,33.939701080322266,8.110560417175293,Africa
345,147,147,285,285,1.0,0.0025181668166608185,0.004324414258548185,0.0043461781609417625,0.07667135389414742,0.0065026741537695075,Düsseldorf Airport,Duesseldorf,Germany,DUS,EDDL,51.289501,6.766780000000001,Europe
1094,9,9,11,12,1.0,0.0001861878393237529,0.00010031486417752217,9.711510865861533e-05,0.001792710077373446,0.0004880984589410697,Nouakchott–Oumtounsy International Airport,Nouakschott,Mauritania,NKC,GQNO,18.31,-15.969722199999998,Africa
1154,11,11,23,23,1.0,0.00030852232868792154,0.0001994851397579138,0.00019819544277889628,0.00353602790541136,1.532689241655613e-05,Benina International Airport,Benghazi,Libya,BEN,HLLB,32.096801757799994,20.2695007324,Africa
1435,26,26,35,34,1.0,0.00034257634268449296,0.0004627612831197023,0.0004884211568831327,0.008245261350166042,0.00011417024311623842,Strasbourg Airport,Strasbourg,France,SXB,LFST,48.53829956054688,7.628230094909668,Europe
1512,38,39,63,63,1.0263157894736843,0.0005766287483602858,0.001003192475819224,0.0010364741222162407,0.017904241321328083,0.0004873261079978202,Falcone–Borsellino Airport,Palermo,Italy,PMO,LICJ,38.175999,13.091,Europe
1538,64,64,88,88,1.0,0.0007789864210272317,0.0013180142300199416,0.0013122511342878323,0.02329517140931438,0.0007351391334137631,Bologna Guglielmo Marconi Airport,Bologna,Italy,BLQ,LIPE,44.5354,11.2887,Europe
1561,51,51,79,79,1.0,0.0006707939849453586,0.001286530668260997,0.0012947903864974307,0.022911363589862427,0.0001830845012836642,Naples International Airport,Naples,Italy,NAP,LIRN,40.886002000000005,14.2908,Europe
1739,51,51,84,85,1.0,0.0007909897245049523,0.0014921058159212733,0.0014302532639613008,0.026506893699624817,0.0006663782880137056,Belgrade Nikola Tesla Airport,Belgrade,Serbia,BEG,LYBE,44.8184013367,20.3090991974,Europe
2176,56,56,118,119,1.0,0.001318451796334337,0.0013181996602266988,0.0013145531029007005,0.023493511900861682,0.004354787309536664,Kuwait International Airport,Kuwait,Kuwait,KWI,OKBK,29.226600646972656,47.96889877319336,Asia
4029,188,187,324,322,0.9946808510638298,0.0044746033216806,0.0020914288088335377,0.0020861340915699503,0.03710107470275175,0.024119561122203367,Domodedovo International Airport,Moscow,Russia,DME,UUDD,55.40879821777344,37.90629959106445,Europe
5696,2,2,2,2,1.0,6.871912530618922e-05,9.54076106178511e-06,9.344435222701439e-06,0.00016921891552580665,3.6216519987552113e-06,Gardabya Airport,Sirt,Libya,SRX,HLGD,31.0634994507,16.5949993134,Africa
5697,3,3,5,4,1.0,9.96073979535156e-05,1.7935069023749634e-05,2.0627256628809777e-05,0.0003178677360853267,3.324998685251154e-07,Gamal Abdel Nasser Airport,Tobruk,Libya,TOB,HLGN,31.861,23.906999999999996,Africa
5699,2,2,3,3,1.0,7.875858163050546e-05,1.603779724305643e-05,1.566452531664448e-05,0.00028392000864851214,0.0,La Abraq Airport,Al Bayda',Libya,LAQ,HLLQ,32.78870010375977,21.96430015563965,Africa
342,87,87,160,161,1.0,0.0013582632700849795,0.0025502064642647483,0.0024336665719426553,0.04540779547496513,0.000630683988141689,Hamburg Airport,Hamburg,Germany,HAM,EDDH,53.630401611328,9.988229751586902,Europe
347,30,32,47,48,1.0666666666666667,0.00041984230280445867,0.0007262271079244309,0.0007346980498387724,0.013108133816200967,0.00019348219601938795,Nuremberg Airport,Nuernberg,Germany,NUE,EDDN,49.498699,11.078056,Europe
348,27,28,39,40,1.037037037037037,0.0003549365979165977,0.0005715635546976925,0.0005675178952249148,0.010162503115273332,0.00022225917845912976,Leipzig/Halle Airport,Leipzig,Germany,LEJ,EDDP,51.423889,12.236389,Europe
629,54,54,70,70,1.0,0.0006270401886795679,0.001217873768604205,0.0012058129285296376,0.02167706669071263,0.0012075821454474536,Luxembourg-Findel International Airport,Luxemburg,Luxembourg,LUX,ELLX,49.6233333,6.204444400000001,Europe
7447,25,25,45,45,1.0,0.00040289431731549587,0.000718583496555025,0.0006950009806373458,0.013359214474321108,6.351688576065428e-05,Enfidha - Hammamet International Airport,Enfidha,Tunisia,NBE,DTNH,36.075833,10.438611,Africa
2560,50,49,96,98,0.98,0.0015170642121746624,0.0012818988579776044,0.0012333983281499128,0.022800844255441897,0.022038043194827533,Rio Galeão – Tom Jobim International Airport,Rio De Janeiro,Brazil,GIG,SBGL,-22.8099994659,-43.2505569458,South America
299,1,1,2,2,1.0,6.630592426614533e-05,1.2230935963730088e-05,9.453253676565367e-06,0.00021732967470199855,0.0,Antwerp International Airport (Deurne),Antwerp,Belgium,ANR,EBAW,51.1893997192,4.46027994156,Europe
503,36,35,66,62,0.9722222222222222,0.0007038890876244446,0.0008364423351738873,0.0010790718919033195,0.01926678105650437,0.0012934985692841835,London City Airport,London,United Kingdom,LCY,EGLC,51.505299,0.0552779999999999,Europe
350,80,80,136,137,1.0,0.0011654979310434398,0.0020096071870479163,0.0019810350747916415,0.0357538110797155,0.0011959987903501458,Stuttgart Airport,Stuttgart,Germany,STR,EDDS,48.6898994446,9.22196006775,Europe
351,110,109,210,208,0.990909090909091,0.001865907074663492,0.003294419801653226,0.0033009105811463973,0.05867020802283886,0.002190551946147507,Berlin-Tegel Airport,Berlin,Germany,TXL,EDDT,52.5597,13.2877,Europe
352,50,50,76,76,1.0,0.0006492031031792211,0.0012876703024892553,0.0012895523871096245,0.022940772585963182,0.0003752699562532742,Hannover Airport,Hannover,Germany,HAJ,EDDV,52.461101532,9.68507957458,Europe
415,28,28,38,38,1.0,0.00048606930858099154,0.0005056070925993782,0.0005053944727333122,0.00897822546315672,0.0020600770820854253,Lennart Meri Tallinn Airport,Tallinn-ulemiste International,Estonia,TLL,EETN,59.41329956049999,24.8327999115,Europe
469,81,81,131,133,1.0,0.00116530553542648,0.0014490510311786764,0.0014335201046405375,0.025690244602573232,0.0025927748205639618,Birmingham International Airport,Birmingham,United Kingdom,BHX,EGBB,52.4538993835,-1.7480299472799998,Europe
521,48,49,81,84,1.0208333333333333,0.0006991837293747083,0.0011643986283701726,0.0011424881892674052,0.020431612746336723,0.000296716045584872,Newcastle Airport,Newcastle,United Kingdom,NCL,EGNT,55.037498474121094,-1.6916699409484863,Europe
523,57,57,97,95,1.0,0.0008435907735992927,0.0007517866115510755,0.000767386838417125,0.013716129084625479,0.0005299769087292639,East Midlands Airport,East Midlands,United Kingdom,EMA,EGNX,52.8311004639,-1.32806003094,Europe
596,30,30,34,34,1.0,0.0003116642598436326,0.0005103586770922606,0.0005112008067522408,0.009067038077003695,0.0002741956757266651,Cork Airport,Cork,Ireland,ORK,EICK,51.84130096435547,-8.491109848022461,Europe
668,47,47,50,51,1.0,0.0005005090266732436,0.0005744839400454464,0.0005562332496742694,0.010217462405254835,0.0012902428271346445,Gdańsk Lech Wałęsa Airport,Gdansk,Poland,GDN,EPGD,54.37760162353515,18.46619987487793,Europe
680,31,31,33,33,1.0,0.00031470034190400414,0.00042035407366435387,0.00042394393127035887,0.0074717593412015415,0.00020420311105243414,Copernicus Wrocław Airport,Wroclaw,Poland,WRO,EPWR,51.10269927979999,16.885799408,Europe
687,32,32,54,52,1.0,0.0005747105549113669,0.00120756658006441,0.0012885833325827158,0.02141370476745627,0.0011494222520464044,Gothenburg-Landvetter Airport,Gothenborg,Sweden,GOT,ESGG,57.662799835205,12.279800415039,Europe
738,15,15,27,27,1.0,0.0005692167915297679,0.00010580786849125288,0.00010508737269461216,0.001876396436364778,0.000616196142200807,Stockholm-Bromma Airport,Stockholm,Sweden,BMA,ESSB,59.35440063476562,17.941699981689453,Europe
951,36,36,46,46,1.0,0.0010917582759682608,0.0005246649689539827,0.0005567502978133939,0.0112465111400964,0.011544883661580173,Quatro de Fevereiro Airport,Luanda,Angola,LAD,FNLU,-8.858369999999999,13.2312,Africa
1020,19,16,28,27,0.8421052631578947,0.0007946813602343479,0.0002145051892631349,0.00016035937647350453,0.004405355596471165,0.009148350181107703,Ndjili International Airport,Kinshasa,Congo (Kinshasa),FIH,FZAA,-4.38575,15.4446,Africa
1054,82,79,153,153,0.9634146341463414,0.0013822398954577656,0.0018753943435891691,0.0018597152150573158,0.033621652987833005,0.0014829279945037072,Gran Canaria Airport,Gran Canaria,Spain,LPA,GCLP,27.931900024414062,-15.38659954071045,Europe
1055,57,54,117,116,0.9473684210526315,0.0009671827130082862,0.0013385055756962052,0.0014075550975252134,0.024750766321126324,0.00019786938919686605,Lanzarote Airport,Arrecife,Spain,ACE,GCRR,28.945499,-13.6052,Europe
1056,83,83,159,159,1.0,0.0013308966984968231,0.0018149588418487769,0.0018096787086363361,0.03267339502823047,0.002137072398886891,Tenerife South Airport,Tenerife,Spain,TFS,GCTS,28.044500351,-16.5725002289,Europe
1064,21,20,28,28,0.9523809523809523,0.00030285971295058187,0.00048468424529975743,0.00045387322871688206,0.008743961991266043,0.0005058070706761674,Al Massira Airport,Agadir,Morocco,AGA,GMAD,30.32500076293945,-9.41306972503662,Africa
1070,9,9,10,10,1.0,0.00013658722401426325,8.26900564351585e-05,8.317419000231222e-05,0.0014832004040500973,9.674118600276189e-06,Angads Airport,Oujda,Morocco,OUD,GMFO,34.78720092773437,-1.92399001121521,Africa
1075,48,49,72,73,1.0208333333333333,0.0006721355379116519,0.00097485610816095,0.0009710961331871262,0.01728895245563624,0.001025515154828034,Menara Airport,Marrakech,Morocco,RAK,GMMX,31.6068992615,-8.036299705510002,Africa
1080,12,12,19,19,1.0,0.00020608427148622045,0.0004921519171843301,0.0004911149530008804,0.008752482890691348,0.00010269147545298381,Ibn Batouta Airport,Tanger,Morocco,TNG,GMTT,35.726898193400004,-5.916890144349999,Africa
1120,4,3,14,13,0.75,0.0002060966874243328,5.38223860125385e-05,0.00013011715515578762,0.0028999083428705727,0.0,Bujumbura International Airport,Bujumbura,Burundi,BJM,HBBA,-3.3240199089050293,29.318500518798828,Africa
1191,11,11,12,12,1.0,0.00016179906212240993,0.0001590879992747696,0.00015893244617968822,0.002822401628386767,0.00015019024397215026,Burgas Airport,Bourgas,Bulgaria,BOJ,LBBG,42.56959915161133,27.515199661254886,Europe
1194,41,41,66,66,1.0,0.0005961997004918721,0.0013542257602337726,0.0013393434697834123,0.024012611730230938,0.0002734078526545592,Sofia Airport,Sofia,Bulgaria,SOF,LBSF,42.69669342041016,23.411436080932617,Europe
1196,9,9,9,9,1.0,0.00012634672803669227,0.0001056749151632264,0.00010634794152121195,0.0018916026651418158,2.1259363767134827e-05,Varna Airport,Varna,Bulgaria,VAR,LBWN,43.232101,27.8251,Europe
1198,25,25,43,42,1.0,0.0004083619930098487,0.00048772095301357954,0.0005131439026611955,0.008652765599334287,0.00013889075974556656,Paphos International Airport,Paphos,Cyprus,PFO,LCPH,34.71799850463867,32.48569869995117,Europe
1200,41,41,61,60,1.0,0.0005512248009309461,0.0010503200304191724,0.0011036737254463214,0.018746991808510083,0.0005015557222502762,Dubrovnik Airport,Dubrovnik,Croatia,DBV,LDDU,42.5614013671875,18.268199920654297,Europe
1208,28,27,43,42,0.9642857142857143,0.00045116619224448175,0.0009711614540252004,0.0009789759967609145,0.017296287088765353,0.0007508810291602,Zagreb Airport,Zagreb,Croatia,ZAG,LDZA,45.742900848400005,16.0687999725,Europe
1213,14,15,18,18,1.0714285714285714,0.0001957038030331659,0.0003277416851396586,0.0002933231669269854,0.005897870450016624,8.905832372779967e-05,Almería International Airport,Almeria,Spain,LEI,LEAM,36.84389877319336,-2.3701000213623047,Europe
1216,35,35,63,65,1.0,0.0005615366233465281,0.0012317851160535255,0.0011969361798975493,0.021632861670326003,0.0003521626989569768,Bilbao Airport,Bilbao,Spain,BIO,LEBB,43.30110168457031,-2.9106099605560303,Europe
1225,58,58,103,99,1.0,0.0008739953934684348,0.0015056016510700285,0.001559045576431439,0.026870195933721582,0.00018721143963304062,Ibiza Airport,Ibiza,Spain,IBZ,LEIB,38.8728981018,1.3731199502899998,Europe
1231,25,23,36,34,0.92,0.000321658940905458,0.0005536138253293663,0.0005722243816495371,0.010191935687448944,7.776690384618599e-05,Menorca Airport,Menorca,Spain,MAH,LEMH,39.86259841918945,4.2186498641967765,Europe
1236,16,16,20,19,1.0,0.0002024685802403959,0.00019623260451187433,0.00020179648076531026,0.003489638704550308,9.892880605741194e-06,Reus Air Base,Reus,Spain,REU,LERS,41.14739990234375,1.1671700477600098,Europe
1243,21,22,34,36,1.0476190476190477,0.0003126893537317551,0.0005925866007832683,0.0005677572736720294,0.010525563491009093,3.869980850540253e-05,Santiago de Compostela Airport,Santiago,Spain,SCQ,LEST,42.89630126953125,-8.415140151977539,Europe
1246,57,57,81,82,1.0,0.0007187024174973988,0.0012502360339685659,0.001227449450139352,0.022182617023683945,0.0007004623098018446,Valencia Airport,Valencia,Spain,VLC,LEVC,39.4893,-0.481625,Europe
1253,38,38,62,65,1.0,0.0005608483551650302,0.0007629626327256072,0.0007129532837709691,0.013414522741038316,3.805002683307989e-05,Sevilla Airport,Sevilla,Spain,SVQ,LEZL,37.41799926757813,-5.8931097984313965,Europe
1276,5,5,5,5,1.0,9.159500121610928e-05,7.79629782258089e-05,7.818089073725288e-05,0.0013907718754725806,1.3499050005893583e-05,Tarbes-Lourdes-Pyrénées Airport,Tarbes,France,LDE,LFBT,43.1786994934082,-0.0064389999024569,Europe
1321,23,23,36,36,1.0,0.00037264992758735563,0.00040068954126585475,0.0004030973352213846,0.007126995736810244,9.843796848525652e-05,Bastia-Poretta Airport,Bastia,France,BIA,LFKB,42.55270004272461,9.48373031616211,Europe
1452,58,59,109,110,1.0172413793103448,0.0009397694117918117,0.0015816014946155525,0.0015927024938063234,0.028449370476512626,0.0010905102607076938,Heraklion International Nikos Kazantzakis Airport,Heraklion,Greece,HER,LGIR,35.3396987915,25.1802997589,
1458,30,28,47,43,0.9333333333333333,0.0004397039568129368,0.0006040641849398313,0.0006520448645961943,0.011056369233940896,0.0002213331851010504,Kos Airport,Kos,Greece,KGS,LGKO,36.79330062866211,27.09169960021973,
1460,38,37,53,50,0.9736842105263158,0.00047231207079216137,0.0007107598995528968,0.0007767595948654308,0.012776373753174886,0.00018551321729097894,Ioannis Kapodistrias International Airport,Kerkyra/corfu,Greece,CFU,LGKR,39.601898193359375,19.911699295043945,
1468,10,9,13,13,0.9,0.00015201181319561178,0.0002608152674428145,0.0003197906752530992,0.005761969517337861,3.57838546699596e-06,Mikonos Airport,Mykonos,Greece,JMK,LGMK,37.43510055541992,25.348100662231445,
1472,50,47,86,82,0.94,0.0008425158386080304,0.0010178315328401655,0.0010147179366344268,0.01816571967967571,0.0013130167128402133,Diagoras Airport,Rhodos,Greece,RHO,LGRP,36.40539932250977,28.086200714111328,
1474,38,37,46,44,0.9736842105263158,0.0004361261281624367,0.0004322197268034893,0.0005215208505417678,0.008941759024749958,0.0005057863556272278,Chania International Airport,Chania,Greece,CHQ,LGSA,35.531700134277344,24.14970016479492,
1488,12,12,17,16,1.0,0.00019306853197592277,0.0003007177874320279,0.0003263919759423703,0.005361425628743443,0.0001958456198597187,"Zakynthos International Airport ""Dionysios Solomos""",Zakynthos,Greece,ZTH,LGZA,37.7509,20.8843,
1489,77,77,97,98,1.0,0.0008639599451737741,0.001589437589584788,0.0015480646032786428,0.028232954740430423,0.0027263719935665923,Budapest Liszt Ferenc International Airport,Budapest,Hungary,BUD,LHBP,47.429759999999995,19.261093,Europe
1509,50,47,118,115,0.94,0.0009753629829046149,0.002012293110129246,0.0020353085333939757,0.03608245997536378,0.00020613961765111053,Catania-Fontanarossa Airport,Catania,Italy,CTA,LICC,37.466801,15.0664,Europe
1526,29,29,42,44,1.0,0.0003915066834672306,0.000712849091769116,0.0006533753179654028,0.012676088526117261,0.00038271818102991436,Turin Airport,Torino,Italy,TRN,LIMF,45.200802,7.64963,Europe
1529,33,33,60,60,1.0,0.000554815559314299,0.0012793703854252984,0.0012821468827740688,0.022760762796596477,0.000269470456554358,Milano Linate Airport,Milan,Italy,LIN,LIML,45.445099,9.27674,Europe
1539,38,38,38,38,1.0,0.0003639586883888671,0.00023422921497060783,0.00023325746827147317,0.004161896200800983,0.00014177510988416176,Treviso-Sant'Angelo Airport,Treviso,Italy,TSF,LIPH,45.648399,12.1944,Europe
1563,26,26,53,53,1.0,0.00046922991597824485,0.0010373010573096982,0.001032945583189025,0.018390103551413368,6.43045094776314e-06,Peretola Airport,Florence,Italy,FLR,LIRQ,43.810001,11.2051,Europe
1569,22,22,33,33,1.0,0.00032647654644843427,0.0006462135147272404,0.0006511691471157128,0.011503473694125068,7.255641581154697e-05,Ljubljana Jože Pučnik Airport,Ljubljana,Slovenia,LJU,LJLJ,46.223701,14.4576,Europe
1587,94,94,181,180,1.0,0.0016220395119390407,0.002938815388551563,0.0029268871922865816,0.05242943693218047,0.0013750518688500242,Václav Havel Airport Prague,Prague,Czech Republic,PRG,LKPR,50.1008,14.26,Europe
1626,61,63,105,106,1.0327868852459017,0.000918281025695346,0.001300440693814244,0.0012903329746201686,0.02315447044238295,0.0011574265655380346,Faro Airport,Faro,Portugal,FAO,LPFR,37.0144004822,-7.965909957889999,Europe
1657,68,66,115,112,0.9705882352941176,0.0011423850733577677,0.0018140039672781998,0.0018152312981307567,0.032178682976323106,0.0032706026914265866,Henri Coandă International Airport,Bucharest,Romania,OTP,LROP,44.5711111,26.085,Europe
1688,64,63,126,127,0.984375,0.001146156932566082,0.0015975317743710904,0.0015847818166309434,0.02862160932399487,0.0018014719446753642,Antalya International Airport,Antalya,Turkey,AYT,LTAI,36.898701,30.800501,Asia
1706,45,44,67,66,0.9777777777777777,0.0007121183758095398,0.0008893085079739927,0.0008930921888998446,0.015825845914229194,0.0011897344308759085,Adnan Menderes International Airport,Izmir,Turkey,ADB,LTBJ,38.2924003601,27.156999588,Asia
1743,6,6,11,11,1.0,0.0001562471823538459,0.00018085686452748505,0.00018241689810184904,0.0032261070620726697,2.1654209189005822e-05,Tivat Airport,Tivat,Montenegro,TIV,LYTV,42.40470123291016,18.72330093383789,Europe
2939,61,62,100,102,1.0163934426229508,0.0010316041342843304,0.0015184110838390576,0.0015024581829879368,0.02686055842756364,0.0019512191880963591,Boryspil International Airport,Kiev,Ukraine,KBP,UKBB,50.34500122070313,30.89469909667969,Europe
2997,81,82,220,222,1.0123456790123457,0.002855180304860759,0.0021044330902058235,0.002103795337284993,0.03743431644373562,0.011033533017463544,Chhatrapati Shivaji International Airport,Mumbai,India,BOM,VABB,19.0886993408,72.8678970337,Asia
3093,96,96,258,259,1.0,0.003362377002210002,0.002570793298946382,0.0025572265801237152,0.04557320612827253,0.019982343318850966,Indira Gandhi International Airport,Delhi,India,DEL,VIDP,28.5665,77.103104,Asia
3885,120,120,329,325,1.0,0.003789326518103679,0.004740712880093697,0.00476154642279585,0.08516680555680906,0.015238382340710309,Suvarnabhumi Airport,Bangkok,Thailand,BKK,VTBS,13.681099891662598,100.74700164794922,Asia
3953,68,68,101,101,1.0,0.0009454397041640017,0.0014956011873328977,0.001497116305857244,0.026578391667286764,0.0013249217606073173,Riga International Airport,Riga,Latvia,RIX,EVRA,56.92359924316406,23.971099853515625,Europe
3959,46,46,58,58,1.0,0.000567291892197948,0.0007644027287914192,0.0007667947357106376,0.01359908191969917,0.0010994165329976436,Vilnius International Airport,Vilnius,Lithuania,VNO,EYVI,54.634102,25.285801,Europe
4091,30,30,52,52,1.0,0.0004845120434673765,0.0008559574523443314,0.0008526221501799062,0.015134721132497678,0.00020079591851439877,Madeira Airport,Funchal,Portugal,FNC,LPMA,32.697899,-16.7745,Europe
4161,12,7,21,17,0.5833333333333334,0.00040432186755621054,0.0002356024439740885,0.0002583218255132838,0.0046277401401259,0.0008594222949501206,Yaoundé Nsimalen International Airport,Yaounde,Cameroon,NSI,FKYS,3.722559928894043,11.553299903869627,Africa
4315,20,21,32,31,1.05,0.0003221061409331778,0.0003966602978674586,0.00040854834419878005,0.007059644712089275,2.7415597546825047e-05,Milas Bodrum International Airport,Bodrum,Turkey,BJV,LTFE,37.25059890749999,27.6643009186,Asia
4317,98,98,145,145,1.0,0.0017237122894735904,0.0012656033917872427,0.001268763594142144,0.022507421539235396,0.007940443417984895,Sabiha Gökçen International Airport,Istanbul,Turkey,SAW,LTFJ,40.898601532,29.3092002869,Asia
5673,12,12,18,18,1.0,0.0001933215724700275,0.0003526993548802882,0.00035425465906261587,0.006308593745949381,5.73532980543333e-05,Nador International Airport,El Aroui,Morocco,NDR,GMMW,34.988800048799995,-3.0282099247000005,Africa
6780,1,1,1,1,1.0,5.517602439451864e-05,2.643064780678755e-05,2.6677785894366147e-05,0.0004765069361614891,0.0,Anadolu Airport,Eskissehir,Turkey,AOE,LTBY,39.809898,30.5194,Asia
304,83,83,84,84,1.0,0.000821485017938647,0.00042096720547125173,0.0004213087733696576,0.007495505838387479,0.0017492587884827434,Brussels South Charleroi Airport,Charleroi,Belgium,CRL,EBCI,50.459202000000005,4.4538199999999994,Europe
657,35,35,37,37,1.0,0.00035626510972387244,0.0002778179722233129,0.00027570752103557214,0.004902794838983351,0.00013052966149321112,"Moss Airport, Rygge",Rygge,Norway,RYG,ENRY,59.378817000000005,10.785439,Europe
669,52,52,57,57,1.0,0.0005171632529151698,0.0007037637558982529,0.000707253249194858,0.01249891863807818,0.0012235745702796738,Kraków John Paul II International Airport,Krakow,Poland,KRK,EPKK,50.077702,19.7848,Europe
699,31,31,31,31,1.0,0.00030924222517044456,0.00016831203210161585,0.0001672043115425329,0.002981038320799528,8.77676880009301e-05,Stockholm Skavsta Airport,Stockholm,Sweden,NYO,ESKN,58.78860092163086,16.912200927734375,Europe
1051,51,53,95,97,1.0392156862745099,0.0007944349776397345,0.0013144279393736693,0.0012811026047465106,0.02355801295521911,0.0002666936439354663,Fuerteventura Airport,Fuerteventura,Spain,FUE,GCFV,28.452699661254886,-13.863800048828123,Europe
1066,16,16,18,18,1.0,0.00021501593494384095,0.00014994750721498154,0.00015119668992991705,0.0026930596016576922,7.55671308772296e-05,Saïss Airport,Fes,Morocco,FEZ,GMFF,33.927299499499995,-4.977960109709999,Africa
1072,9,9,11,11,1.0,0.00014690361191586012,0.00014293702556402368,0.0001451543115860337,0.002564775678082068,3.789637757269881e-05,Rabat-Salé Airport,Rabat,Morocco,RBA,GMME,34.051497999999995,-6.751519999999999,Africa
1203,13,14,15,15,1.0769230769230769,0.00017540046747999935,0.00019027993734528447,0.00023108187101864057,0.003371473961569879,0.00015507348556031603,Pula Airport,Pula,Croatia,PUY,LDPL,44.89350128173828,13.922200202941896,Europe
1209,24,24,26,26,1.0,0.00026435940161970855,0.00030812021372724304,0.0003128978737585809,0.005497758346994105,7.844878704060484e-05,Zadar Airport,Zadar,Croatia,ZAD,LDZD,44.108299,15.3467,Europe
1222,49,49,49,49,1.0,0.0005001356342209821,0.00025320128760983514,0.0002292633653309752,0.004551641938998091,0.0006574384200165082,Girona Airport,Gerona,Spain,GRO,LEGE,41.901000976999995,2.7605500221,Europe
1251,17,17,19,19,1.0,0.00019687615344949076,0.00024058029276501758,0.00024002155836392366,0.0042735099778935404,2.4151957974936492e-05,Santander Airport,Santander,Spain,SDR,LEXJ,43.427101135253906,-3.82000994682312,Europe
1252,8,8,8,8,1.0,0.00011319387962396033,4.809172487905819e-05,4.7479369936635474e-05,0.0008485206589287477,2.532583760389251e-06,Zaragoza Air Base,Zaragoza,Spain,ZAZ,LEZG,41.66619873046875,-1.0415500402450562,Europe
1265,9,9,11,11,1.0,0.00016523843011508036,2.965681712679033e-05,2.9822730443383645e-05,0.0005302994498643645,5.0994187405407456e-05,Bergerac-Roumanière Airport,Bergerac,France,EGC,LFBE,44.82529830932617,0.5186110138893127,Europe
1280,13,13,14,14,1.0,0.00016409406278882833,0.00017856211587529675,0.0001802783306318705,0.0031773477278569415,8.978315562986078e-05,Biarritz-Anglet-Bayonne Airport,Biarritz-bayonne,France,BIQ,LFBZ,43.4683333,-1.5311111000000002,Europe
1289,4,4,4,4,1.0,8.189923426941883e-05,3.908002860511074e-05,3.921305650518873e-05,0.0006946164942781413,3.0531226939925834e-06,Rodez-Marcillac Airport,Rodez,France,RDZ,LFCR,44.407901763916016,2.4826700687408447,Europe
1323,9,9,14,14,1.0,0.00020379320538604765,9.671003260665255e-05,0.00010230413937177505,0.0018047296257961266,0.0006153179153964885,Figari Sud-Corse Airport,Figari,France,FSC,LFKF,41.5005989074707,9.097780227661133,Europe
1352,10,10,10,10,1.0,0.00012994176467791605,5.449950617735533e-05,5.431818930694879e-05,0.0009616727618762637,4.5060007558692235e-06,Carcassonne Airport,Carcassonne,France,CCF,LFMK,43.21599960327149,2.3063199520111084,Europe
1356,5,5,5,5,1.0,8.944945309154457e-05,4.564285236330047e-05,4.608989126873117e-05,0.0008172375781018095,3.285464628147028e-06,Perpignan-Rivesaltes (Llabanère) Airport,Perpignan,France,PGF,LFMP,42.74039840698242,2.8706700801849365,Europe
1359,20,20,24,24,1.0,0.0002492179801132822,0.00033876731592458225,0.00034000333382440396,0.006015707666709027,0.00013974894380433149,Montpellier-Méditerranée Airport,Montpellier,France,MPL,LFMT,43.57619857788086,3.96301007270813,Europe
1439,4,4,4,4,1.0,8.134954549939691e-05,1.1189901217648637e-05,1.1244958876066308e-05,0.00019826331606226087,8.14516263984086e-07,Nîmes-Arles-Camargue Airport,Nimes,France,FNI,LFTW,43.75740051269531,4.4163498878479,Europe
1448,4,4,5,5,1.0,8.924292332254155e-05,9.190579542423984e-05,5.541906941038949e-05,0.001673257741285661,1.6104145707274132e-06,Nea Anchialos Airport,Nea Anghialos,Greece,VOL,LGBL,39.21960067749024,22.794300079345703,
1486,55,54,87,87,0.9818181818181818,0.0008194899378563638,0.0011308474254147364,0.001151459182457544,0.020037329466682647,0.0018191454218842449,Thessaloniki Macedonia International Airport,Thessaloniki,Greece,SKG,LGTS,40.51969909667969,22.97089958190918,
1501,41,41,50,50,1.0,0.0004430225841771756,0.0005818105834899288,0.0005842683928400898,0.01035570421052447,0.00023512957622494866,Bari Karol Wojtyła Airport,Bari,Italy,BRI,LIBD,41.138901,16.760599,Europe
1505,9,9,9,9,1.0,0.0001226361746038597,2.514373191729204e-05,2.5388339295758222e-05,0.00044979232711090235,9.530016378945053e-07,Pescara International Airport,Pescara,Italy,PSR,LIBP,42.431702,14.1811,Europe
1506,19,19,22,22,1.0,0.0002189046542771374,0.0002668953563341055,0.00027024980982048077,0.004771006465688945,1.891105149574364e-05,Brindisi – Salento Airport,Brindisi,Italy,BDS,LIBR,40.6576,17.947001,Europe
1508,21,21,25,25,1.0,0.00024229093740555835,0.0003191794736692791,0.0003479072510052477,0.006384728090534794,4.092386953448153e-05,Lamezia Terme Airport,Lamezia,Italy,SUF,LICA,38.905399,16.2423,Europe
1515,28,28,28,28,1.0,0.00032109054556742414,8.17033041739007e-05,8.195059833487104e-05,0.001454947607005736,0.00016204723715584107,Vincenzo Florio Airport Trapani-Birgi,Trapani,Italy,TPS,LICT,37.9114,12.488,Europe
1517,31,31,31,31,1.0,0.0003260071854333611,0.00018132786452108496,0.00018213893371160192,0.003237835614095338,0.0002642808040312629,Alghero-Fertilia Airport,Alghero,Italy,AHO,LIEA,40.632099,8.29077,Europe
1519,38,38,43,43,1.0,0.00041614547905916536,0.0003902206369250421,0.00039542308589034643,0.006974359317909888,0.00042861784684355904,Cagliari Elmas Airport,Cagliari,Italy,CAG,LIEE,39.251499,9.05428,Europe
1525,80,80,81,81,1.0,0.0008556653852710478,0.00046376208287723014,0.0004598044599021235,0.008195419848614527,0.002837233938060956,Il Caravaggio International Airport,Bergamo,Italy,BGY,LIME,45.673901,9.70417,Europe
1528,17,17,20,20,1.0,0.00021145950571995487,0.00032470462323951565,0.0003265911987816079,0.005769840405296744,0.00011524536163674541,Genoa Cristoforo Colombo Airport,Genoa,Italy,GOA,LIMJ,44.4133,8.8375,Europe
1545,11,11,11,11,1.0,0.00013580785777763107,9.870925338670148e-05,0.0001001358944970841,0.0017658990855434935,1.7652692418397314e-05,Trieste–Friuli Venezia Giulia Airport,Ronchi De Legionari,Italy,TRS,LIPQ,45.827499,13.4722,Europe
1553,50,50,50,50,1.0,0.00046540956672524086,0.0002935355565626938,0.00029364009059626726,0.005213235048019884,0.00028933861558458904,Ciampino–G. B. Pastine International Airport,Rome,Italy,CIA,LIRA,41.7994,12.5949,Europe
1562,65,65,76,76,1.0,0.0006801799710685696,0.0008389000545460466,0.0008392792804373772,0.01488538010714517,0.0011417318217409262,Pisa International Airport,Pisa,Italy,PSA,LIRP,43.683899,10.3927,Europe
1567,5,5,5,5,1.0,9.053000616081099e-05,2.0405749394875878e-05,2.0473873968009554e-05,0.00036263925147566543,5.11449349602568e-07,Perugia San Francesco d'Assisi – Umbria International Airport,Perugia,Italy,PEG,LIRZ,43.095901,12.5132,Europe
1652,18,18,21,21,1.0,0.00021986637898092277,0.0002462461967028746,0.00024685218752573977,0.004378595834589636,9.045092926185281e-05,Cluj-Napoca International Airport,Cluj-napoca,Romania,CLJ,LRCL,46.78519821166992,23.686199188232425,Europe
1737,22,22,23,23,1.0,0.00024720146513327067,0.00021272848159670132,0.00021317816768195338,0.0037838216638042764,0.0002929047167489481,Skopje Alexander the Great Airport,Skopje,Macedonia,SKP,LWSK,41.961601,21.621401,Europe
1741,12,12,16,16,1.0,0.00018062841437402192,0.0003262173752739206,0.0003283736319824763,0.005817981978671803,0.00011068746281845777,Podgorica Airport,Podgorica,Montenegro,TGD,LYPG,42.359402,19.2519,Europe
1745,18,18,20,20,1.0,0.00022005783665024782,0.00015915429252701547,0.0001430762518566615,0.002830388551994377,4.102520586122242e-05,M. R. Štefánik Airport,Bratislava,Slovakia,BTS,LZIB,48.17020034790039,17.212699890136722,Europe
4309,10,10,10,10,1.0,0.00012854028175050974,0.00012783974664452088,0.0001288353755365495,0.002276259308010183,2.663952755855659e-05,Ancona Falconara Airport,Ancona,Italy,AOI,LIPY,43.616299,13.3623,Europe
6493,8,8,10,10,1.0,0.0001456872742006611,5.609524326515039e-05,5.5780299839116485e-05,0.0009898571702081642,5.114096848353971e-06,La Rochelle-Île de Ré Airport,La Rochelle,France,LRH,LFBH,46.17919921875,-1.1952799558639526,Europe
8414,26,26,26,26,1.0,0.00025786567594618,0.000174683774608322,0.00017513898120340707,0.003115544559988254,6.663390222801757e-05,Modlin Airport,Warsaw,Poland,WMI,EPMO,52.451099,20.6518,Europe
9327,8,8,8,8,1.0,0.00011265373030826912,4.460905002854399e-05,4.46903023009847e-05,0.0007913762298514155,6.853041353137866e-07,Comiso Airport,Comiso,Italy,CIY,LICB,36.994601,14.607182,Europe
309,6,7,8,9,1.1666666666666667,0.00015615628005609554,4.397869625699501e-05,3.162778978171484e-05,0.0007846771831050857,0.0003083453827572135,Liège Airport,Liege,Belgium,LGG,EBLG,50.63740158081055,5.443220138549805,Europe
1324,25,25,39,39,1.0,0.0004592080403467078,0.0003219898029732665,0.00035296679745239955,0.006344285616818768,0.0010606565985060608,Ajaccio-Napoléon Bonaparte Airport,Ajaccio,France,AJA,LFKJ,41.92359924316406,8.8029203414917,Europe
310,1,1,1,1,1.0,5.4737099767255e-05,1.7924545824845285e-07,1.6139054833855497e-05,0.0002928205670515324,0.0,Ostend-Bruges International Airport,Ostend,Belgium,OST,EBOS,51.1988983154,2.8622200489,Europe
491,48,48,58,58,1.0,0.0005540692052046941,0.000521342683288113,0.0005176027841645651,0.009214983399811257,0.0006725172135489371,Liverpool John Lennon Airport,Liverpool,United Kingdom,LPL,EGGP,53.33359909057617,-2.849720001220703,Europe
508,14,14,14,14,1.0,0.000155066736582916,0.00019531102058328937,0.00019493514227403498,0.003467636137411915,3.4004037193337286e-05,Southend Airport,Southend,United Kingdom,SEN,EGMC,51.5713996887207,0.6955559849739075,Europe
548,152,153,170,173,1.006578947368421,0.0017616618263944775,0.0009162415410604335,0.0008866726050451557,0.016193716589878837,0.009476028121050082,London Stansted Airport,London,United Kingdom,STN,EGSS,51.8849983215,0.234999999404,Europe
603,26,26,29,29,1.0,0.0002813836318796883,0.00042295839276301734,0.00042223128211639726,0.007516768812885442,0.0013878379111160542,Shannon Airport,Shannon,Ireland,SNN,EINN,52.702,-8.92482,Europe
665,30,31,42,44,1.0333333333333334,0.000648859520130157,0.0003476861390161179,0.00032181261366951406,0.006116627329141494,0.002684187297568784,Trondheim Airport Værnes,Trondheim,Norway,TRD,ENVA,63.45780179999999,10.9239998,Europe
666,35,37,52,54,1.0571428571428572,0.0005727632364391782,0.0008152664271699357,0.0008003324967727651,0.014485145958114723,0.0008649932526052167,Stavanger Airport Sola,Stavanger,Norway,SVG,ENZV,58.876701354,5.637780189500001,Europe
1197,55,53,97,93,0.9636363636363636,0.0008666214998983975,0.0016101791752961092,0.001620278557926374,0.028564343291512834,0.0009991913912044358,Larnaca International Airport,Larnaca,Cyprus,LCA,LCLK,34.875099182128906,33.62490081787109,Europe
1226,15,15,21,22,1.0,0.00020838147783167516,0.0004373784152999265,0.00041951159011285183,0.007921878043811711,1.2023234697105429e-05,Jerez Airport,Jerez,Spain,XRY,LEJR,36.74459838867188,-6.060110092163086,Europe
1520,32,32,52,52,1.0,0.00045083470383182794,0.0008522307643643735,0.0008233963234532369,0.01524568935760254,0.00017351424747327356,Olbia Costa Smeralda Airport,Olbia,Italy,OLB,LIEO,40.898701,9.51763,Europe
1612,20,19,35,34,0.95,0.000317150835809098,0.0005231900526079087,0.0005251328772577701,0.009605829000867953,4.431182697368006e-05,Salzburg Airport,Salzburg,Austria,SZG,LOWS,47.7933006287,13.0043001175,Europe
1715,28,28,59,57,1.0,0.0005148774452511898,0.0007943130718950473,0.0008110378084124172,0.014198266465950637,0.0001431542965228095,Dalaman International Airport,Dalaman,Turkey,DLM,LTBS,36.7131004333,28.7924995422,Asia
2948,112,109,184,183,0.9732142857142857,0.0022638309491353763,0.0016713597661181293,0.001666182605998564,0.02987754230732823,0.009013594609091995,Pulkovo Airport,St. Petersburg,Russia,LED,ULLI,59.80030059814453,30.26250076293945,Europe
2954,41,41,54,54,1.0,0.0005500322013510957,0.0007489044135524189,0.0007513555774476101,0.013332175663545968,0.0010168938538765327,Minsk National Airport,Minsk 2,Belarus,MSQ,UMMS,53.882499694824,28.030700683594,
338,18,18,22,22,1.0,0.00022050882692096533,0.00033547133958762533,0.00033339684981941174,0.00595540340091619,0.00010166727938406712,Dresden Airport,Dresden,Germany,DRS,EDDC,51.1328010559082,13.767200469970703,Europe
1130,25,26,39,40,1.04,0.0003685767584244829,0.0006681671362958582,0.000666945279766425,0.011859434255257293,0.00023378136153723498,Hurghada International Airport,Hurghada,Egypt,HRG,HEGN,27.178300857543945,33.799400329589844,Africa
339,6,6,6,6,1.0,9.14983202727876e-05,7.313252086035306e-05,7.308555039932824e-05,0.0013052689581690975,9.964540159152031e-06,Erfurt Airport,Erfurt,Germany,ERF,EDDE,50.97980117797852,10.958100318908691,Europe
341,11,11,11,11,1.0,0.0001319840839996706,0.00016911424092056705,0.0001700834802306174,0.0030000753942793154,6.971210951343781e-05,Münster Osnabrück Airport,Munster,Germany,FMO,EDDG,52.134601593,7.68483018875,Europe
353,43,43,50,50,1.0,0.0004576243042149012,0.000653879136931737,0.0006533806416356955,0.011591792211672218,0.0005728112227744481,Bremen Airport,Bremen,Germany,BRE,EDDW,53.0475006104,8.78666973114,Europe
382,12,12,13,13,1.0,0.00016060897587644356,0.00018873069203111505,0.00018908416159872378,0.00335099854048398,8.549640719036557e-05,Friedrichshafen Airport,Friedrichshafen,Germany,FDH,EDNY,47.671298980699994,9.511489868160002,Europe
410,7,7,8,8,1.0,0.00010710554549864678,0.00019763273687758556,0.0002007178381420821,0.0035249102595932952,9.153363230683333e-06,Westerland Sylt Airport,Westerland,Germany,GWT,EDXW,54.9132003784,8.34047031403,Europe
498,15,14,18,18,0.9333333333333333,0.00023356649203426893,0.00014567033838540166,0.0001897990596309365,0.003366929646003527,0.0005086841636150224,Guernsey Airport,Guernsey,Guernsey,GCI,EGJB,49.43500137329102,-2.601969957351685,Europe
532,29,29,41,41,1.0,0.000521858037397349,0.0007870835187897403,0.0007914952398263428,0.0139759610278945,0.002171967909646351,Aberdeen Dyce Airport,Aberdeen,United Kingdom,ABZ,EGPD,57.20190048217773,-2.1977798938751216,Europe
671,27,27,28,28,1.0,0.0002936865763508225,0.0002657407072869466,0.00026665381120456294,0.004716525981420447,0.00021507997457144898,Katowice International Airport,Katowice,Poland,KTW,EPKT,50.4743,19.08,Europe
674,19,19,21,21,1.0,0.0002177944349636334,0.00029903050817398926,0.00030263145514282944,0.00531734825551609,5.544036306990519e-05,Poznań-Ławica Airport,Poznan,Poland,POZ,EPPO,52.4210014343,16.8262996674,Europe
675,11,11,11,11,1.0,0.00013300056918041418,0.00016269889822761625,0.0001637156637860953,0.0028973257119919776,2.733017381052198e-05,Rzeszów-Jasionka Airport,Rzeszow,Poland,RZE,EPRZ,50.1100006104,22.018999099699997,Europe
893,24,25,41,41,1.0416666666666667,0.0006412690163021347,0.0006095466163136675,0.000606957181876985,0.011401788383276002,0.0047957230085408495,Sir Seewoosagur Ramgoolam International Airport,Plaisance,Mauritius,MRU,FIMP,-20.430201,57.683601,Africa
994,9,9,13,13,1.0,0.00023725039464781494,0.0001821252608181842,0.000183894726447127,0.003272907226446739,0.0007559256770746527,Seychelles International Airport,Mahe,Seychelles,SEZ,FSIA,-4.67434,55.521801,Africa
1053,7,7,8,8,1.0,0.0001148971238231894,0.00018727066116459523,0.000187770719805533,0.0033200772705638836,1.7390464579475782e-05,La Palma Airport,Santa Cruz De La Palma,Spain,SPC,GCLA,28.626499,-17.7556,Europe
1103,13,6,16,12,0.46153846153846156,0.0001827305688941352,0.00013753214704908235,0.00029251358254055274,0.0051657088873432325,5.060052188925468e-05,Rabil Airport,Boa Vista,Cape Verde,BVC,GVBA,16.136499404907227,-22.888900756835938,Africa
1145,8,9,12,14,1.125,0.00022084883581938665,0.00012762162234640183,0.00010979038932523721,0.002274562966287696,0.0007636719318022731,Mombasa Moi International Airport,Mombasa,Kenya,MBA,HKMO,-4.034830093383788,39.594200134277344,Africa
1190,18,18,36,36,1.0,0.0003355436704658065,0.0004635719945365952,0.00046201024385803506,0.008238752456225453,5.9863069653343476e-05,Tirana International Airport Mother Teresa,Tirana,Albania,TIA,LATI,41.4146995544,19.7206001282,
1206,36,36,48,49,1.0,0.0004527749954488786,0.0009388286063592542,0.0009191055893248397,0.016647652575984644,0.0005764883938803641,Split Airport,Split,Croatia,SPU,LDSP,43.53889846801758,16.29800033569336,Europe
1473,3,3,3,3,1.0,7.079339466286715e-05,7.27313198951969e-05,7.295201794515532e-05,0.0012852360058221034,5.686901614301379e-06,Araxos Airport,Patras,Greece,GPA,LGRX,38.1511,21.4256,
1550,22,23,38,39,1.0454545454545454,0.00034361499147578,0.0006407791595653713,0.0006350565328157277,0.011399032564512829,5.313245807193141e-05,Verona Villafranca Airport,Villafranca,Italy,VRN,LIPX,45.395699,10.8885,Europe
1609,11,11,19,19,1.0,0.00018958277049070657,0.00037935250115597984,0.0003814894560864391,0.006742209259643486,3.924717450307297e-06,Graz Airport,Graz,Austria,GRZ,LOWG,46.9911003112793,15.439599990844728,Europe
1610,6,6,8,8,1.0,0.00010927629075164143,0.0002091364842480289,0.00020929958082467474,0.003714636697468492,4.97906134410234e-06,Innsbruck Airport,Innsbruck,Austria,INN,LOWI,47.260201,11.344,Europe
1611,7,8,11,12,1.1428571428571428,0.0001317772724945676,0.00023261569258415456,0.0002296603692503112,0.004123711479751123,3.7109276752563855e-06,Linz Hörsching Airport,Linz,Austria,LNZ,LOWL,48.2332,14.1875,Europe
1682,44,42,52,51,0.9545454545454546,0.0008489594905069955,0.0003111718402789005,0.0002946607689288912,0.0055961164103202655,0.005422975207270414,Esenboğa International Airport,Ankara,Turkey,ESB,LTAC,40.1281013489,32.995098114,Asia
1735,25,25,34,34,1.0,0.0003426276896018971,0.0004587163627936502,0.00045741441219266163,0.008134071588406839,0.0003751600302458986,Chişinău International Airport,Chisinau,Moldova,KIV,LUKK,46.92770004272461,28.93099975585937,Europe
1742,17,17,21,21,1.0,0.00021285393841407089,0.00042131593539138063,0.00042523144847345524,0.007498953426406398,5.400088572838811e-05,Priština International Airport,Pristina,Serbia,PRN,BKPR,42.5728,21.035801,Europe
1762,28,27,48,45,0.9642857142857143,0.0005883207378346739,0.0009645692817837416,0.0008831263562218758,0.017770167280748504,0.00202227342209706,Las Américas International Airport,Santo Domingo,Dominican Republic,SDQ,MDSD,18.42970085144,-69.668899536133,North America
2057,40,40,86,84,1.0,0.0009370427673564622,0.0012284376701110465,0.001259697757197567,0.021916190204407177,0.0012106639287532935,Bahrain International Airport,Bahrain,Bahrain,BAH,OBBI,26.27079963684082,50.63359832763672,
2064,47,47,81,81,1.0,0.0009816203637893178,0.0007277931193897505,0.0007184985734517912,0.012892018435151191,0.0012047625379427225,King Fahd International Airport,Dammam,Saudi Arabia,DMM,OEDF,26.471200942993164,49.79790115356445,Asia
2082,79,78,137,135,0.9873417721518988,0.0017722005322376529,0.001435134361262955,0.0015027718684118181,0.02546399013886807,0.011941720544079163,King Khaled International Airport,Riyadh,Saudi Arabia,RUH,OERK,24.957599639892575,46.69879913330078,Asia
2194,52,53,102,102,1.0192307692307692,0.0011864102195817399,0.0011067040509386188,0.001148036670927335,0.019859757715127536,0.0037781058262617057,Muscat International Airport,Muscat,Oman,MCT,OOMS,23.593299865722656,58.284400939941406,Asia
2610,18,18,36,36,1.0,0.0006298657799949678,0.0002875187375200234,0.00028757281456890597,0.005108930673655444,0.0017698971846977114,Guararapes - Gilberto Freyre International Airport,Recife,Brazil,REC,SBRF,-8.126489639282228,-34.923599243164055,South America
2621,29,29,58,58,1.0,0.0011700237696600222,0.0003213465889436729,0.0003205518977160224,0.0057038086107610905,0.006344734592937481,Deputado Luiz Eduardo Magalhães International Airport,Salvador,Brazil,SSA,SBSV,-12.9086112976,-38.3224983215,South America
2851,46,46,90,89,1.0,0.0018311025720520464,0.0008553122027041599,0.0008506838525482659,0.015159239960624146,0.01180305752687599,Simón Bolívar International Airport,Caracas,Venezuela,CCS,SVMI,10.601194,-66.991222,South America
2901,4,4,5,4,1.0,9.593877051222233e-05,6.928354834889775e-05,0.00011503931668164569,0.0020480967493200215,3.7972084025958834e-05,Tobago-Crown Point Airport,Scarborough,Trinidad and Tobago,TAB,TTCP,11.149700164794922,-60.83219909667969,North America
2908,45,45,67,67,1.0,0.0008937107005765726,0.0007068507637076298,0.0007095784631428092,0.012592836285837608,0.005504526722730732,Almaty Airport,Alma-ata,Kazakhstan,ALA,UAAA,43.35210037231445,77.04049682617188,Asia
2910,34,34,52,52,1.0,0.0007218729577191645,0.0005073031393767468,0.0005117044358684043,0.00905015286783196,0.0012548831411744552,Astana International Airport,Tselinograd,Kazakhstan,TSE,UACC,51.02220153808594,71.46690368652344,Asia
2922,39,39,64,64,1.0,0.0006968219191349869,0.0009468455988562482,0.0009510586230962474,0.0168438316138825,0.00038499546634328247,Heydar Aliyev International Airport,Baku,Azerbaijan,GYD,UBBB,40.46749877929688,50.04669952392578,Asia
2976,11,11,15,15,1.0,0.00019497224858130595,0.0002737775941123593,0.00027399960979246596,0.004848077466200053,0.00043332252701358504,Ashgabat International Airport,Ashkhabad,Turkmenistan,ASB,UTAA,37.986801,58.361,Asia
2979,31,30,54,52,0.967741935483871,0.0006495657289923696,0.0003232722600156534,0.0003239260622214646,0.005761507491229617,0.0003632129721665157,Dushanbe Airport,Dushanbe,Tajikistan,DYU,UTDD,38.5433006287,68.8249969482,Asia
2983,56,57,79,81,1.0178571428571428,0.0009396831142363631,0.0008482685227810429,0.0008103378206379535,0.015084317337420132,0.005636972749311958,Tashkent International Airport,Tashkent,Uzbekistan,TAS,UTTT,41.257900238000005,69.2811965942,Asia
2993,20,20,27,27,1.0,0.00032721057265319443,0.00019016225760176605,0.000191890565931575,0.003399306631280286,0.000616504548588078,Kurumoch International Airport,Samara,Russia,KUF,UWWW,53.504901885986,50.16429901123,Europe
3017,12,11,30,28,0.9166666666666666,0.00036771735759196623,0.00017370297838355188,0.0002652867412173441,0.004687717790157076,7.93522641089505e-06,Pune Airport,Pune,India,PNQ,VAPO,18.58209991455078,73.9197006225586,Asia
3024,41,41,102,101,1.0,0.0012397542360379475,0.0012930932930432667,0.0012977234815799222,0.02304396023427357,0.004524749626212115,Bandaranaike International Colombo Airport,Colombo,Sri Lanka,CMB,VCBI,7.180759906768799,79.88410186767578,Asia
3131,40,39,93,92,0.975,0.0011772980137744703,0.0009108630084923884,0.0009137530205648174,0.016218605770843275,0.004055612995891298,Kempegowda International Airport,Bangalore,India,BLR,VOBL,13.1979,77.706299,Asia
3144,36,38,98,101,1.0555555555555556,0.0011262715900614848,0.0010139709925825655,0.0010106127661251754,0.0180134694444716,0.0010935836685547601,Chennai International Airport,Madras,India,MAA,VOMM,12.990005493164062,80.16929626464844,Asia
3156,26,28,40,43,1.0769230769230769,0.000581217022459991,0.000597930655067321,0.0005775914358161626,0.010635635838930927,0.0061961638368305365,Malé International Airport,Male,Maldives,MLE,VRMM,4.1918301582336435,73.52909851074219,Asia
3199,46,46,87,87,1.0,0.0011332946022648133,0.0013441899387868395,0.0013422349935356417,0.023832103347805427,0.006364187021727065,Noi Bai International Airport,Hanoi,Vietnam,HAN,VVNB,21.221200942993164,105.80699920654295,Asia
3205,53,53,108,108,1.0,0.0015089234828248724,0.0015095472277837662,0.001511058348700939,0.02682641146196573,0.008001008184042936,Tan Son Nhat International Airport,Ho Chi Minh City,Vietnam,SGN,VVTS,10.8187999725,106.652000427,Asia
3304,110,111,255,255,1.009090909090909,0.0031207348014458507,0.0029600826173531995,0.002981424246995545,0.05264829702068051,0.028618958388784706,Kuala Lumpur International Airport,Kuala Lumpur,Malaysia,KUL,WMKK,2.7455799579619997,101.70999908446998,Asia
3388,54,54,165,165,1.0,0.001269282750711991,0.00235422217733525,0.0023696874640319705,0.041894394374682405,0.000528213271587678,Nanjing Lukou Airport,Nanjing,China,NKG,ZSNJ,31.742000579833984,118.86199951171876,Asia
3395,107,107,322,323,1.0,0.0027396657632688674,0.003747992123497571,0.00374296092505323,0.06624581423388634,0.0075949843785979194,Chengdu Shuangliu International Airport,Chengdu,China,CTU,ZUUU,30.578500747680664,103.9469985961914,Asia
3942,43,42,85,84,0.9767441860465116,0.000932661905797526,0.0013612254992225515,0.0013679702362507482,0.024176464578915143,0.006485999295788372,Chubu Centrair International Airport,Nagoya,Japan,NGO,RJGG,34.8583984375,136.80499267578122,Asia
3988,40,40,74,75,1.0,0.0012100449898000112,0.0012686652602512244,0.001270277351214552,0.02266679424949339,0.014258041975202581,Ministro Pistarini International Airport,Buenos Aires,Argentina,EZE,SAEZ,-34.8222,-58.5358,South America
3989,20,20,30,30,1.0,0.00034097098105603975,0.0004363145778205332,0.00043600782497891095,0.007727458380540716,0.0001966375648888791,Erbil International Airport,Erbil,Iraq,EBL,ORER,36.23759841918945,43.96319961547852,Asia
3992,57,57,152,152,1.0,0.0015582220083471376,0.002521686014121035,0.002513907199990406,0.044706186827980596,0.003691651437751267,Kansai International Airport,Osaka,Japan,KIX,RJBB,34.42729949951172,135.24400329589844,Asia
4078,52,51,89,86,0.9807692307692307,0.001078672638328457,0.0004964881384808214,0.0005087950364003321,0.00887133428056863,0.0033631948870011634,Tolmachevo Airport,Novosibirsk,Russia,OVB,UNNT,55.012599945068,82.650703430176,Europe
4274,15,15,18,18,1.0,0.00023453580825782855,0.00013998065437882768,0.00014119016730041435,0.002498337178799164,0.00026845561061269004,Nizhny Novgorod Strigino International Airport,Nizhniy Novgorod,Russia,GOJ,UWGG,56.23009872436499,43.784000396729,Europe
4330,44,43,62,60,0.9772727272727273,0.000656553350868939,0.0009660656858966514,0.0009798573660730811,0.017149334023854778,0.0038040417764073704,Imam Khomeini International Airport,Tehran,Iran,IKA,OIIE,35.416099548339844,51.152198791503906,Asia
5557,5,5,5,5,1.0,8.639983711995812e-05,9.014658660876166e-05,9.10191582884333e-05,0.0016022837177501498,1.0268434669315937e-05,Heringsdorf Airport,Heringsdorf,Germany,HDF,EDAH,53.8787002563,14.152299881,Europe
349,4,4,9,9,1.0,0.00011462804842005391,0.00013254217074929196,0.0001331902685303313,0.002368745877879082,0.0,Saarbrücken Airport,Saarbruecken,Germany,SCN,EDDR,49.2145996094,7.10950994492,Europe
1205,7,7,7,7,1.0,0.0001023778642708664,0.0001102057502198487,0.00011275778067056707,0.0020828070715387813,1.3397097088737519e-05,Rijeka Airport,Rijeka,Croatia,RJK,LDRI,45.21689987182617,14.570300102233888,Europe
1676,12,12,12,12,1.0,0.00015176348303433333,0.00019939305081981544,0.00019882574689320453,0.003555208094869835,0.0001022499019508492,Bern Belp Airport,Bern,Switzerland,BRN,LSZB,46.914100647,7.4971499443099985,Europe
3986,21,21,23,23,1.0,0.00023776064612704594,0.000172147907153419,0.00017163244293498116,0.003060129295798841,3.150895819069247e-05,Memmingen Allgau Airport,Memmingen,Germany,FMM,EDJA,47.9888000488,10.2395000458,Europe
4166,18,18,20,20,1.0,0.00020974251449545385,0.00018000596959807225,0.00017914853707906898,0.0031930016088795622,7.898984798130045e-05,Karlsruhe Baden-Baden Airport,Karlsruhe/Baden-Baden,Germany,FKB,EDSB,48.7793998718,8.08049964905,Europe
4322,4,4,7,7,1.0,9.885384006367098e-05,0.00010488689348785727,0.00010660563459177469,0.0018902049959568271,0.0,Klagenfurt Airport,Klagenfurt,Austria,KLU,LOWK,46.642502,14.3377,Europe
772,5,5,5,5,1.0,8.438989618968771e-05,7.360295401506265e-05,7.482799258998062e-05,0.0013139302276218557,9.879237372759322e-06,Rostock-Laage Airport,Laage,Germany,RLG,ETNL,53.9182014465,12.2783002853,Europe
1322,11,11,20,20,1.0,0.00021047851512077064,0.00020032150572789378,0.00020717319546034689,0.003645013162652648,3.6935349008777072e-06,Calvi-Sainte-Catherine Airport,Calvi,France,CLY,LFKC,42.52444439999999,8.793055599999999,Europe
1462,5,5,6,6,1.0,9.713637280857413e-05,0.00010472772394821653,0.000103141657623558,0.0018192635560225477,8.307792156342443e-07,Alexander the Great International Airport,Kavala,Greece,KVA,LGKV,40.91329956054688,24.619199752807617,
1479,9,10,16,15,1.1111111111111112,0.00017853159944784103,0.0003389936863505819,0.00034242884733750136,0.006043139743979329,8.534163755119461e-05,Santorini Airport,Thira,Greece,JTR,LGSR,36.39920043945313,25.47929954528809,
1646,13,13,16,16,1.0,0.00019707569683061508,0.00021516700373494933,0.0002167930027755236,0.0038355899859150743,9.070888398138532e-05,Sarajevo International Airport,Sarajevo,Bosnia and Herzegovina,SJJ,LQSA,43.82460021972656,18.331499099731445,
2944,20,20,22,22,1.0,0.00030926740792762495,0.00015153223041194827,0.00015081016776888494,0.002681333302902066,0.0008184398331431543,Kiev Zhuliany International Airport,Kiev,Ukraine,IEV,UKKK,50.40194,30.451940000000004,Europe
481,5,5,6,6,1.0,0.00013020516333415422,9.177266024912735e-05,9.163651978954665e-05,0.0016244505934377117,0.00022341170902964394,Newquay Cornwall Airport,Newquai,United Kingdom,NQY,EGHQ,50.44060134887695,-4.995409965515137,Europe
488,19,20,31,32,1.0526315789473684,0.0003370386874710761,0.00039798401006429005,0.0003875844809505952,0.00716089416778299,0.000626828830097748,Cardiff International Airport,Cardiff,United Kingdom,CWL,EGFF,51.39670181274414,-3.343329906463623,Europe
499,29,30,38,38,1.0344827586206897,0.00038400260030511637,0.00041947615827195604,0.00037515224287323017,0.0074656287241381195,0.0005657157749372664,Jersey Airport,Jersey,Jersey,JER,EGJJ,49.20790100097656,-2.1955099105834956,Europe
517,51,51,80,80,1.0,0.0006920374484678729,0.0009892527682885373,0.0009857042306431756,0.01754497399643355,0.00036008035876596164,Leeds Bradford Airport,Leeds,United Kingdom,LBA,EGNM,53.86589813232422,-1.6605700254440308,Europe
552,19,19,24,25,1.0,0.0003015879282099945,0.00033319569411208584,0.0003262270382795076,0.0059064045732422485,0.0010545170856345821,Exeter International Airport,Exeter,United Kingdom,EXT,EGTE,50.73440170288086,-3.4138898849487305,Europe
1456,7,7,10,10,1.0,0.00013913140852976996,0.00023454256149558372,0.00019784811779880961,0.0041776649798204194,0.00012379549133123078,Kalamata Airport,Kalamata,Greece,KLX,LGKL,37.06829833984375,22.02549934387207,
1469,7,8,10,10,1.1428571428571428,0.0001552722848564109,0.00014372570502861387,0.0001064185059914564,0.0026731831390152225,0.00015477096113409878,Mytilene International Airport,Mytilini,Greece,MJT,LGMT,39.0567016602,26.5983009338,
1470,9,9,11,11,1.0,0.00015840273648693083,0.00021247104793262986,0.00021266256598360841,0.003775982422831852,0.00028704158365821587,Aktion National Airport,Preveza,Greece,PVK,LGPZ,38.92549896240234,20.765300750732425,
1476,8,7,9,9,0.875,0.0001223759371379259,0.00012696193105343108,0.00015678665043693588,0.0028869589547649453,8.396067333746618e-06,Samos Airport,Samos,Greece,SMI,LGSM,37.68999862670898,26.911699295043945,
1696,5,5,8,7,1.0,0.00011919658815541862,0.00010880022651422497,0.0001460580216689435,0.0019264982014561172,3.463612625377968e-06,Kayseri Erkilet Airport,Kayseri,Turkey,ASR,LTAU,38.770401001,35.4953994751,Asia
2897,19,19,32,31,1.0,0.0004514764298946927,0.0003317895811793439,0.0003658821596248376,0.0059638039463651565,0.0015236643415150743,Hato International Airport,Willemstad,Netherlands Antilles,CUR,TNCC,12.1889,-68.959801,
4197,4,4,6,6,1.0,9.498378612411763e-05,0.00013596985127103259,0.00013589255208965284,0.002409229143764983,3.568681962067702e-06,Marsa Alam International Airport,Marsa Alam,Egypt,RMF,HEMA,25.557100296,34.5836982727,Africa
5952,8,8,10,10,1.0,0.00013990320988026438,0.0001919680916930757,0.00019205717099668804,0.0033955764058584757,3.040611206033679e-05,Sulaymaniyah International Airport,Sulaymaniyah,Iraq,ISU,ORSU,35.5617485046,45.3167381287,Asia
7821,2,2,2,2,1.0,6.384127715236013e-05,2.6290522620323907e-05,2.608349936132633e-05,0.0004616345042163024,6.787849859149237e-07,Zonguldak Airport,Zonguldak,Turkey,ONQ,LTAS,41.506401061999995,32.0886001587,Asia
371,8,8,11,11,1.0,0.0001290331508297979,0.00013423095192871133,0.0001341985919647685,0.002386452473613557,6.8944384847898445e-06,Paderborn Lippstadt Airport,Paderborn,Germany,PAD,EDLP,51.614101409899995,8.616319656369999,Europe
373,29,28,34,33,0.9655172413793104,0.00036197576144417426,0.00029142360252173494,0.00029277409376174233,0.005178336140403472,0.00012519713643524024,Dortmund Airport,Dortmund,Germany,DTM,EDLW,51.518299102799986,7.61223983765,Europe
591,29,29,33,33,1.0,0.00033565254949810926,0.00047958606195718217,0.00047488421475719414,0.008613918300970308,0.00043783116082368376,Rotterdam The Hague Airport,Rotterdam,Netherlands,RTM,EHRD,51.956902,4.43722,Europe
1459,4,3,7,6,0.75,0.00015374822356354053,4.344457989169128e-05,7.104297058843338e-05,0.001255300135415574,0.00019113286394838608,Karpathos Airport,Karpathos,Greece,AOK,LGKP,35.4213981628418,27.145999908447266,
1558,5,5,5,5,1.0,0.00011489056676121926,5.6927006140967426e-05,5.798995492538957e-05,0.0010138529056130208,0.00012275359017787727,Marina Di Campo Airport,Marina Di Campo,Italy,EBA,LIRJ,42.7603,10.2394,Europe
1658,2,3,4,5,1.5,7.719127116504707e-05,0.00011930817735390897,0.0001107911333984366,0.0021288188010343298,0.0,Sibiu International Airport,Sibiu,Romania,SBZ,LRSB,45.78559875488281,24.09129905700684,Europe
1663,12,12,13,13,1.0,0.00015313710994895174,0.00014274259343780273,0.00014341388541601053,0.0025322436044558022,2.2313093877033352e-05,Timişoara Traian Vuia Airport,Timisoara,Romania,TSR,LRTR,45.80989837646485,21.337900161743164,Europe
2940,12,12,15,15,1.0,0.0001906177818998761,0.00017765540393270028,0.00017884688297254935,0.003161316703101569,8.74600426031612e-05,Donetsk International Airport,Donetsk,Ukraine,DOK,UKCC,48.07360076904297,37.73970031738281,Europe
2945,16,16,17,17,1.0,0.00019105392199859076,0.00021318506191970034,0.00021432396296008517,0.003801068080362635,8.862605617443562e-05,Lviv International Airport,Lvov,Ukraine,LWO,UKLL,49.8125,23.95610046386719,Europe
2947,12,12,19,18,1.0,0.00022470005320575562,0.0002575661885765123,0.00028006093140736524,0.0045851996236522365,3.1331932032207626e-05,Odessa International Airport,Odessa,Ukraine,ODS,UKOO,46.42679977416992,30.67650032043457,Europe
2960,33,34,45,46,1.0303030303030303,0.0005469797046273252,0.00031828038323557006,0.00030503390919894396,0.005906772712271828,0.0010836714197495069,Krasnodar Pashkovsky International Airport,Krasnodar,Russia,KRR,URKK,45.034698486328,39.170501708984,Europe
2975,66,64,101,97,0.9696969696969697,0.001327512158719244,0.0005553013143085346,0.0005597754183915617,0.009934448813365925,0.007064020337413226,Koltsovo Airport,Yekaterinburg,Russia,SVX,USSS,56.743099212646,60.802700042725,Europe
2987,6,6,8,8,1.0,0.00013040343201944096,8.158727764018923e-05,8.261722517771499e-05,0.0014549825095210426,6.19086543563043e-06,Voronezh International Airport,Voronezh,Russia,VOZ,UUOO,51.81420135498047,39.22959899902344,Europe
3973,25,24,35,34,0.96,0.00038090808522341937,0.0005275816113884164,0.0005277576469258698,0.00935978998670349,0.0007010135376990219,Tbilisi International Airport,Tbilisi,Georgia,TBS,UGTB,41.6692008972,44.95470047,Asia
393,6,5,6,5,0.8333333333333334,9.089907695529125e-05,5.3497940462390926e-05,5.62157777140148e-05,0.0011950131889567875,2.9976960339254525e-06,Zweibrücken Airport,Zweibruecken,Germany,ZQW,EDRZ,49.2094,7.40056,Europe
356,1,1,1,1,1.0,5.4660191565491844e-05,1.8707384671464474e-05,1.861633778714334e-05,0.00033090622914839113,0.0,Mannheim-City Airport,Mannheim,Germany,MHG,EDFM,49.473057,8.514167,Europe
585,61,62,67,68,1.0163934426229508,0.0006188758937166227,0.0005300884988024408,0.0005264935155129977,0.009465206973648731,0.0009544742648243865,Eindhoven Airport,Eindhoven,Netherlands,EIN,EHEH,51.4500999451,5.374529838559999,Europe
728,6,6,8,8,1.0,0.00016927267405588691,6.561554396971357e-05,6.533574096666191e-05,0.00116175153270802,0.00020419507466667977,Umeå Airport,Umea,Sweden,UME,ESNU,63.79180145263699,20.282800674438,Europe
2952,10,10,15,15,1.0,0.00020598971670758676,0.00013579975482341946,0.0001361170501967,0.0024138526121749676,1.9932083460259135e-05,Khrabrovo Airport,Kaliningrad,Russia,KGD,UMKK,54.88999938964844,20.592599868774418,Europe
458,10,10,12,12,1.0,0.0001546711613881882,0.00011749725849000046,0.00011757904934569288,0.0020915639431994043,2.0988831676908395e-05,Tampere-Pirkkala Airport,Tampere,Finland,TMP,EFTP,61.414100646973,23.604400634766,Europe
645,10,10,12,12,1.0,0.0001503109398567754,0.0001199033780773991,0.00011954861572035353,0.0021144806116381704,3.495196674386254e-06,Haugesund Airport,Haugesund,Norway,HAU,ENHD,59.34529876709001,5.208360195159901,Europe
1360,9,9,9,9,1.0,0.00011828863558147531,5.576183910453535e-05,5.630186860514619e-05,0.0009904276026308845,4.509066081733543e-06,Béziers-Vias Airport,Beziers,France,BZR,LFMU,43.32350158691406,3.353899955749512,Europe
355,47,47,47,47,1.0,0.0004765176159907625,0.00023070794217597954,0.00022780186849228072,0.004064250544942553,0.0004547730008050297,Frankfurt-Hahn Airport,Hahn,Germany,HHN,EDFH,49.9487,7.263889999999999,Europe
601,6,6,6,6,1.0,9.50930819213285e-05,4.900041176672545e-05,4.918616759565504e-05,0.0008704547600318368,1.1894765651279767e-06,Kerry Airport,Kerry,Ireland,KIR,EIKY,52.18090057373047,-9.52377986907959,Europe
1193,2,2,2,2,1.0,6.427318844644644e-05,6.3161064713700634e-06,6.48126234367688e-06,0.00011425486520274915,0.0,Plovdiv International Airport,Plovdiv,Bulgaria,PDV,LBPD,42.067799,24.8508,Europe
3956,19,19,19,19,1.0,0.00020590325480197394,0.00012866450786171133,0.00012819051478699366,0.002272636236871046,5.074704999069368e-05,Kaunas International Airport,Kaunas,Lithuania,KUN,EYKA,54.96390151977539,24.084800720214844,Europe
362,1,1,1,1,1.0,5.6430733548024874e-05,8.717577989415335e-06,7.4746633592203475e-06,0.0001336399200209917,0.0,Hamburg-Finkenwerder Airport,Hamburg,Germany,XFW,EDHI,53.5352783203125,9.835556030273438,Europe
364,4,4,4,4,1.0,7.95874236360025e-05,2.6975005301196746e-05,2.674656315335753e-05,0.0004761983074174578,2.64419644167109e-07,Lübeck Blankensee Airport,Luebeck,Germany,LBC,EDHL,53.805400848400005,10.7192001343,Europe
374,1,1,1,1,1.0,5.549296031683959e-05,8.179217944070584e-06,9.684066913203847e-06,0.00016989590188500953,0.0,Augsburg Airport,Augsburg,Germany,AGB,EDMA,48.425278000000006,10.931667,Europe
400,2,2,2,2,1.0,6.238525241114966e-05,2.5441790319688158e-05,2.516649909656371e-05,0.00044982345022735303,6.257150381709847e-07,Kassel-Calden Airport,Kassel,Germany,KSF,EDVK,51.417273,9.384967,Europe
413,1,1,1,1,1.0,5.7913228473493596e-05,2.864242632398262e-06,2.857119914918556e-06,5.0638628999727126e-05,0.0,Kuressaare Airport,Kuressaare,Estonia,URE,EEKE,58.22990036010742,22.50950050354004,Europe
5596,2,2,2,2,1.0,0.00010046493927272265,2.9674693102424926e-06,2.9604277524516303e-06,5.246643559724137e-05,3.582505202537015e-06,Torsby Airport,Torsby,Sweden,TYF,ESST,60.1576004028,12.991299629199998,Europe
6737,2,2,2,2,1.0,8.13403819480529e-05,3.074766100150428e-06,3.0677753206098217e-06,5.436559277638704e-05,6.931549951275327e-05,Pajala Airport,Pajala,Sweden,PJA,ESUP,67.24559783935547,23.06889915466309,Europe
416,1,1,2,2,1.0,6.894192144078259e-05,3.341808130354603e-05,3.293964318425751e-05,0.0005908227924782354,0.0,Tartu Airport,Tartu,Estonia,TAY,EETU,58.30749893189999,26.6903991699,Europe
428,1,1,1,2,1.0,5.799947907221259e-05,2.150197780355309e-24,1.6469821592128756e-05,0.00030211480322537654,0.0003068752061499846,Ivalo Airport,Ivalo,Finland,IVL,EFIV,68.607299804688,27.405300140381,Europe
429,1,1,1,1,1.0,5.799947907221259e-05,1.6709040651773016e-05,1.6469821592128756e-05,0.0002954113962391177,0.0,Joensuu Airport,Joensuu,Finland,JOE,EFJO,62.662899017334006,29.607500076294,Europe
430,1,2,2,3,2.0,6.894192144078259e-05,3.3605837722446534e-05,3.293964318425751e-05,0.0005941741760588901,0.0,Jyvaskyla Airport,Jyvaskyla,Finland,JYV,EFJY,62.399501800537,25.678300857544,Europe
432,2,1,3,2,0.5,8.846405038498529e-05,3.341808130354603e-05,3.3129545402046206e-05,0.0005941741760588901,0.0,Kemi-Tornio Airport,Kemi,Finland,KEM,EFKE,65.778701782227,24.582099914551,Europe
433,1,1,2,2,1.0,6.894192144078259e-05,3.341808130354603e-05,3.293964318425751e-05,0.0005908227924782354,0.0,Kajaani Airport,Kajaani,Finland,KAJ,EFKI,64.285499572754,27.692399978638,Europe
435,2,2,3,3,1.0,9.600652249395006e-05,3.361562959030109e-05,3.313833809692815e-05,0.0005943340785752439,0.0,Kokkola-Pietarsaari Airport,Kruunupyy,Finland,KOK,EFKK,63.721199035645,23.143100738525,Europe
437,1,1,1,1,1.0,5.799947907221259e-05,1.6709040651773016e-05,1.6469821592128756e-05,0.0002954113962391177,0.0,Kuusamo Airport,Kuusamo,Finland,KAO,EFKS,65.98760223388699,29.239400863647,Europe
439,1,1,1,1,1.0,5.799947907221259e-05,1.6709040651773016e-05,1.6469821592128756e-05,0.0002954113962391177,0.0,Kuopio Airport,Kuopio,Finland,KUO,EFKU,63.007099151611,27.797800064087,Europe
442,3,3,4,4,1.0,9.325586307287279e-05,5.2226425536179764e-05,5.168022559299468e-05,0.0009242073188251896,2.605290978772809e-06,Mariehamn Airport,Mariehamn,Finland,MHQ,EFMA,60.122200012207,19.898199081421,Europe
446,3,3,4,4,1.0,8.741628326053362e-05,6.0550983283075664e-05,5.994636960979477e-05,0.0010710773992754212,8.597795622141537e-07,Oulu Airport,Oulu,Finland,OUL,EFOU,64.930099487305,25.354600906372,Europe
448,3,3,3,3,1.0,9.558082549071549e-05,3.516182733007833e-05,3.4857316588554494e-05,0.000622538376667977,0.000476764308504402,Pori Airport,Pori,Finland,POR,EFPO,61.46170043945301,21.799999237061,Europe
453,1,1,2,2,1.0,6.894192144078259e-05,3.341808130354603e-05,3.293964318425751e-05,0.0005908227924782354,0.0,Rovaniemi Airport,Rovaniemi,Finland,RVN,EFRO,66.564796447754,25.830400466919,Europe
455,1,1,2,2,1.0,6.894192144078259e-05,3.341808130354603e-05,3.293964318425751e-05,0.0005908227924782354,0.0,Savonlinna Airport,Savonlinna,Finland,SVL,EFSA,61.943099975586,28.945100784302,Europe
460,7,7,8,8,1.0,0.00013117538364368648,9.609935631106091e-05,9.587632707298533e-05,0.0017038180741108188,5.9930111371625434e-05,Turku Airport,Turku,Finland,TKU,EFTU,60.514099121094,22.262800216675,Europe
462,2,2,5,5,1.0,9.958315733959959e-05,8.976896236460425e-05,8.92599713763905e-05,0.0015905101782317482,0.0,Vaasa Airport,Vaasa,Finland,VAA,EFVA,63.050701141357,21.762199401855,Europe
743,1,1,2,2,1.0,6.894192144078259e-05,3.341808130354603e-05,3.293964318425751e-05,0.0005908227924782354,0.0,Norrköping Airport,Norrkoeping,Sweden,NRK,ESSP,58.58629989624024,16.250600814819336,Europe
3379,85,85,279,282,1.0,0.0022476430556240936,0.003227281859920941,0.0031972288383392113,0.0565620400163069,0.004713875974953739,Xi'an Xianyang International Airport,Xi'an,China,XIY,ZLXY,34.447102,108.751999,Asia
3393,88,88,268,268,1.0,0.0021543406027158384,0.003118764472002005,0.003117814457126377,0.055142294258016346,0.005536446458304907,Chongqing Jiangbei International Airport,Chongqing,China,CKG,ZUCK,29.719200134277344,106.64199829101562,Asia
6111,7,7,7,7,1.0,0.0001814532774955739,4.4242203832767337e-05,4.397802208805497e-05,0.0007842714398077913,0.0009563924494869539,Cherepovets Airport,Cherepovets,Russia,CEE,ULBC,59.273601532,38.0158004761,Europe
8266,6,6,6,6,1.0,0.00011073668081171454,8.361160241923494e-05,8.3005492950551e-05,0.0014752639034720555,0.00010377452290638017,Gazipaşa Airport,Alanya,Turkey,GZP,LTGP,36.299217,32.300598,Asia
438,1,1,2,2,1.0,9.633991531805521e-05,3.341808130354603e-05,1.8970077136326706e-22,0.0005942308931484404,0.0003065845128697668,Kittilä Airport,Kittila,Finland,KTT,EFKT,67.700996398926,24.846799850464,Europe
441,3,3,3,3,1.0,7.30862230742549e-05,4.983399964728305e-06,5.136267729829284e-06,9.10389331775101e-05,0.0,Lappeenranta Airport,Lappeenranta,Finland,LPP,EFLP,61.044601,28.144743,Europe
4198,38,38,38,38,1.0,0.0003783373531890845,0.0001919706158433728,0.00019025111552445557,0.0033946276275398494,0.00015154901141252734,Weeze Airport,Weeze,Germany,NRN,EDLV,51.6024017334,6.14216995239,Europe
465,27,29,34,36,1.0740740740740742,0.00031159070262539573,0.0004696682944881641,0.0004473540215518858,0.008329889964352065,0.00010305714176534474,Belfast International Airport,Belfast,United Kingdom,BFS,EGAA,54.6575012207,-6.21582984924,Europe
1227,17,17,20,20,1.0,0.0002041174257583429,0.00020881908349521975,0.00020896875459965554,0.003701034961415787,4.8385743117810246e-05,San Javier Airport,Murcia,Spain,MJV,LELC,37.775001525878906,-0.8123890161514282,Europe
467,18,18,21,21,1.0,0.00023138583863941038,0.00040065567582204734,0.00040437030542414196,0.0071342929467348454,6.835268214054977e-05,George Best Belfast City Airport,Belfast,United Kingdom,BHD,EGAC,54.61809921264648,-5.872499942779541,Europe
495,23,23,33,33,1.0,0.00037623663344776967,0.00023256151551968187,0.0002337905395079269,0.00415326713010313,0.0002904592419978547,Southampton Airport,Southampton,United Kingdom,SOU,EGHI,50.95029830932617,-1.3567999601364136,Europe
520,10,10,11,11,1.0,0.00018236407381906218,9.652876668192741e-05,9.531380709206614e-05,0.001712304482154965,0.0006391413494549209,Isle of Man Airport,Isle Of Man,Isle of Man,IOM,EGNS,54.08330154418945,-4.623889923095703,Europe
533,10,11,10,11,1.1,0.0001822794203734165,0.00011516396761687791,0.00010543780545397057,0.0020491102280323697,0.0003083944841680771,Inverness Airport,Inverness,United Kingdom,INV,EGPE,57.54249954223633,-4.047500133514403,Europe
468,5,5,5,5,1.0,8.743334557451233e-05,2.4371773931026353e-05,2.464465901964561e-05,0.0004361396257495686,1.302959830521319e-06,City of Derry Airport,Londonderry,United Kingdom,LDY,EGAE,55.04280090332031,-7.161109924316406,Europe
537,21,21,21,21,1.0,0.00022048901138455157,0.00017413910850857186,0.0001722613435243367,0.003076012356563091,6.374106914446042e-05,Glasgow Prestwick Airport,Prestwick,United Kingdom,PIK,EGPK,55.5093994140625,-4.586669921875,Europe
600,15,15,15,15,1.0,0.00016255775870269217,0.00012950388163707137,0.00012940654423161728,0.002303182006568141,1.941891331877856e-05,Ireland West Knock Airport,Connaught,Ireland,NOC,EIKN,53.9103012084961,-8.818490028381348,Europe
605,2,2,2,2,1.0,6.179187106864242e-05,3.413402412276797e-05,3.4216619692601886e-05,0.0006060169127822755,1.6644981715944774e-07,Waterford Airport,Waterford,Ireland,WAT,EIWF,52.18719863891602,-7.086959838867188,Europe
1738,5,5,6,6,1.0,9.357457319922763e-05,0.00019086944413891505,0.00019251959060989366,0.0033956519330872394,1.0836504060517816e-06,Gibraltar Airport,Gibraltar,Gibraltar,GIB,LXGB,36.1511993408,-5.3496599197400005,Europe
4057,19,18,39,38,0.9473684210526315,0.00038835596886531854,0.00048123199528703116,0.0004967201227308652,0.008600316276549731,4.604761699946796e-05,Sharm El Sheikh International Airport,Sharm El Sheikh,Egypt,SSH,HESH,27.9773006439,34.3950004578,Africa
5591,3,3,3,3,1.0,7.072157989912628e-05,3.464106322023622e-05,3.4840301326403985e-05,0.0006165279491542876,2.068926577371441e-07,Bydgoszcz Ignacy Jan Paderewski Airport,Bydgoszcz,Poland,BZG,EPBY,53.096801757799994,17.9776992798,Europe
472,1,1,1,1,1.0,6.111888904995125e-05,5.401758120796424e-07,5.454715048231982e-07,9.657217731628736e-06,0.0,Gloucestershire Airport,Golouchestershire,United Kingdom,GLO,EGBJ,51.89419937133789,-2.1672201156616206,Europe
547,8,8,10,10,1.0,0.00014313288233107972,0.00013434174828617408,0.00013384583759835073,0.002391746845355789,4.730718249537798e-05,Norwich International Airport,Norwich,United Kingdom,NWI,EGSH,52.675800323500006,1.28278005123,Europe
1102,9,15,15,20,1.6666666666666667,0.00023841700721409883,0.0004228761473324627,0.00019453524093591658,0.0076053114466101005,0.0005997064283114812,Amílcar Cabral International Airport,Amilcar Cabral,Cape Verde,SID,GVAC,16.7414,-22.9494,Africa
1367,59,59,60,60,1.0,0.0005676905761553209,0.00034637792499720067,0.00034392933516100196,0.006119974720237667,0.000786319969809444,Paris Beauvais Tillé Airport,Beauvais,France,BVA,LFOB,49.45439910888672,2.1127800941467285,Europe
4347,3,3,3,3,1.0,0.00015240783631901783,2.3682509670341206e-06,2.4015178035619307e-06,4.247536757439522e-05,0.0006134597190197513,St. Mary's Airport,ST MARY\'S,United Kingdom,ISC,EGHE,49.91329956054688,-6.291669845581055,Europe
5574,1,1,1,1,1.0,5.598515493541344e-05,2.1965732786722546e-06,2.2489558742697743e-06,4.0387602643164055e-05,0.0,Anglesey Airport,Angelsey,United Kingdom,VLY,EGOV,53.2481002808,-4.53533983231,Europe
519,2,2,2,2,1.0,6.391107151217047e-05,1.4581537371421388e-05,1.3384138224065915e-05,0.00023790879215252917,1.3760463882117484e-07,Hawarden Airport,Hawarden,United Kingdom,CEG,EGNR,53.1781005859375,-2.977780103683472,Europe
1270,10,10,11,11,1.0,0.0001619088242887391,5.832286151932678e-05,5.738050873387925e-05,0.0010167503511092704,0.00014489029150236457,Limoges Airport,Limoges,France,LIG,LFBL,45.86280059814453,1.1794400215148926,Europe
664,30,30,37,37,1.0,0.00037546809902849846,0.00037849585692408,0.00037587773714101033,0.006729371398163352,0.00013955208460152772,"Sandefjord Airport, Torp",Sandefjord,Norway,TRF,ENTO,59.1866989136,10.258600235,Europe
676,7,7,7,7,1.0,0.000106892914882788,6.339340666123078e-05,6.313157606956678e-05,0.0011180929352275805,4.242642010103459e-06,"Szczecin-Goleniów ""Solidarność"" Airport",Szczecin,Poland,SZZ,EPSC,53.584701538100006,14.9021997452,Europe
1490,2,2,2,2,1.0,6.25562701655713e-05,7.995704544362042e-06,8.068215560619347e-06,0.00014221127361068201,3.143670042860303e-08,Debrecen International Airport,Debrecen,Hungary,DEB,LHDC,47.48889923095703,21.61529922485352,Europe
1654,2,2,2,2,1.0,6.379799054719642e-05,7.617754949539624e-06,7.693413611440103e-06,0.00013504959423058608,5.387529132884972e-08,Craiova Airport,Craiova,Romania,CRA,LRCV,44.31809997558594,23.888599395751953,Europe
1655,7,7,12,12,1.0,0.00014124773987597133,0.00017951764896427492,0.0001807019226034715,0.0032175275287278826,6.668868474747495e-07,Iaşi Airport,Iasi,Romania,IAS,LRIA,47.17850112915039,27.6205997467041,Europe
1662,2,4,2,5,2.0,6.286162777667208e-05,2.9195369863405437e-05,7.030091003660324e-06,0.0005155315605628065,6.07432739660823e-08,Transilvania Târgu Mureş International Airport,Tirgu Mures,Romania,TGM,LRTM,46.46770095825195,24.41250038146973,Europe
1746,4,4,5,6,1.0,8.706321142509011e-05,6.482227902231352e-05,6.40963059588578e-05,0.0011583725521799118,9.795416219620325e-07,Košice Airport,Kosice,Slovakia,KSC,LZKZ,48.66310119628906,21.241100311279297,Europe
8832,6,6,6,6,1.0,9.589599335959753e-05,6.892535676241611e-05,6.947764690524755e-05,0.0012418827530995217,3.8383300457905585e-06,Lublin Airport,Lublin,Poland,LUZ,EPLB,51.240278,22.713611,Europe
494,17,17,19,19,1.0,0.0001965986390781014,0.00016604909791249504,0.00016417409342144682,0.002940326339802937,1.3383385964651841e-05,Bournemouth Airport,Bournemouth,United Kingdom,BOH,EGHH,50.77999877929688,-1.8424999713897705,Europe
497,2,2,2,2,1.0,6.77220171564574e-05,2.400626548075132e-06,2.1373390090179133e-06,4.241405815750237e-05,7.097746472154199e-08,Alderney Airport,Alderney,Guernsey,ACI,EGJA,49.706104,-2.21472,Europe
1403,11,11,17,17,1.0,0.00019705759600497228,0.00024459219489878924,0.00024326938954556888,0.004346424441252214,1.3407552282880765e-06,Brest Bretagne Airport,Brest,France,BES,LFRB,48.4478988647461,-4.418540000915527,Europe
1415,9,9,13,13,1.0,0.00016125870418807117,0.00021124305291607575,0.00021140290419467564,0.0037296705131333974,1.2463699836096855e-06,Rennes-Saint-Jacques Airport,Rennes,France,RNS,LFRN,48.0694999695,-1.73478996754,Europe
1405,3,3,3,3,1.0,7.420558310542873e-05,1.0449774221128972e-05,1.0248974261108657e-05,0.00018768119904818988,6.396239957661587e-08,Dinard-Pleurtuit-Saint-Malo Airport,Dinard,France,DNR,LFRD,48.58769989013672,-2.0799601078033447,Europe
515,4,4,5,5,1.0,9.47401036651319e-05,8.377112557995627e-05,8.349591139949758e-05,0.0014975741581126933,3.6496149650309176e-07,Humberside Airport,Humberside,United Kingdom,HUY,EGNJ,53.57440185546875,-0.350832998752594,Europe
5562,8,8,9,9,1.0,0.00012098783312423513,6.093591648223355e-05,6.050127179530684e-05,0.00107716324450529,1.0052296237312638e-06,Robin Hood Doncaster Sheffield Airport,"Doncaster, Sheffield",United Kingdom,DSA,EGCN,53.4805378105,-1.01065635681,Europe
628,13,13,21,20,1.0,0.00023707841066661228,0.00034008419808973834,0.00036957302695481023,0.006013525293314497,5.708940733514798e-05,Aalborg Airport,Aalborg,Denmark,AAL,EKYT,57.0927589138,9.84924316406,Europe
630,10,10,13,13,1.0,0.0001643955309047571,0.00018388749943552534,0.00018286578193223204,0.0032551135732437923,1.3428771869874156e-05,Ålesund Airport,Alesund,Norway,AES,ENAL,62.5625,6.119699954986572,Europe
663,20,20,26,26,1.0,0.0007314683202690175,9.10390797629814e-05,0.0001043435964564046,0.0015998490353833189,0.008781692733075741,"Tromsø Airport,",Tromso,Norway,TOS,ENTC,69.68329620361328,18.91889953613281,Europe
1455,6,5,7,6,0.8333333333333334,0.00011415627780792914,9.600056890587697e-05,6.077508265985789e-05,0.0017679063396091675,7.401166817411954e-06,Kefallinia Airport,Keffallinia,Greece,EFL,LGKF,38.12009811401367,20.5004997253418,
1223,5,5,9,9,1.0,0.00012909229584102646,0.00015638558093066736,0.00015198507114537322,0.0027603630699308108,1.3959567296894574e-07,Federico Garcia Lorca Airport,Granada,Spain,GRX,LEGR,37.18870162963867,-3.777359962463379,Europe
1278,5,4,6,5,0.8,0.00010260133326770414,2.9431906517704133e-05,4.11306674090628e-05,0.0007827387551919068,2.7857405232214013e-06,Brive Souillac Airport,Brive,France,BVE,LFSL,45.039722,1.485556,Europe
1408,1,1,2,2,1.0,6.630592426614533e-05,1.2230935963730088e-05,9.453253676565367e-06,0.00021732967470199855,0.0,Deauville-Saint-Gatien Airport,Deauville,France,DOL,LFRG,49.3652992249,0.154305994511,Europe
797,21,22,41,43,1.0476190476190477,0.0008419182845433878,0.000449757819914069,0.00036227050327376905,0.008001228665716818,0.002007556460985339,Cape Town International Airport,Cape Town,South Africa,CPT,FACT,-33.9648017883,18.6016998291,Africa
1132,7,7,10,10,1.0,0.00014233019575387215,0.00019989142767692228,0.00020159219658364008,0.0035522434803583747,2.9942423923454346e-05,Luxor International Airport,Luxor,Egypt,LXR,HELX,25.671,32.7066,Africa
1187,15,19,32,33,1.2666666666666666,0.000553795871044562,0.00047895940076453944,0.00024302368175769487,0.00856896467072493,0.0025488675724800406,Entebbe International Airport,Entebbe,Uganda,EBB,HUEN,0.042386,32.443501,Africa
1220,6,6,12,12,1.0,0.00014303365304180838,0.0003377570890829606,0.0003373619429632741,0.005980451331522188,0.0,A Coruña Airport,La Coruna,Spain,LCG,LECO,43.302101,-8.37726,Europe
3074,4,1,6,4,0.25,0.00011170056761172496,2.0645999182622915e-05,0.00012826103513271874,0.002263250583170799,0.0,Osmany International Airport,Sylhet Osmani,Bangladesh,ZYL,VGSY,24.96319961547852,91.8667984008789,Asia
3076,34,33,74,74,0.9705882352941176,0.001092245412710268,0.0009332175235228169,0.000910744585054347,0.016560179999152314,0.004656732582011976,Hazrat Shahjalal International Airport,Dhaka,Bangladesh,DAC,VGZR,23.843347,90.397783,Asia
3673,41,42,84,83,1.024390243902439,0.0008432584471913997,0.0030158903191798117,0.003099139806627578,0.05352848350525681,0.0008715277247000173,Austin Bergstrom International Airport,Austin,United States,AUS,KAUS,30.194499969482425,-97.6698989868164,North America
514,9,9,9,9,1.0,0.0001209943766132625,9.193020035290795e-05,9.112306059811114e-05,0.001626961349362038,1.3893911683440168e-05,Blackpool International Airport,Blackpool,United Kingdom,BLK,EGNH,53.77170181274414,-3.0286099910736084,Europe
522,2,2,3,3,1.0,7.403290332872652e-05,8.088646007498768e-05,8.036635844577839e-05,0.0014419781483038644,0.0,Durham Tees Valley Airport,Teesside,United Kingdom,MME,EGNV,54.50920104980469,-1.4294099807739258,Europe
529,11,11,11,11,1.0,0.0004901646292945878,2.2322618417831525e-05,2.3066137190670488e-05,0.0004027817357843727,0.0036775920074655012,Kirkwall Airport,Kirkwall,United Kingdom,KOI,EGPA,58.957801818847656,-2.9049999713897705,Europe
530,5,5,5,5,1.0,0.00012700693750530758,2.231832037710138e-05,2.3061696658995047e-05,0.000402704568891749,7.580526299350854e-07,Sumburgh Airport,Sumburgh,United Kingdom,LSI,EGPB,59.87889862060547,-1.295560002326965,Europe
5564,2,1,2,1,0.5,0.00011367660392568453,1.3072365661016616e-07,1.2689315450022023e-07,2.2846938451444584e-06,0.0,Eday Airport,Eday,United Kingdom,EOI,EGED,59.19060134887695,-2.7722198963165283,Europe
5566,2,4,2,4,2.0,0.00013375177841893436,1.3288951609044717e-07,1.2688904285592898e-07,2.310464586861111e-06,9.689776007261906e-08,North Ronaldsay Airport,North Ronaldsay,United Kingdom,NRL,EGEN,59.3675003052,-2.43443989754,Europe
5567,3,3,3,3,1.0,0.00017077517834492703,1.3216190346778046e-07,1.2763594447301393e-07,2.2975788084460323e-06,9.689776007261906e-08,Papa Westray Airport,Papa Westray,United Kingdom,PPW,EGEP,59.351699829100006,-2.9002799987800003,Europe
5568,2,2,2,2,1.0,0.00016356392420317176,1.314470129848587e-07,1.2688497905282618e-07,2.2846211720245464e-06,0.0,Stronsay Airport,Stronsay,United Kingdom,SOY,EGER,59.1553001404,-2.6413900852200003,Europe
5569,3,2,3,2,0.6666666666666666,0.00018354467115915953,1.3144275700801686e-07,1.2763594447301126e-07,2.2975788084460323e-06,4.844888003630953e-08,Sanday Airport,Sanday,United Kingdom,NDY,EGES,59.25030136108398,-2.576669931411743,Europe
5571,2,2,2,2,1.0,0.00013375177841893436,1.3144701298485872e-07,1.2688904285592898e-07,2.2846211720245464e-06,0.0,Westray Airport,Westray,United Kingdom,WRY,EGEW,59.350299835200005,-2.95000004768,Europe
531,2,2,2,2,1.0,6.570622206313341e-05,1.4121443564402874e-05,1.4480978970370516e-05,0.00025152820342181265,4.94206000749255e-08,Wick Airport,Wick,United Kingdom,WIC,EGPC,58.45890045166016,-3.09306001663208,Europe
541,5,5,5,5,1.0,0.00012157882973293859,2.223253551291242e-05,2.2978494435356453e-05,0.000401220289694302,1.273410408770803e-05,Stornoway Airport,Stornoway,United Kingdom,SYY,EGPO,58.215599060058594,-6.3311100006103525,Europe
610,2,2,2,2,1.0,6.649649351699041e-05,8.225002472081848e-06,8.29223767375816e-06,0.00014485280855561377,1.974434358185603e-07,Esbjerg Airport,Esbjerg,Denmark,EBJ,EKEB,55.525902,8.5534,Europe
647,7,6,8,7,0.8571428571428571,0.0001463553616218736,3.530441419786306e-05,3.526212989760412e-05,0.000623775729920064,1.2798669628849466e-05,Kristiansund Airport (Kvernberget),Kristiansund,Norway,KSU,ENKB,63.111801147461,7.824520111084,Europe
536,1,1,1,1,1.0,5.619424219415214e-05,7.468601196696142e-06,7.803798874107062e-06,0.00013734764288567065,0.0,Islay Airport,Islay,United Kingdom,ILY,EGPI,55.68190002441406,-6.256669998168945,Europe
538,2,2,2,2,1.0,7.684907063802106e-05,7.598828151957689e-06,7.92943204045864e-06,0.00013961049959834812,0.0,Benbecula Airport,Benbecula,United Kingdom,BEB,EGPL,57.48109817504883,-7.362780094146728,Europe
542,1,1,1,1,1.0,5.619424219415214e-05,7.468601196696142e-06,7.803798874107062e-06,0.00013734764288567065,0.0,Tiree Airport,Tiree,United Kingdom,TRE,EGPU,56.49919891357422,-6.869170188903809,Europe
5563,1,1,1,1,1.0,5.619424219415214e-05,7.468601196696142e-06,7.803798874107062e-06,0.00013734764288567065,0.0,Campbeltown Airport,Campbeltown,United Kingdom,CAL,EGEC,55.43719863891602,-5.686389923095702,Europe
5575,1,1,1,1,1.0,5.619424219415214e-05,7.468601196696142e-06,7.803798874107062e-06,0.00013734764288567065,0.0,Barra Airport,Barra,United Kingdom,BRR,EGPR,57.0228,-7.443060000000001,Europe
5577,2,2,2,2,1.0,6.380782621810818e-05,2.8960341990590415e-05,2.9278139533285998e-05,0.0005176485684044342,0.0,Donegal Airport,Dongloe,Ireland,CFN,EIDL,55.0442008972168,-8.340999603271483,Europe
691,19,19,20,20,1.0,0.0002249098515618933,0.00012048161886411875,0.00012242344815521143,0.002168276485987187,8.35854325719431e-05,Gothenburg City Airport,Gothenborg,Sweden,GSE,ESGP,57.7747,11.8704,Europe
540,1,1,1,1,1.0,5.5684697534729044e-05,5.025075685166996e-06,5.1775617710997505e-06,9.133263364479383e-05,0.0,Dundee Airport,Dundee,United Kingdom,DND,EGPN,56.45249938964844,-3.0258300304412837,Europe
607,8,8,8,8,1.0,0.00012660603346135492,8.248348547790777e-05,8.143520866128913e-05,0.001443849849701819,0.000703983311445371,Aarhus Airport,Aarhus,Denmark,AAR,EKAH,56.2999992371,10.619000434899998,Europe
708,12,12,15,15,1.0,0.0002450235822901871,9.314363324153934e-05,9.380726208390737e-05,0.0016652371330142589,0.0005938745744997271,Malmö Sturup Airport,Malmoe,Sweden,MMX,ESMS,55.53630536399999,13.3761978149,Europe
726,3,3,3,3,1.0,7.472623007334104e-05,2.4589369700000808e-05,2.4805906759033067e-05,0.00044077860705780383,4.0313700235914275e-06,Skellefteå Airport,Skelleftea,Sweden,SFT,ESNS,64.62480163574219,21.076900482177734,Europe
733,3,3,3,3,1.0,7.112992184922085e-05,2.8320723586826128e-05,2.8484757064379825e-05,0.0005053984332205968,8.717643837080491e-08,Stockholm Västerås Airport,Vasteras,Sweden,VST,ESOW,59.58940124511719,16.633600234985348,Europe
1202,4,4,4,4,1.0,8.041299033331275e-05,2.203704554075143e-05,2.1905889040573315e-05,0.0003885134301143064,1.4351693145750072e-06,Osijek Airport,Osijek,Croatia,OSI,LDOS,45.46269989013672,18.810199737548828,Europe
1214,10,10,17,17,1.0,0.0001787535121287652,0.0003352043128590767,0.000335696340158617,0.005950141014132591,2.8848080942417655e-07,Asturias Airport,Aviles,Spain,OVD,LEAS,43.5635986328125,-6.0346198081970215,Europe
1268,5,5,7,7,1.0,0.00011634128796575059,3.183836075915354e-05,2.942799907384157e-05,0.0005268853390914832,1.5143822957309127e-06,Poitiers-Biard Airport,Poitiers,France,PIS,LFBI,46.58769989013672,0.3066659867763519,Europe
1376,5,5,5,5,1.0,8.828296996676628e-05,4.98822408077314e-05,5.117557076801616e-05,0.0009041288004327718,3.6378536855020373e-07,Tours-Val-de-Loire Airport,Tours,France,TUF,LFOT,47.4322013855,0.727605998516,Europe
1438,3,3,3,3,1.0,7.462245853972646e-05,1.7891918087269588e-05,1.8069963379335872e-05,0.00032062391961999715,1.8447844437153677e-06,Toulon-Hyères Airport,Hyeres,France,TLN,LFTH,43.0973014832,6.14602994919,Europe
1531,4,4,4,4,1.0,8.250729842721474e-05,8.762758344581475e-06,8.869002754844703e-06,0.00015713532059750507,1.911012768664142e-07,Parma Airport,Parma,Italy,PMF,LIMP,44.824501,10.2964,Europe
1582,3,3,4,4,1.0,7.929012438227917e-05,8.822359363225831e-05,8.909272761440383e-05,0.0015698147577653684,3.62920111905088e-06,Ostrava Leos Janáček Airport,Ostrava,Czech Republic,OSR,LKMT,49.6963005065918,18.111099243164062,Europe
1588,1,1,1,1,1.0,5.5684697534729044e-05,5.025075685166996e-06,5.1775617710997505e-06,9.133263364479383e-05,0.0,Brno-Tuřany Airport,Brno,Czech Republic,BRQ,LKTB,49.15129852294922,16.694400787353516,Europe
579,1,1,1,1,1.0,8.233143512089414e-05,3.631748785627186e-08,4.718431211108538e-09,1.3384212486251742e-06,1.257175029548238e-06,Mount Pleasant Airport,Mount Pleasant,Falkland Islands,MPN,EGYP,-51.82279968261719,-58.44720077514648,
2647,4,4,6,7,1.0,0.000258985067543534,1.2425375271053704e-05,6.408206280607738e-06,0.0002211831314900476,0.0007663004347787922,Pdte. Carlos Ibañez del Campo Airport,Punta Arenas,Chile,PUQ,SCCI,-53.002602,-70.854599,South America
638,8,8,11,11,1.0,0.00014808245440123337,0.0001729782304983372,0.00017218674488589367,0.0030645707839999895,1.0920416313514126e-06,Kristiansand Airport,Kristiansand,Norway,KRS,ENCN,58.204201,8.08537,Europe
711,6,5,8,7,0.8333333333333334,0.00015521667335943552,9.9304383975501e-05,8.046100436265148e-05,0.0017605371964859093,2.2622463797105235e-05,Växjö Kronoberg Airport,Vaxjo,Sweden,VXO,ESMX,56.929100036621094,14.727999687194824,Europe
742,2,2,2,2,1.0,6.339030268814845e-05,6.0262905903211244e-05,6.016866100652776e-05,0.0010732086046711482,2.1999336219472443e-06,Linköping City Airport,Linkoeping,Sweden,LPI,ESSL,58.406200408900006,15.6805000305,Europe
1005,14,11,31,26,0.7857142857142857,0.0005736138202105603,7.068069644168393e-05,0.00020036463019718263,0.0034866202735852106,0.0004888368021999358,Robert Gabriel Mugabe International Airport,Harare,Zimbabwe,HRE,FVHA,-17.931801,31.0928,Africa
1106,6,4,7,5,0.6666666666666666,0.00014371765219897985,4.6337052720122424e-05,0.000132833204116094,0.002367135201083757,0.0002150920234992224,São Pedro Airport,Sao Vicente Island,Cape Verde,VXE,GVSV,16.833200454711914,-25.05529975891113,Africa
1180,11,9,21,20,0.8181818181818182,0.0004210799607186204,3.577027771564826e-05,0.00016747265355516352,0.003133534904390169,0.0010378820615101186,Kilimanjaro International Airport,Kilimanjaro,Tanzania,JRO,HTKJ,-3.42940998077,37.0745010376,Africa
1330,6,6,9,9,1.0,0.00012366450499513878,0.0002562331332165294,0.00025547922586631293,0.004529728754247379,2.050919911579157e-06,Clermont-Ferrand Auvergne Airport,Clermont-Ferrand,France,CFE,LFLC,45.7867012024,3.1691699028,Europe
1450,5,4,6,6,0.8,0.00010558962140613444,4.541797160921778e-05,7.995686814433191e-05,0.0014499277267800868,2.1196193753307946e-07,Chios Island National Airport,Chios,Greece,JKH,LGHI,38.34320068359375,26.14060020446777,
1454,3,3,4,4,1.0,8.595844178897134e-05,3.4906335337326925e-05,6.870210467172748e-05,0.001258106177116165,4.911471160729448e-06,Kithira Airport,Kithira,Greece,KIT,LGKC,36.2742996216,23.0170001984,
1691,3,2,4,3,0.6666666666666666,8.53245095648749e-05,3.584564563568178e-05,7.361125984132976e-05,0.001315550003358557,1.5125885527527776e-06,Konya Airport,Konya,Turkey,KYA,LTAN,37.979,32.561901,Asia
2305,36,36,84,84,1.0,0.0009592817103207721,0.0012104839457793965,0.0012047632732065147,0.021493775052271926,0.0030427627231171097,Fukuoka Airport,Fukuoka,Japan,FUK,RJFF,33.585899353027344,130.45100402832028,Asia
2688,23,22,38,38,0.9565217391304348,0.0008621292309306814,0.00040773127375711636,0.0004955900737227402,0.008655144138031508,0.004671855093637099,Mariscal Sucre International Airport,Quito,Ecuador,UIO,SEQM,-0.129166666667,-78.3575,South America
2773,7,7,10,10,1.0,0.0001727854533201046,9.52639952138787e-05,9.440069765908337e-05,0.0016921430396345017,0.0005146547424807665,Johan Adolf Pengel International Airport,Zandery,Suriname,PBM,SMJP,5.4528298378,-55.1878013611,South America
2896,6,6,8,10,1.0,0.0001316150273133323,0.00023847653373591286,0.0001975303833256682,0.004233626386795923,9.77811207069778e-05,Flamingo International Airport,Kralendijk,Netherlands Antilles,BON,TNCB,12.130999565124512,-68.26850128173828,
3383,70,70,230,230,1.0,0.0018391058406700075,0.0030710854582442952,0.0030677778528294844,0.0545697631058483,0.0002271644817153627,Xiamen Gaoqi International Airport,Xiamen,China,XMN,ZSAM,24.54400062561035,118.12799835205078,Asia
3386,72,72,254,252,1.0,0.001954194070730311,0.0033064354559576474,0.003364883265782429,0.05867932857608043,0.003304897653567111,Hangzhou Xiaoshan International Airport,Hangzhou,China,HGH,ZSHC,30.22949981689453,120.43399810791016,Asia
4357,7,7,10,10,1.0,0.00017373254577519122,7.957955285837265e-05,7.90843142143244e-05,0.0014134861480109009,0.00019511155798323574,Atyrau Airport,Atyrau,Kazakhstan,GUW,UATG,47.12189865112305,51.8213996887207,Asia
582,9,10,9,10,1.1111111111111112,0.00012612682408142986,7.566259897396892e-05,5.7360106676583446e-05,0.0013463665836308022,1.6059942216555364e-05,Maastricht Aachen Airport,Maastricht,Netherlands,MST,EHBK,50.911701,5.7701400000000005,Europe
586,6,5,7,6,0.8333333333333334,0.00010099588006557894,5.239737282299041e-05,6.2017868162939e-05,0.0013055411860997963,1.8688067199507031e-06,Eelde Airport,Groningen,Netherlands,GRQ,EHGG,53.1197013855,6.579440116880001,Europe
625,4,4,4,4,1.0,8.283961803838068e-05,3.538020146329376e-05,3.574749504514432e-05,0.0006279493301978028,4.1237393183699795e-06,Vagar Airport,Vagar,Faroe Islands,FAE,EKVG,62.0635986328125,-7.277219772338867,Europe
612,1,1,1,1,1.0,5.5306368045084754e-05,2.206251243354744e-05,2.220933507718821e-05,0.00039163195420038237,0.0,Karup Airport,Karup,Denmark,KRP,EKKA,56.29750061035156,9.124629974365234,Europe
618,1,1,1,1,1.0,5.5306368045084754e-05,2.206251243354744e-05,2.220933507718821e-05,0.00039163195420038237,0.0,Bornholm Airport,Ronne,Denmark,RNN,EKRN,55.06330108642578,14.759599685668944,Europe
619,1,1,1,1,1.0,5.5306368045084754e-05,2.206251243354744e-05,2.220933507718821e-05,0.00039163195420038237,0.0,Sønderborg Airport,Soenderborg,Denmark,SGD,EKSB,54.96440124511719,9.791729927062988,Europe
651,6,6,7,7,1.0,0.00013497381606862087,6.53107594353359e-05,6.454995135090918e-05,0.0011413857060328292,4.562612612982988e-05,Molde Airport,Molde,Norway,MOL,ENML,62.744701385498,7.262499809265099,Europe
3958,3,3,3,3,1.0,7.350078921900914e-05,4.50621567331061e-05,4.4728553772796956e-05,0.0007911664294413655,3.166863332549665e-06,Palanga International Airport,Palanga,Lithuania,PLQ,EYPA,55.97320175170898,21.093900680541992,Europe
631,4,3,4,3,0.75,0.00014516811682686168,1.0719626795405448e-06,1.0068325444122382e-06,1.7575961962963524e-05,5.417700626975393e-06,Andøya Airport,Andoya,Norway,ANX,ENAN,69.292503356934,16.144199371338,Europe
635,14,15,17,18,1.0714285714285714,0.0005373746265674396,3.941996894756833e-05,3.857937349653607e-05,0.0006840069429958177,0.002461179306950951,Bodø Airport,Bodo,Norway,BOO,ENBO,67.26920318603516,14.365300178527832,Europe
641,7,7,9,9,1.0,0.00020049717359430446,4.689697350175295e-05,4.622441829138452e-05,0.0008194126753067642,0.00012533498158928964,"Harstad/Narvik Airport, Evenes",Harstad/Narvik,Norway,EVE,ENEV,68.491302490234,16.678100585938,Europe
632,6,7,10,10,1.1666666666666667,0.00030751794264769286,3.098505281296374e-05,3.0372404403004607e-05,0.0005295361965751203,3.144377281607082e-05,Alta Airport,Alta,Norway,ALF,ENAT,69.976097106934,23.371700286865,Europe
649,5,6,6,7,1.2,0.00018751063727975428,2.9804155082988628e-05,2.883130167277949e-05,0.0005114536270945649,0.00036651629202847925,Kirkenes Airport (Høybuktmoen),Kirkenes,Norway,KKN,ENKR,69.725799560547,29.891300201416,Europe
653,3,1,3,1,0.3333333333333333,0.00012020507080024088,5.913507042763016e-07,8.579619049411637e-07,1.4894511268056359e-05,1.3857209342860089e-05,Banak Airport,Lakselv,Norway,LKL,ENNA,70.068801879883,24.973499298096,Europe
4325,9,7,9,7,0.7777777777777778,0.00039209597863541025,7.704708997208201e-07,7.026897824172918e-07,1.2234130246311707e-05,0.0015499923762563343,Hammerfest Airport,Hammerfest,Norway,HFT,ENHF,70.67970275878899,23.668600082397,Europe
4328,7,7,7,7,1.0,0.0002678527092665734,9.319360868471955e-07,8.600427239821597e-07,1.5000031620436204e-05,0.001217038354285683,Vadsø Airport,Vadsø,Norway,VDS,ENVD,70.065299987793,29.844699859619,Europe
5588,3,2,3,2,0.6666666666666666,0.00014523995371872807,5.953330866345122e-07,6.938963320928846e-07,1.2078863582237686e-05,1.3857209342860089e-05,Sørkjosen Airport,Sorkjosen,Norway,SOJ,ENSR,69.786796569824,20.959400177002,Europe
634,5,5,5,5,1.0,0.00013615637603357073,2.14874958695396e-05,2.1436171975084167e-05,0.00037844622698395843,6.177031741195515e-05,Brønnøysund Airport,Bronnoysund,Norway,BNN,ENBN,65.461097717285,12.217499732971,Europe
662,5,4,5,4,0.8,0.00014524661262557912,1.6678926465118895e-05,1.6388885106233263e-05,0.00029034801804499373,8.780523235829309e-05,Sandnessjøen Airport (Stokka),Sandnessjoen,Norway,SSJ,ENST,65.95680236816399,12.468899726868,Europe
5582,5,4,5,4,0.8,0.00017229497152654351,2.0662468581332927e-06,2.331558679226897e-06,4.0915802796311474e-05,4.523323683395739e-06,"Mo i Rana Airport, Røssvoll",Mo i Rana,Norway,MQN,ENRA,66.363899230957,14.301400184631,Europe
652,4,5,4,5,1.25,0.00015687751270571023,2.1598224364775624e-06,2.209602928827119e-06,4.042170058389527e-05,4.2573688047786156e-06,Mosjøen Airport (Kjærstad),Mosjoen,Norway,MJF,ENMS,65.78399658203101,13.214900016785,Europe
4252,3,4,3,4,1.3333333333333333,0.0001390183605871782,8.169949077060057e-07,7.384734993920631e-07,1.3002508979718378e-05,9.891141404579264e-05,Stokmarknes Skagen Airport,Stokmarknes,Norway,SKN,ENSK,68.578826904297,15.033416748047,Europe
4349,1,1,1,1,1.0,7.252397447605746e-05,2.1864245111818526e-07,2.227571170857988e-07,3.85785544357664e-06,0.0,Narvik Framnes Airport,Narvik,Norway,NVK,ENNK,68.436897277832,17.386699676514002,Europe
5580,3,3,3,3,1.0,0.00016605284116798293,2.2120766516394945e-07,2.2526623558726473e-07,3.902034299628666e-06,9.689776007261906e-08,Leknes Airport,Leknes,Norway,LKN,ENLK,68.152496337891,13.609399795532,Europe
5584,2,2,2,2,1.0,0.00011974676027600004,2.1991911160898842e-07,2.24007132828704e-07,3.879863114902557e-06,0.0,Røst Airport,Røst,Norway,RET,ENRS,67.527801513672,12.103300094604002,Europe
5587,3,3,3,3,1.0,0.0001493959421694797,2.2410429248050777e-07,2.2862386478393448e-07,3.953197562162902e-06,1.1464625466789202e-06,Svolvær Helle Airport,Svolvær,Norway,SVJ,ENSH,68.243301391602,14.669199943542,Europe
643,4,4,4,4,1.0,0.00010079936065211358,1.9867244932848842e-05,2.387330134947563e-05,0.0004253687321175504,9.339410705300712e-07,Florø Airport,Floro,Norway,FRO,ENFL,61.583599090576,5.0247201919556,Europe
659,1,1,1,1,1.0,5.695652213088401e-05,5.0426028122635605e-06,5.086664344750677e-06,8.859229552281064e-05,0.0,Skien Airport,Skien,Norway,SKE,ENSN,59.18500137329102,9.566940307617188,Europe
4345,4,4,4,4,1.0,0.00011574194370050935,1.9802534419388803e-05,1.9378294516420508e-05,0.0003425470958452527,3.714444443387539e-07,"Ørsta-Volda Airport, Hovden",Orsta-Volda,Norway,HOV,ENOV,62.180000305176,6.074100017547599,Europe
5586,4,4,4,4,1.0,0.00012767172753324385,1.974776171103971e-05,1.934897871444722e-05,0.0003415722872011432,4.382091621302611e-06,Sogndal Airport,Sogndal,Norway,SOG,ENSG,61.156101,7.13778,Europe
637,3,5,3,5,1.6666666666666667,0.0001596993365520522,9.927367189684123e-09,6.267887773775652e-09,1.890547590625074e-07,4.418076441406321e-07,Båtsfjord Airport,Batsfjord,Norway,BJF,ENBS,70.60050201416,29.691400527954,Europe
4327,5,5,5,5,1.0,0.000236467815238611,1.8104869293986862e-07,9.74972971240698e-09,3.1427718245261642e-06,1.1917404993117719e-06,Mehamn Airport,Mehamn,Norway,MEH,ENMH,71.02970123291,27.826700210571,Europe
4350,4,4,4,4,1.0,0.00020120524473665754,8.947314730771522e-09,5.456002607166909e-09,1.7288779779164825e-07,5.234786133446967e-07,Berlevåg Airport,Berlevag,Norway,BVG,ENBV,70.871399,29.034201,Europe
5589,3,3,3,3,1.0,0.00012989118732372175,1.6830648488450326e-07,1.7374175155449508e-07,2.9703154198909934e-06,5.559871359264849e-07,"Vardø Airport, Svartnes",Vardø,Norway,VAW,ENSS,70.355400085449,31.044900894165,Europe
640,1,1,1,1,1.0,5.731374077968453e-05,1.4514976222949778e-05,1.4067770921931076e-05,0.0002496292026535951,0.0,Bardufoss Airport,Bardufoss,Norway,BDU,ENDU,69.055801391602,18.540399551392,Europe
642,1,1,1,1,1.0,5.731374077968453e-05,1.4514976222949778e-05,1.4067770921931076e-05,0.0002496292026535951,0.0,Leirin Airport,Fagernes,Norway,VDB,ENFG,61.015598297119,9.2880601882935,Europe
655,1,1,1,1,1.0,5.731374077968453e-05,1.4514976222949778e-05,1.4067770921931076e-05,0.0002496292026535951,0.0,Ørland Airport,Orland,Norway,OLA,ENOL,63.69889831542969,9.604000091552734,Europe
656,1,1,1,1,1.0,5.731374077968453e-05,1.4514976222949778e-05,1.4067770921931076e-05,0.0002496292026535951,0.0,Røros Airport,Roros,Norway,RRS,ENRO,62.57839965820301,11.342300415039,Europe
658,2,2,3,3,1.0,9.158729056548299e-05,2.9621303150175857e-05,2.8649991841961314e-05,0.0005082816337309468,0.0,"Svalbard Airport, Longyear",Svalbard,Norway,LYR,ENSB,78.246101379395,15.465600013733,Europe
660,3,3,3,3,1.0,8.269109802217002e-05,1.9416559666336582e-05,1.90437980649411e-05,0.00033776384884577496,1.2743161065599978e-06,Stord Airport,Stord,Norway,SRP,ENSO,59.79190063476562,5.340849876403809,Europe
5585,2,2,2,2,1.0,8.443440338519204e-05,1.462463347627817e-05,1.4179362954727946e-05,0.0002515556947496852,0.0,Sandane Airport (Anda),Sandane,Norway,SDN,ENSD,61.830001831055,6.1058301925659,Europe
646,2,2,2,2,1.0,0.00011896713367419944,5.953330866345122e-07,5.188038289367449e-07,9.092229213343774e-06,0.0,Hasvik Airport,Hasvik,Norway,HAA,ENHK,70.486701965332,22.139699935913,Europe
5581,3,3,3,3,1.0,0.00012364358981705592,1.8476044070151071e-06,1.9873785179053737e-06,3.492348277646401e-05,6.459850671507937e-08,Namsos Høknesøra Airport,Namsos,Norway,OSY,ENNM,64.472198486328,11.57859992981,Europe
2949,5,5,7,7,1.0,0.00015879290059796648,4.79246007149956e-05,4.7926423775123386e-05,0.0008505809447009326,0.00014958237656583642,Murmansk Airport,Murmansk,Russia,MMK,ULMM,68.78170013427734,32.75080108642578,Europe
5583,3,3,3,3,1.0,0.00013141057493329538,1.8482985908223999e-06,1.9868458117413216e-06,3.492625385562653e-05,6.459850671507937e-08,"Rørvik Airport, Ryum",Rørvik,Norway,RVK,ENRM,64.838302612305,11.14610004425,Europe
3972,8,8,8,8,1.0,0.0001258986330286236,2.8410849511296405e-05,3.056649177762651e-05,0.0005949501953787684,1.1679741516933564e-05,Kopitnari Airport,Kutaisi,Georgia,KUT,UGKO,42.176700592,42.4826011658,Asia
3964,33,33,45,45,1.0,0.0005144379349883704,0.0004604500474662987,0.00046003838200834294,0.00815449332225985,0.0004451841637707117,Zvartnots International Airport,Yerevan,Armenia,EVN,UDYZ,40.1473007202,44.3959007263,Asia
6105,8,9,9,10,1.125,0.00013199945971163017,0.00012874102796716353,0.0001189794020709172,0.0022806746001810796,4.8598914170968964e-05,Kharkiv International Airport,Kharkov,Ukraine,HRK,UKHH,49.92480087280274,36.290000915527344,Europe
685,2,2,3,3,1.0,9.332198352374896e-05,1.945611230335779e-05,1.9393350450456885e-05,0.00034494094933889505,0.0,Ronneby Airport,Ronneby,Sweden,RNB,ESDF,56.266700744629,15.265000343323,Europe
721,4,4,5,5,1.0,0.00012612642002686478,2.6969476454389094e-05,2.642780752940888e-05,0.00046944293386757977,0.00022128442753754964,Sundsvall-Härnösand Airport,Sundsvall,Sweden,SDL,ESNN,62.528099060058594,17.443899154663086,Europe
739,2,2,2,2,1.0,0.00010047434941730469,7.3060576252881565e-06,6.827024527023166e-06,0.00012083183635962921,4.841759980048048e-05,Borlange Airport,Borlange,Sweden,BLE,ESSD,60.42200088500977,15.515199661254885,Europe
688,2,2,2,2,1.0,7.519076070232767e-05,1.8375477633387813e-05,1.8313221486791485e-05,0.00032584258911089143,0.0,Jönköping Airport,Joenkoeping,Sweden,JKG,ESGJ,57.75759887695313,14.068699836730955,Europe
709,3,4,4,6,1.3333333333333333,0.00012528649533953535,2.047189940689443e-05,1.9497187884426766e-05,0.000366638219937306,1.9379552014523812e-07,Halmstad Airport,Halmstad,Sweden,HAD,ESMT,56.69110107421875,12.820199966430664,Europe
746,4,4,8,8,1.0,0.0001505192094896484,4.017199891323036e-05,4.0005224922463474e-05,0.0007119580522407837,0.0,Visby Airport,Visby,Sweden,VBY,ESSV,57.662799835205,18.346200942993,Europe
693,1,1,1,1,1.0,6.49915503302724e-05,5.955659375749907e-07,5.979065021957233e-07,1.0583126920368706e-05,0.0,Trollhättan-Vänersborg Airport,Trollhattan,Sweden,THN,ESGT,58.31809997558594,12.345000267028809,Europe
698,2,2,2,2,1.0,9.991013293486098e-05,1.8368700336709616e-05,1.8301336582413324e-05,0.00032561119115488593,0.0,Mora Airport,Mora,Sweden,MXX,ESKM,60.957901,14.5114,Europe
714,2,2,2,2,1.0,9.991013293486098e-05,1.8368700336709616e-05,1.830133658241333e-05,0.00032561119115488593,0.0,Sveg Airport,Sveg,Sweden,EVG,ESND,62.04779815673828,14.422900199890137,Europe
703,1,1,1,1,1.0,5.745295627048934e-05,1.826498042820781e-05,1.8197537446065437e-05,0.00032377469549815764,0.0,Kristianstad Airport,Kristianstad,Sweden,KID,ESMK,55.92169952392578,14.08549976348877,Europe
707,2,2,3,3,1.0,9.332198352374896e-05,1.945611230335779e-05,1.9393350450456885e-05,0.00034494094933889505,0.0,Kalmar Airport,Kalkmar,Sweden,KLR,ESMQ,56.68550109863281,16.287599563598633,Europe
731,2,2,2,2,1.0,0.0001036145013812556,5.703287818585079e-07,5.676281373893408e-07,1.0073586345124496e-05,1.2512480655359135e-06,Örebro Airport,Orebro,Sweden,ORB,ESOE,59.22370147705078,15.038000106811523,Europe
715,4,4,6,6,1.0,0.0001659717629592281,3.736525737225673e-05,3.7230970154083995e-05,0.0006623385290925574,1.5655193825214048e-06,Gällivare Airport,Gallivare,Sweden,GEV,ESNG,67.13240051269531,20.814599990844727,Europe
718,2,2,4,4,1.0,0.0001148639170863949,3.695196203653991e-05,3.681736731059945e-05,0.0006550207666545882,0.0,Kramfors Sollefteå Airport,Kramfors,Sweden,KRF,ESNK,63.04859924316406,17.76889991760254,Europe
724,2,2,3,3,1.0,9.13563964618655e-05,3.674096144647776e-05,3.660622110136516e-05,0.0006512850788254517,0.0,Kiruna Airport,Kiruna,Sweden,KRN,ESNQ,67.821998596191,20.336799621582,Europe
734,5,5,6,6,1.0,0.0001653125721252032,3.727840286148475e-05,3.714678211234739e-05,0.0006607918240644136,2.0535414457190487e-05,Luleå Airport,Lulea,Sweden,LLA,ESPA,65.543800354004,22.121999740601,Europe
719,2,2,4,4,1.0,0.00016923090892789373,3.653464100308059e-05,3.639973775747168e-05,0.0006476317987199508,0.0006134597190197513,Lycksele Airport,Lycksele,Sweden,LYC,ESNL,64.54830169677734,18.71619987487793,Europe
730,1,1,2,2,1.0,0.00011916270718262945,4.125794258461629e-07,4.129050083441491e-07,7.305479903045903e-06,0.0,Arvidsjaur Airport,Arvidsjaur,Sweden,AJR,ESNX,65.59030151367189,19.28190040588379,Europe
722,1,1,1,1,1.0,5.745295627048934e-05,1.826498042820781e-05,1.8197537446065437e-05,0.00032377469549815764,0.0,Örnsköldsvik Airport,Ornskoldsvik,Sweden,OER,ESNO,63.40829849243164,18.989999771118164,Europe
5593,3,3,3,3,1.0,9.335957803652548e-05,1.9230826265529135e-05,1.9166228852484464e-05,0.0003409102235315638,0.0001727666105670811,Åre Östersund Airport,Östersund,Sweden,OSD,ESNZ,63.194400787354,14.500300407410002,Europe
729,2,2,4,4,1.0,0.00016923090892789373,3.653464100308059e-05,3.639973775747167e-05,0.0006476317987199508,0.0006134597190197513,Vilhelmina Airport,Vilhelmina,Sweden,VHM,ESNV,64.5791015625,16.833599090576172,Europe
5599,1,1,2,2,1.0,0.00011916270718262945,4.125794258461628e-07,4.129050083441393e-07,7.305479903045903e-06,0.0,Hemavan Airport,Hemavan,Sweden,HMV,ESUT,65.80609893798828,15.082799911499023,Europe
3453,33,34,57,54,1.0303030303030303,0.0006596390132469693,0.0010511562993413077,0.0011231344302098216,0.019178558604503133,0.0022576767632496303,Metropolitan Oakland International Airport,Oakland,United States,OAK,KOAK,37.721298,-122.221001,North America
4130,13,13,14,14,1.0,0.00018427635702687002,0.00017728294582420147,0.00017685323721239123,0.0031374480580304786,0.00018927109383700083,Baghdad International Airport,Baghdad,Iraq,BGW,ORBI,33.262500762900004,44.2346000671,Asia
5594,2,2,2,2,1.0,0.00010014575986987538,1.8281758180708442e-05,1.821430622915275e-05,0.00032407061368053654,5.015305639759833e-05,Hagfors Airport,Hagfors,Sweden,HFS,ESOH,60.02009963989258,13.578900337219238,Europe
5595,2,2,2,2,1.0,6.553139852339363e-05,2.7132901979529624e-05,2.700672642553729e-05,0.0004802546067971859,8.597795622141537e-07,Karlstad Airport,Karlstad,Sweden,KSD,ESOK,59.4446983337,13.3374004364,Europe
5597,2,2,3,3,1.0,9.332198352374896e-05,1.945611230335779e-05,1.9393350450456885e-05,0.00034494094933889505,0.0,Ängelholm-Helsingborg Airport,Ängelholm,Sweden,AGH,ESTA,56.29610061645508,12.847100257873535,Europe
794,3,3,4,4,1.0,0.00011427272704833105,1.535570035613277e-05,1.5817548702196355e-05,0.0002900304028844041,1.8135056223890498e-05,Bram Fischer International Airport,Bloemfontein,South Africa,BFN,FABL,-29.0926990509,26.302400589,Africa
799,13,13,21,21,1.0,0.0004289906005881958,0.0001072617162987863,0.00010612579971053581,0.001939309468381165,0.001157947736875944,King Shaka International Airport,Durban,South Africa,DUR,FALE,-29.6144444444,31.119722222199997,Africa
800,4,4,5,5,1.0,0.00013331159614765056,2.4173676974838028e-05,2.3627278148166642e-05,0.00043783116128527427,0.0004709839966074304,Ben Schoeman Airport,East London,South Africa,ELS,FAEL,-33.0355987549,27.8258991241,Africa
804,3,3,5,5,1.0,0.00013040759738511547,3.459864723233793e-05,3.353278739546544e-05,0.0006225683452268375,4.90034080901455e-07,George Airport,George,South Africa,GRJ,FAGG,-34.0056,22.378902,Africa
811,2,2,2,2,1.0,8.016215904220625e-05,1.2701138954600944e-05,1.266990375574098e-05,0.0002339625575877387,4.544585642771811e-06,Hoedspruit Air Force Base Airport,Hoedspruit,South Africa,HDS,FAHS,-24.3686008453,31.048700332600003,Africa
815,2,2,2,2,1.0,8.016215904220625e-05,1.2701138954600944e-05,1.266990375574098e-05,0.0002339625575877387,4.544585642771811e-06,Kimberley Airport,Kimberley,South Africa,KIM,FAKM,-28.802799224900003,24.7651996613,Africa
820,2,2,4,4,1.0,0.00011455118760332931,6.760782090196312e-06,8.230690825263946e-06,0.00014632596051869485,0.0,Lanseria Airport,Johannesburg,South Africa,HLA,FALA,-25.9384994507,27.926099777199997,Africa
838,4,4,9,9,1.0,0.00020393054817157585,3.944022281176296e-05,3.9358557585589705e-05,0.000726234837237937,0.0,Port Elizabeth Airport,Port Elizabeth,South Africa,PLZ,FAPE,-33.984901428200004,25.617300033600003,Africa
865,2,2,2,2,1.0,8.016215904220625e-05,1.2701138954600944e-05,1.266990375574098e-05,0.0002339625575877387,4.544585642771811e-06,Pierre Van Ryneveld Airport,Upington,South Africa,UTN,FAUP,-28.39909935,21.2602005005,Africa
880,6,6,7,7,1.0,0.00018951916612237963,2.4466120700680915e-05,2.3935554783330732e-05,0.00044348725306987225,0.00011917140581753051,Maun Airport,Maun,Botswana,MUB,FBMN,-19.97260093688965,23.43110084533691,Africa
881,8,8,9,9,1.0,0.00023369511779021263,3.171074101293997e-05,3.140503079998004e-05,0.0005957590552798124,0.00035039296086650446,Sir Seretse Khama International Airport,Gaberone,Botswana,GBE,FBSK,-24.555201,25.9182,Africa
979,15,15,17,17,1.0,0.00044248753636954956,7.306054617630684e-05,6.974185127725552e-05,0.0013023576396049656,0.003462126329286026,Maputo Airport,Maputo,Mozambique,MPM,FQMA,-25.920799,32.572601,Africa
5604,4,4,4,4,1.0,0.00011766050286017389,1.3539269250549293e-05,1.3418444921102427e-05,0.0002496424914747225,8.0068917754041e-05,Kruger Mpumalanga International Airport,Mpumalanga,South Africa,MQP,FAKN,-25.3831996918,31.1056003571,Africa
6778,3,3,3,3,1.0,0.00010172879464061145,1.334388423826845e-05,1.3313872221131823e-05,0.0002457305200958868,2.108087677056187e-05,Walvis Bay Airport,Walvis Bay,Namibia,WVB,FYWB,-22.9799,14.6453,Africa
907,14,18,32,34,1.2857142857142858,0.0007271887280516006,0.00019719926506791462,7.487501612321187e-05,0.003561566079330295,0.0033827080151580167,Kenneth Kaunda International Airport Lusaka,Lusaka,Zambia,LUN,FLLS,-15.3308000565,28.4526004791,Africa
827,1,1,1,1,1.0,6.347036759542529e-05,1.06480286102687e-05,1.0128380816336668e-05,0.00018883349997672402,0.0,Margate Airport,Margate,South Africa,MGH,FAMG,-30.8574008942,30.343000412,Africa
840,1,1,1,1,1.0,6.347036759542529e-05,1.06480286102687e-05,1.0128380816336668e-05,0.00018883349997672402,0.0,Hendrik Van Eck Airport,Phalaborwa,South Africa,PHW,FAPH,-23.9372005463,31.1553993225,Africa
843,1,1,1,1,1.0,6.347036759542529e-05,1.06480286102687e-05,1.0128380816336668e-05,0.00018883349997672402,0.0,Pietermaritzburg Airport,Pietermaritzburg,South Africa,PZB,FAPM,-29.6490001678,30.3987007141,Africa
845,1,1,1,1,1.0,6.347036759542529e-05,1.06480286102687e-05,1.0128380816336668e-05,0.00018883349997672402,0.0,Polokwane International Airport,Potgietersrus,South Africa,PTG,FAPP,-23.845269,29.458615,Africa
849,1,1,1,1,1.0,6.347036759542529e-05,1.06480286102687e-05,1.0128380816336668e-05,0.00018883349997672402,0.0,Richards Bay Airport,Richard's Bay,South Africa,RCB,FARB,-28.740999221800003,32.0920982361,Africa
866,1,1,1,1,1.0,6.347036759542529e-05,1.06480286102687e-05,1.0128380816336668e-05,0.00018883349997672402,0.0,K. D. Matanzima Airport,Umtata,South Africa,UTT,FAUT,-31.5463631849,28.6733551025,Africa
877,2,2,2,2,1.0,8.560482247164979e-05,1.0826011617487992e-05,1.0307574089119121e-05,0.00019219390269987907,8.87886312190416e-06,Francistown Airport,Francistown,Botswana,FRW,FBFT,-21.15959930419922,27.47450065612793,Africa
879,3,3,4,4,1.0,0.00012509454073120332,2.1609691170019163e-05,2.0574209771176412e-05,0.0003835288927425464,0.0,Kasane Airport,Kasane,Botswana,BBK,FBKE,-17.83289909362793,25.16239929199219,Africa
887,1,1,1,1,1.0,6.347036759542529e-05,1.06480286102687e-05,1.0128380816336668e-05,0.00018883349997672402,0.0,Matsapha Airport,Manzini,Swaziland,MTS,FDMS,-26.52899932861328,31.3075008392334,Africa
906,4,4,7,7,1.0,0.00016489215230947632,2.520305017222628e-05,4.1761957496665805e-05,0.0008405400020174617,1.0760863752795145e-06,Livingstone Airport,Livingstone,Zambia,LVI,FLLI,-17.821800231933594,25.82270050048828,Africa
910,6,6,10,9,1.0,0.00029426341050377286,4.10950816051357e-05,3.552569761340152e-05,0.0007718038977458923,0.00034480432150118997,Simon Mwansa Kapwepwe International Airport,Ndola,Zambia,NLA,FLND,-12.998100280762,28.66489982605,Africa
916,13,13,21,19,1.0,0.0004360223161184376,0.00012151633035954337,0.00012330925680653233,0.0022072095792251122,0.002169679245327944,Roland Garros Airport,St.-denis,Reunion,RUN,FMEE,-20.88710021972656,55.51029968261719,Africa
918,20,21,27,27,1.05,0.0007051022103138202,0.00021904399185508017,0.00020028796009521901,0.003947536550409889,0.0053346367395699324,Ivato Airport,Antananarivo,Madagascar,TNR,FMMI,-18.7969,47.478802,Africa
974,6,6,7,7,1.0,0.00021067345920696708,2.2119830662352338e-05,2.110231683612949e-05,0.0003929691839829076,4.656904943372701e-06,Beira Airport,Beira,Mozambique,BEW,FQBR,-19.79640007019043,34.90760040283203,Africa
976,3,3,3,3,1.0,0.00011431291680974605,1.1160778628390206e-05,1.0664152743798343e-05,0.00019835730942995426,7.347416129057284e-05,Inhambane Airport,Inhambane,Mozambique,INH,FQIN,-23.876399993896484,35.40850067138672,Africa
984,7,7,9,9,1.0,0.00025506013661191854,2.8717184013044636e-05,2.7977134238578102e-05,0.0005224031799168843,0.0006152271631451046,Nampula Airport,Nampula,Mozambique,APL,FQNP,-15.105600357055664,39.28179931640625,Africa
985,6,6,8,8,1.0,0.00020319171032744533,2.5246541896975045e-05,2.601144306881165e-05,0.0004861207438904864,0.00010233158505249081,Pemba Airport,Pemba,Mozambique,POL,FQPB,-12.991762161254885,40.52401351928711,Africa
988,6,6,7,7,1.0,0.00022900519060776496,2.197483339115232e-05,2.0962038569277326e-05,0.0003902714202129678,8.869764908081498e-05,Chingozi Airport,Tete,Mozambique,TET,FQTT,-16.104799270629886,33.64020156860352,Africa
990,3,3,4,4,1.0,0.000134530708460919,2.175174543448313e-05,2.073268538430274e-05,0.00038613166252056646,0.0,Vilankulo Airport,Vilankulu,Mozambique,VNX,FQVL,-22.018400192260746,35.31330108642578,Africa
1001,3,3,4,4,1.0,0.00012129297799083808,2.2611215621058383e-05,2.0848163973776137e-05,0.0004007325198413294,1.3928636498905823e-06,Joshua Mqabuko Nkomo International Airport,Bulawayo,Zimbabwe,BUQ,FVBU,-20.017401,28.617901,Africa
1004,5,5,7,7,1.0,0.00018558717446273392,3.397617031428603e-05,3.1694546240516054e-05,0.0006026962914896976,4.884303850212904e-05,Victoria Falls International Airport,Victoria Falls,Zimbabwe,VFA,FVFA,-18.09589958190918,25.839000701904297,Africa
1013,4,4,5,5,1.0,0.0001310737424602848,3.395565375017974e-05,2.8336512995994684e-05,0.0006355961007508155,1.6134900704732774e-05,Chileka International Airport,Blantyre,Malawi,BLZ,FWCL,-15.679100036621096,34.9739990234375,Africa
1016,7,6,13,12,0.8571428571428571,0.0002679932161311784,3.4323451626738594e-05,4.337698083175476e-05,0.000827532463039486,5.6566794877389726e-05,Lilongwe International Airport,Lilongwe,Malawi,LLW,FWKI,-13.7894001007,33.78099823,Africa
1018,1,1,1,1,1.0,6.347036759542529e-05,1.06480286102687e-05,1.0128380816336668e-05,0.00018883349997672402,0.0,Moshoeshoe I International Airport,Maseru,Lesotho,MSU,FXMM,-29.462299346923828,27.552499771118164,Africa
1038,7,6,10,10,0.8571428571428571,0.00028558371397798443,3.580699535116528e-05,4.078263786602046e-05,0.0007765368113958926,7.297232867461052e-05,Lubumbashi International Airport,Lubumashi,Congo (Kinshasa),FBM,FZQA,-11.5913000107,27.5308990479,Africa
1177,19,22,32,35,1.1578947368421053,0.0006456704756375055,0.0002615107031606382,0.00013842477839735582,0.0047713761042835956,0.004158419327573799,Julius Nyerere International Airport,Dar Es Salaam,Tanzania,DAR,HTDA,-6.87811,39.202599,Africa
1186,7,7,13,11,1.0,0.0002801912516100369,7.961867740025474e-05,3.7683986135998724e-05,0.0015946139832539845,0.0003356927018727531,Abeid Amani Karume International Airport,Zanzibar,Tanzania,ZNZ,HTZA,-6.22202,39.224899,Africa
3351,38,38,90,92,1.0,0.001842110975924009,0.0006896459848294538,0.0006791824660929766,0.012272213632324917,0.014327919062072675,Perth International Airport,Perth,Australia,PER,YPPH,-31.94029998779297,115.96700286865234,Oceania
967,1,1,1,1,1.0,6.212635144382709e-05,7.762007980440374e-07,7.834869501445253e-07,1.3996872478724883e-05,0.0,Port Gentil Airport,Port Gentil,Gabon,POG,FOOG,-0.7117390036582947,8.754380226135254,Africa
888,2,3,3,3,1.5,8.09750139648806e-05,1.3131996914815832e-05,5.43790045678029e-05,0.0011225149453888996,1.6266074420405087e-05,Bangui M'Poko International Airport,Bangui,Central African Republic,BGF,FEFF,4.39847993850708,18.518800735473636,Africa
894,1,1,1,1,1.0,6.037389269035861e-05,3.439833101003714e-06,3.4444686437991244e-06,6.431468339960583e-05,0.0,Sir Charles Gaetan Duval Airport,Rodriguez Island,Mauritius,RRG,FIMR,-19.7577,63.361,Africa
917,1,1,3,3,1.0,8.700760466379067e-05,1.0319499303011142e-05,1.0333405931397373e-05,0.0001929440501988175,0.0,Pierrefonds Airport,St.-pierre,Reunion,ZSE,FMEP,-21.320899963378903,55.42499923706055,Africa
898,1,1,1,1,1.0,5.985383524948496e-05,1.4639977788291382e-06,1.8387828651569275e-06,5.955720503275538e-05,1.9379552014523814e-08,Salak Airport,Maroua,Cameroon,MVR,FKKL,10.45139980316162,14.257399559020994,Africa
901,2,2,2,2,1.0,8.009080593701671e-05,1.8924943131134208e-06,3.170141630757221e-06,6.925658914832102e-05,9.294110153632045e-07,Garoua International Airport,Garoua,Cameroon,GOU,FKKR,9.33588981628418,13.370100021362305,Africa
900,1,1,1,1,1.0,6.639476471365056e-05,1.4639977788291382e-06,4.739810871167658e-07,3.580030394931833e-05,0.0,N'Gaoundéré Airport,N'gaoundere,Cameroon,NGE,FKKN,7.357009887695312,13.559200286865234,Africa
908,1,1,1,1,1.0,6.530069143931213e-05,4.243422214765249e-07,1.1143473967823995e-06,2.0088739630369634e-05,0.0,Mfuwe Airport,Mfuwe,Zambia,MFU,FLMF,-13.258899688720703,31.93659973144531,Africa
5612,1,1,1,1,1.0,6.530069143931213e-05,4.243422214765249e-07,1.1143473967823995e-06,2.0088739630369634e-05,0.0,Chipata Airport,Chipata,Zambia,CIP,FLCP,-13.558300018310549,32.58720016479492,Africa
5613,2,2,2,2,1.0,9.317826541635687e-05,6.256784511738523e-07,1.3465703576107456e-06,2.444221930141529e-05,0.0,Los Alamitos Army Air Field,Solwesi,Zambia,,KSLI,33.79000092,-118.052002,Africa
9828,1,1,1,1,1.0,6.530069143931213e-05,2.013362296973274e-07,1.1143473967823995e-06,2.444221930141529e-05,0.0,Kasama Airport,Kasama,Zambia,KAA,FLKS,-10.216699600219728,31.13330078125,Africa
912,6,7,10,10,1.1666666666666667,0.0002261657658985552,2.408299860127577e-05,5.550880393740703e-06,0.0005085827897987068,5.033361826964084e-05,Prince Said Ibrahim International Airport,Moroni,Comoros,HAH,FMCH,-11.5337,43.2719,Africa
915,10,7,15,15,0.7,0.0003345638131668591,5.781894526076942e-06,5.4081571634858046e-05,0.0010474916176095334,0.00011810480479977352,Dzaoudzi Pamandzi International Airport,Dzaoudzi,Mayotte,DZA,FMCZ,-12.804699897766112,45.28110122680664,Africa
4119,12,12,17,23,1.0,0.000350121024449553,0.00022370334137937343,0.00013344202406706995,0.003936795228543435,0.000813722665170006,Djibouti-Ambouli Airport,Djibouti,Djibouti,JIB,HDAM,11.547300338745115,43.15950012207031,Africa
923,5,5,5,5,1.0,0.00017667483804302165,2.158716497387104e-06,1.975811509857836e-06,4.098196641777421e-05,5.146102063151234e-05,Arrachart Airport,Antsiranana,Madagascar,DIE,FMNA,-12.34939956665039,49.29169845581055,Africa
929,2,2,3,3,1.0,0.00010738411142452671,1.7480974722379413e-06,1.303134574275653e-06,3.4082863142898115e-05,0.0,Amborovy Airport,Mahajanga,Madagascar,MJN,FMNM,-15.6668417421,46.351232528699995,Africa
930,4,4,4,4,1.0,0.00013807012810196972,2.151631942387737e-06,1.9693334434910866e-06,4.085505446249157e-05,4.564493596779904e-06,Fascene Airport,Nosy-be,Madagascar,NOS,FMNN,-13.3121004105,48.3148002625,Africa
920,3,3,3,3,1.0,0.00012189837859821772,1.8449757761745745e-06,1.938917836500331e-06,3.49843342643521e-05,3.8987799987060785e-05,Sainte Marie Airport,Sainte Marie,Madagascar,SMS,FMMS,-17.093900680541992,49.81579971313477,Africa
921,6,6,6,7,1.0,0.00027062780897339533,2.5581464863807934e-06,1.9480246425167367e-06,4.762016732702849e-05,0.0006560047172361056,Toamasina Airport,Toamasina,Madagascar,TMM,FMMT,-18.10950088500977,49.39250183105469,Africa
922,2,2,2,2,1.0,0.00011754954869719686,1.1421882256785196e-06,1.2442831068007534e-06,2.2393565206374515e-05,0.0,Morondava Airport,Morondava,Madagascar,MOQ,FMMV,-20.28470039367676,44.31760025024414,Africa
927,3,3,3,3,1.0,0.00014110483870786775,1.1533109880363768e-06,1.2588021037976766e-06,2.2663695785241176e-05,0.0,Antsirabato Airport,Antalaha,Madagascar,ANM,FMNH,-14.99940013885498,50.3202018737793,Africa
932,4,4,4,4,1.0,0.00018176516188149613,1.1603955430357445e-06,1.2652801701644108e-06,2.2790607740523817e-05,2.906932802178572e-07,Maroantsetra Airport,Maroantsetra,Madagascar,WMN,FMNR,-15.436699867248535,49.68830108642578,Africa
933,3,3,3,3,1.0,0.00013825556415934432,1.1534684656787988e-06,1.2565449768845536e-06,2.2626255084533553e-05,2.1603296618423228e-07,Sambava Airport,Sambava,Madagascar,SVB,FMNS,-14.278599739074709,50.17470169067383,Africa
937,2,2,2,2,1.0,0.00011754954869719686,1.1421882256785196e-06,1.2442831068007534e-06,2.2393565206374515e-05,0.0,Tôlanaro Airport,Tolagnaro,Madagascar,FTU,FMSD,-25.03809928894043,46.95610046386719,Africa
943,3,3,3,3,1.0,0.00016951270600111654,1.1492036475235258e-06,1.2506978206609371e-06,2.2519172021920538e-05,9.689776007261906e-08,Toliara Airport,Toliara,Madagascar,TLE,FMST,-23.383399963378903,43.72850036621094,Africa
924,1,1,1,1,1.0,8.004652160741764e-05,1.1040119215951706e-08,1.4455753051140052e-08,2.6859954342502646e-07,0.0,Mananara Nord Airport,Mananara,Madagascar,WMR,FMNC,-16.16390037536621,49.77379989624024,Africa
944,1,1,1,1,1.0,6.728484091217885e-05,3.155293586756399e-06,2.9648134953010168e-06,6.343312014599026e-05,0.0,Mbanza Congo Airport,M'banza-congo,Angola,SSY,FNBC,-6.269899845123291,14.246999740600586,Africa
946,2,2,2,3,1.0,0.00010019339313860742,6.34439557134759e-06,3.0005698970529066e-06,0.00012758585596316362,0.0001534376030749923,Cabinda Airport,Cabinda,Angola,CAB,FNCA,-5.59699010848999,12.188400268554688,Africa
958,2,2,3,3,1.0,0.00011594918202189675,6.327592425220734e-06,5.965478344747065e-06,0.00012758585596316362,0.0,Soyo Airport,Soyo,Angola,SZA,FNSO,-6.141089916229247,12.371800422668455,Africa
948,3,3,3,3,1.0,0.00014971530244083106,3.1896345289907425e-06,3.001167318428869e-06,6.416334142579484e-05,0.0,Nova Lisboa Airport,Huambo,Angola,NOV,FNHU,-12.808899879455565,15.760499954223633,Africa
953,3,3,3,3,1.0,0.00014971530244083106,3.1896345289907425e-06,3.0011673184288676e-06,6.416334142579484e-05,0.0,Menongue Airport,Menongue,Angola,SPP,FNME,-14.657600402832031,17.71980094909668,Africa
5632,6,6,6,6,1.0,0.0002802347000854685,3.243679914889751e-06,3.058278273706186e-06,6.530285752693372e-05,1.5589772953905823e-06,Ngjiva Pereira Airport,Ondjiva,Angola,VPE,FNGI,-17.0435009003,15.683799743700002,Africa
949,2,2,2,2,1.0,0.00010716214327150909,3.1726258914923653e-06,2.983143108587902e-06,6.380144436684488e-05,0.0,Kuito Airport,Kuito,Angola,SVP,FNKU,-12.404600143433,16.947399139404,Africa
952,2,2,2,2,1.0,0.00011717021172237248,3.172197785673795e-06,2.9827391723735352e-06,6.379292798158181e-05,0.0,Malanje Airport,Malanje,Angola,MEG,FNMA,-9.525090217590332,16.312400817871097,Africa
957,2,2,2,2,1.0,0.00011717021172237248,3.172197785673795e-06,2.982739172373534e-06,6.379292798158181e-05,0.0,Saurimo Airport,Saurimo,Angola,VHC,FNSA,-9.689069747924805,20.431900024414062,Africa
959,3,3,3,3,1.0,0.0001287287788699143,3.81537117515987e-06,3.627111573978766e-06,7.556940687499299e-05,1.0481941411959493e-05,Lubango Airport,Lubango,Angola,SDD,FNUB,-14.924699783325195,13.574999809265137,Africa
960,1,1,1,1,1.0,6.728484091217885e-05,3.155293586756399e-06,2.9648134953010168e-06,6.343312014599026e-05,0.0,Luena Airport,Luena,Angola,LUO,FNUE,-11.768099784851074,19.8976993560791,Africa
973,3,3,4,3,1.0,0.00010277136182194581,2.6210374136385746e-05,4.473715063340427e-05,0.0004490431909526264,1.5879274815947266e-05,São Tomé International Airport,Sao Tome,Sao Tome and Principe,TMS,FPST,0.3781749904155731,6.712150096893311,
5630,2,2,2,2,1.0,0.00010716214327150909,3.1726258914923653e-06,2.983143108587902e-06,6.380144436684488e-05,0.0,Catumbela Airport,Catumbela,Angola,CBT,FNCT,-12.4792,13.4869,Africa
5633,1,1,1,1,1.0,6.728484091217885e-05,3.155293586756399e-06,2.9648134953010168e-06,6.343312014599026e-05,0.0,Namibe Airport,Mocamedes,Angola,MSZ,FNMO,-15.261199951171877,12.14680004119873,Africa
5674,15,15,17,17,1.0,0.0003528140063248018,0.00016024165643946332,0.00015715176748229472,0.0028258512937036147,0.0021667535247006735,Praia International Airport,"Praia, Santiago Island",Cape Verde,RAI,GVNP,14.924500465393065,-23.49349975585937,Africa
986,3,3,3,3,1.0,0.00012279959870066846,6.336438584602369e-07,6.62028854388091e-07,1.176371514526332e-05,0.0,Quelimane Airport,Quelimane,Mozambique,UEL,FQQL,-17.855499267578125,36.86909866333008,Africa
977,2,2,2,2,1.0,9.91156277669482e-05,2.773549627333033e-07,2.8645399673553304e-07,5.147989292016711e-06,0.0,Lichinga Airport,Lichinga,Mozambique,VXC,FQLC,-13.274,35.2663,Africa
5637,1,1,1,1,1.0,6.924690455778064e-05,3.9525082775510095e-07,4.128556433059185e-07,7.345822681896205e-06,0.0,Chimoio Airport,Chimoio,Mozambique,VPY,FQCH,-19.15130043029785,33.429000854492195,Africa
995,1,1,1,1,1.0,6.258515581026193e-05,1.042194055891501e-06,1.0291661594741044e-06,1.8461304203664745e-05,0.0,Praslin Airport,Praslin,Seychelles,PRI,FSPP,-4.3192901611328125,55.69139862060547,Africa
1026,3,2,3,2,0.6666666666666666,0.00027314678953108384,9.08840316588714e-07,1.212218566972803e-06,2.4988690007271076e-05,0.0009199473341294454,Mbandaka Airport,Mbandaka,Congo (Kinshasa),MDK,FZEA,0.0226000007242,18.2887001038,Africa
1031,3,2,3,2,0.6666666666666666,0.00020218099059176724,9.088403184603216e-07,1.2122187339602214e-06,2.484854501460708e-05,0.002450641249996609,Bangoka International Airport,Kisangani,Congo (Kinshasa),FKI,FZIC,0.4816389977929999,25.3379993439,Africa
1037,2,2,2,2,1.0,0.00014626836947652532,9.088405375584443e-07,1.2121797451825321e-06,2.4847754425144193e-05,0.0012255628693984858,Kindu Airport,Kindu,Congo (Kinshasa),KND,FZOA,-2.91917991638,25.9153995514,Africa
1042,3,3,3,3,1.0,0.00014483545832438791,1.14684665516006e-06,1.4196626358424717e-06,2.936820233079712e-05,9.689776007261906e-08,Kananga Airport,Kananga,Congo (Kinshasa),KGA,FZUA,-5.90005016327,22.4692001343,Africa
1043,2,2,2,2,1.0,9.649868334376507e-05,1.1399403114203391e-06,1.414481596631717e-06,2.922712737321089e-05,0.0,Mbuji Mayi Airport,Mbuji-mayi,Congo (Kinshasa),MJM,FZWA,-6.121240139010001,23.5690002441,Africa
5652,2,2,2,2,1.0,0.00011332405149923382,9.168569223548512e-07,1.2186216046678466e-06,2.5012603200250434e-05,0.0,Tshikapa Airport,Tshikapa,Congo (Kinshasa),TSH,FZUK,-6.4383300000000006,20.794701,Africa
11230,1,1,1,1,1.0,7.213850370887557e-05,6.870055543999568e-09,1.2121409233922551e-06,2.4987899544128282e-05,0.0,Boende Airport,Boende,Congo (Kinshasa),BNB,FZGN,-0.2169999927282333,20.850000381469727,Africa
1028,1,1,1,1,1.0,0.00016432897844118424,6.870055543999568e-09,5.135738414301017e-09,1.4094006644248595e-07,0.0,Gemena Airport,Gemena,Congo (Kinshasa),GMA,FZFK,3.23536992073,19.7712993622,Africa
1036,3,3,3,3,1.0,0.00022441767417994115,6.899605341095543e-09,5.136068658746979e-09,1.409580795763108e-07,0.0013805992855146763,Goma International Airport,Goma,Congo (Kinshasa),GOM,FZNA,-1.670809984207153,29.23850059509277,Africa
1032,1,1,1,1,1.0,7.76248058754616e-05,6.870056490374151e-09,1.6574392230007602e-13,1.4015859750667957e-07,0.0001530015631546655,Matari Airport,Isiro,Congo (Kinshasa),IRP,FZJH,2.8276100158691406,27.58830070495605,Africa
1033,1,3,1,3,3.0,0.0001075146099872775,2.93306919259755e-11,1.6448994518814115e-13,1.5900715325097258e-09,0.0003068752061499846,Bunia Airport,Bunia,Congo (Kinshasa),BUX,FZKA,1.5657199621200562,30.220800399780273,Africa
11229,2,2,2,2,1.0,0.00014151065309866268,2.910878283820137e-11,3.915451625749046e-11,8.039912525402563e-10,0.0006136535145398965,Beni Airport,Beni,Congo (Kinshasa),BNC,FZNP,0.575,29.4739,Africa
1035,2,2,2,2,1.0,0.00017346279276352617,6.870055543999604e-09,5.1747284353096655e-09,1.4094467707656555e-07,0.0006142349011003322,Bukavu Kavumu Airport,Bukavu/kavumu,Congo (Kinshasa),BKY,FZMA,-2.3089799880981445,28.808799743652344,Africa
11290,1,1,1,1,1.0,0.00012118690247129235,-1.3438736127220683e-24,3.8821790277120686e-11,7.94972747258621e-10,0.0003070690016701298,Kongolo Airport,Kongolo,Congo (Kinshasa),KOO,FZRQ,-5.39444,26.99,Africa
1050,7,7,13,13,1.0,0.00019114808731035527,0.0001306491254373414,0.00013090310950456842,0.0023512257488099244,3.543203180318521e-06,Banjul International Airport,Banjul,Gambia,BJL,GBYD,13.338000297546388,-16.65220069885254,
5665,5,5,7,7,1.0,0.0001338493179073043,2.056820392775287e-05,2.0833785651863606e-05,0.0003716289885293248,0.0,Osvaldo Vieira International Airport,Bissau,Guinea-Bissau,OXB,GGOV,11.894800186157228,-15.65369987487793,Africa
1057,17,17,34,32,1.0,0.00038905988666902615,0.0004433079416050553,0.0004838785231407223,0.007887913597682974,0.0008050672247867804,Tenerife Norte Airport,Tenerife,Spain,TFN,GCXO,28.4827003479,-16.341499328599998,Europe
1052,3,3,3,3,1.0,7.211142356152188e-05,2.3538009709230355e-05,2.3358781355065555e-05,0.00041839175658905204,1.4445971278042124e-06,Hierro Airport,Hierro,Spain,VDE,GCHI,27.814800262451172,-17.887100219726562,Europe
1097,3,3,4,4,1.0,0.00010155428864309154,2.1688854266261703e-05,2.1821391199086373e-05,0.00039042471254979684,0.0,Nouadhibou International Airport,Nouadhibou,Mauritania,NDB,GQPP,20.9330997467041,-17.030000686645508,Africa
5670,3,3,3,3,1.0,7.392275078093407e-05,2.293285279364123e-05,2.3091235956095303e-05,0.00041483558675638925,5.81870170574472e-07,Dakhla Airport,Dakhla,Western Sahara,VIL,GMMH,23.7183,-15.932,Africa
5672,3,3,4,4,1.0,8.157728225068254e-05,3.3472492402833515e-05,3.368884545529564e-05,0.0006044616978169424,0.0,Hassan I Airport,El Aaiún,Western Sahara,EUN,GMML,27.151699,-13.2192,Africa
1250,5,5,11,11,1.0,0.00013619422609812632,0.0003626906383159043,0.00036363550530659026,0.00642679267531018,1.250561589232738e-07,Vigo Airport,Vigo,Spain,VGO,LEVX,42.2318000793457,-8.62677001953125,Europe
5659,1,1,1,1,1.0,5.736865908210948e-05,2.742304416955713e-06,2.5050755160290965e-06,4.448728649317375e-05,0.0,La Gomera Airport,La Gomera,Spain,GMZ,GCGM,28.029600143432617,-17.214599609375,Europe
1058,4,4,5,5,1.0,9.169540845604796e-05,6.510504061294933e-05,6.525431354781877e-05,0.0011600055778708443,4.222975241911402e-06,Melilla Airport,Melilla,Spain,MLN,GEML,35.279800415,-2.9562599658999997,Europe
1065,0,1,0,1,,4.7057036703642594e-05,9.82095899186871e-06,-0.0,0.00017589340280316413,0.0,Tan Tan Airport,Tan Tan,Morocco,TTA,GMAT,28.44820022583008,-11.161299705505373,Africa
1350,4,4,5,5,1.0,9.356526359992797e-05,2.2299052242949947e-05,2.1858399323846074e-05,0.0003876169023263931,2.4207878583321783e-06,Saint-Étienne-Bouthéon Airport,St-Etienne,France,EBU,LFMH,45.54059982299805,4.2963900566101065,Europe
1077,2,2,2,2,1.0,6.74141283995445e-05,1.9996470786407904e-05,1.9937061983455822e-05,0.00035660190148730794,0.0,Ouarzazate Airport,Ouarzazate,Morocco,OZZ,GMMZ,30.9391002655,-6.909430027010001,Africa
1079,1,1,1,1,1.0,5.7097069502048145e-05,8.600791121421237e-24,9.75473883058855e-06,0.00017689108383327546,0.0003068752061499846,Saniat R'mel Airport,Tetouan,Morocco,TTU,GMTN,35.594299316406,-5.320020198822,Africa
1534,5,5,5,5,1.0,9.256776786418173e-05,2.3846175750440844e-05,2.3696880282173795e-05,0.00042318688422856486,7.996422345100061e-06,Cuneo International Airport,Cuneo,Italy,CUF,LIMZ,44.547001,7.62322,Europe
9824,3,3,3,3,1.0,9.183873767137769e-05,1.0495012650584563e-05,1.044416597423834e-05,0.00018820636966860777,0.00014792735613207618,Tazadit Airport,Zouerat,Mauritania,OUZ,GQPZ,22.75639915466309,-12.483599662780762,Africa
1309,3,3,3,3,1.0,7.253215162818291e-05,3.7350654336398636e-05,3.527301761479742e-05,0.0006322718051297979,7.093670860978239e-07,Dole-Tavaux Airport,Dole,France,DLE,LFGJ,47.042686,5.4350629999999995,Europe
1374,2,2,2,2,1.0,6.36058014985268e-05,1.5186206384599553e-05,1.4839601424533618e-05,0.0002625993393842049,2.056318924936533e-08,Châlons-Vatry Airport,Chalons,France,XCR,LFOK,48.7733333333,4.206111111,Europe
1078,1,1,1,1,1.0,9.557948523382423e-05,9.82095899186871e-06,1.5176061709061364e-21,0.00017689108383327546,0.0003065845128697667,Cherif Al Idrissi Airport,Al Hociema,Morocco,AHU,GMTA,35.177101135253906,-3.83951997756958,Africa
1081,1,2,1,2,2.0,5.816492390102053e-05,3.984030040078114e-06,4.161967443187431e-06,7.360473621516375e-05,0.0003068752061499846,Ziguinchor Airport,Ziguinchor,Senegal,ZIG,GOGG,12.5556,-16.281799,Africa
1082,1,1,1,1,1.0,7.177867496100407e-05,3.983902449903466e-06,2.2513235545454903e-08,7.360473621516375e-05,0.0,Cap Skirring Airport,Cap Skiring,Senegal,CSK,GOGS,12.39533,-16.748,Africa
1105,2,2,2,2,1.0,8.158221077827203e-05,1.8553084915012212e-06,2.6514627619655297e-06,5.624532266247999e-05,0.0,Preguiça Airport,Sao Nocolau Island,Cape Verde,SNE,GVSN,16.58839988708496,-24.28470039367676,Africa
1104,1,1,1,1,1.0,6.469085735409731e-05,8.90632597830266e-07,9.0550475757566e-07,1.5937605061043295e-05,0.0,Maio Airport,Maio,Cape Verde,MMO,GVMA,15.15590000152588,-23.21369934082031,Africa
1109,2,1,2,1,0.5,8.803820921130342e-05,5.922736318443987e-06,5.3271130562647166e-06,0.00010631285874761166,0.0,Arba Minch Airport,Arba Minch,Ethiopia,AMH,HAAM,6.0393900871276855,37.59049987792969,Africa
1110,2,2,2,2,1.0,0.0001088732450562792,5.92330540720371e-06,5.327283670144553e-06,0.00010631962566308911,0.00010222713687661692,Axum Airport,Axum,Ethiopia,AXU,HAAX,14.14680004119873,38.77280044555664,Africa
1111,1,2,1,2,2.0,6.177087971763626e-05,5.92330540720371e-06,5.293473840759871e-06,0.00010631962566308911,0.00010222713687661692,Bahir Dar Airport,Bahar Dar,Ethiopia,BJR,HABD,11.608099937438965,37.32160186767578,Africa
1112,3,3,3,3,1.0,0.0001263846867258409,6.709213476305171e-06,6.591273104720977e-06,0.00012851923545870246,6.7246150188705025e-06,Aba Tenna Dejazmach Yilma International Airport,Dire Dawa,Ethiopia,DIR,HADR,9.624699592590332,41.85419845581055,Africa
1113,1,2,1,2,2.0,6.177087971763626e-05,5.95292688273892e-06,5.293473840759871e-06,0.00010631285874761166,0.0,Gambella Airport,Gambella,Ethiopia,GMB,HAGM,8.12876033782959,34.563098907470696,Africa
1114,2,2,2,2,1.0,0.0001088732450562792,5.92330540720371e-06,5.327283670144553e-06,0.00010631962566308911,0.00010222713687661692,Gonder Airport,Gondar,Ethiopia,GDQ,HAGN,12.51990032196045,37.43399810791016,Africa
1116,1,2,1,2,2.0,6.177087971763626e-05,5.95292688273892e-06,5.293473840759871e-06,0.00010631285874761166,0.0,Jimma Airport,Jimma,Ethiopia,JIM,HAJM,7.66609001159668,36.81660079956055,Africa
1118,1,1,1,1,1.0,6.177087971763626e-05,5.922736318443987e-06,5.293473840759871e-06,0.00010571314273919371,0.0,Mekele Airport,Makale,Ethiopia,MQX,HAMK,13.467399597167969,39.53350067138672,Africa
1119,2,1,2,1,0.5,8.803820921130342e-05,5.922736318443987e-06,5.327113056264721e-06,0.00010631285874761166,0.0,Asosa Airport,Asosa,Ethiopia,ASO,HASO,10.018500328063965,34.586299896240234,Africa
1121,7,5,8,7,0.7142857142857143,0.00018612459794607443,7.378399685397736e-06,6.455477658028977e-05,0.0011707534608648164,0.001592706637231085,Egal International Airport,Hargeisa,Somalia,HGA,HCMH,9.518170356750488,44.08879852294922,Africa
1173,8,7,12,12,0.875,0.00020789192581957062,8.08120877935323e-05,7.863188689159628e-05,0.0014959027225603324,1.533651868702539e-05,Juba International Airport,Juba,South Sudan,JUB,HSSJ,4.87201023102,31.601100921599997,Africa
3980,24,22,38,37,0.9166666666666666,0.0005978232803467204,0.0002501852783216557,0.0002854720106427139,0.005024514649288496,0.0013787146781201454,Sana'a International Airport,Sanaa,Yemen,SAH,OYSN,15.476300239562988,44.21969985961914,Asia
7417,3,3,3,3,1.0,0.0001814542030047833,5.96028218880125e-06,5.331557478719502e-06,0.00010644150336075972,0.0006134597190197513,Wilwal International Airport,Jijiga,Ethiopia,JIJ,HAJJ,9.3325,42.9121,Africa
1117,3,3,3,3,1.0,0.0001659072778323667,5.983119380887802e-06,1.0041548519856092e-07,0.00010751240529011925,1.9379552014523812e-07,Lalibella Airport,Lalibella,Ethiopia,LLI,HALL,11.975000381469728,38.97999954223633,Africa
1122,5,6,8,7,1.2,0.00022704876065203768,2.8797990864745213e-05,5.038755486768e-05,0.0005241926338002553,0.0005384024604369082,Berbera Airport,Berbera,Somalia,BBO,HCMI,10.389200210571287,44.94110107421875,Africa
1149,5,4,7,5,0.8,0.00023659518644764116,1.35188098634195e-05,6.984938670374702e-06,0.0002653752545334455,0.00419362871289895,Wajir Airport,Wajir,Kenya,WJR,HKWJ,1.73324,40.091599,Africa
5687,8,7,14,10,0.875,0.00031384276566280713,1.0435753568773e-05,2.9525882789420882e-05,0.00025638129275916996,0.0009455116493510199,Aden Adde International Airport,Mogadishu,Somalia,MGQ,HCMM,2.014440059661865,45.3046989440918,Africa
2191,77,77,96,95,1.0,0.0012162748884035912,0.00035297430010122137,0.00033268003046389694,0.006288890224047039,0.006346602659876332,Sharjah International Airport,Sharjah,United Arab Emirates,SHJ,OMSJ,25.32859992980957,55.5172004699707,Asia
3977,15,18,21,23,1.2,0.000312090273093942,0.0001990535988222013,0.00016680991722521995,0.003533745945584254,0.0005991483155160269,Aden International Airport,Aden,Yemen,ADE,OYAA,12.829500198364258,45.02880096435547,Asia
5686,2,2,4,4,1.0,0.0001705925120901557,6.486305725896969e-07,3.278479466490855e-07,7.385637109855853e-06,0.0,Bosaso Airport,Bosaso,Somalia,BSA,HCMF,11.27530002593994,49.14939880371094,Africa
1127,1,1,1,1,1.0,7.732561383522569e-05,1.8774087015328715e-07,1.8617075614034126e-07,3.313805139036858e-06,0.0,Abu Simbel Airport,Abu Simbel,Egypt,ABS,HEBL,22.3759994507,31.611700058,Africa
1136,3,3,4,4,1.0,0.00014241758988838793,3.2945503703798104e-05,3.312680183178722e-05,0.0005875004775924386,0.0006134597190197513,Aswan International Airport,Aswan,Egypt,ASW,HESN,23.964399337800003,32.8199996948,Africa
2059,10,11,14,15,1.1,0.00020431404772413604,0.00010904083437883653,0.00010630206427221445,0.0019207822598310506,3.080459943728416e-05,Abha Regional Airport,Abha,Saudi Arabia,AHB,OEAB,18.2404003143,42.65660095210001,Asia
2067,10,9,13,12,0.9,0.00018393324601429057,0.0001350843101272453,0.00013604358144369725,0.002419141167576613,6.863538606572611e-05,Gassim Airport,Gassim,Saudi Arabia,ELQ,OEGS,26.30279922485352,43.77439880371094,Asia
2089,7,7,9,9,1.0,0.00014662998094970618,8.464032261246195e-05,8.342259087186977e-05,0.0014871816664085557,3.707375777332556e-05,Tabuk Airport,Tabuk,Saudi Arabia,TUU,OETB,28.3654,36.6189,Asia
2090,9,9,13,13,1.0,0.0001799940481610917,0.000131435069337845,0.0001304369562520571,0.002313770202149446,3.21644657431367e-05,Ta’if Regional Airport,Taif,Saudi Arabia,TIF,OETF,21.483001,40.543442,Asia
2096,8,7,10,9,0.875,0.00014784949307756698,0.0001049825053944684,0.00010621760595874387,0.0018862744194491482,4.380783222183495e-05,Prince Abdulmohsin Bin Abdulaziz Airport,Yenbo,Saudi Arabia,YNB,OEYN,24.144199,38.0634,Asia
3275,63,64,182,185,1.0158730158730158,0.0026693559476992958,0.0016227999795831029,0.001606330530400357,0.028845924146306295,0.00859201825261953,Soekarno-Hatta International Airport,Jakarta,Indonesia,CGK,WIII,-6.1255698204,106.65599823,Asia
3410,18,20,38,41,1.1111111111111112,0.00044521277309012567,0.00034302438529434297,0.0003347728507316998,0.006018572822982485,0.0004767401300971311,Borg El Arab International Airport,Alexandria,Egypt,HBE,HEBA,30.91769981384277,29.696399688720703,Africa
3967,8,7,8,7,0.875,0.00017376500135473969,3.329559881408648e-05,3.608172448509637e-05,0.0006591591050552216,0.00043378200126451395,Asmara International Airport,Asmara,Eritrea,ASM,HHAS,15.291899681091309,38.91070175170898,Africa
3974,8,9,10,12,1.125,0.00019791115829610249,8.164007192149239e-05,7.914135456829186e-05,0.0014631804989445822,0.0006343071451805423,Mukalla International Airport,Mukalla,Yemen,RIY,OYRN,14.662599563598633,49.375,Asia
3975,6,6,7,7,1.0,0.0001288167375548432,3.8465706198098905e-05,3.839965952878141e-05,0.0006867893599907752,1.8200016595345065e-05,Ta'izz International Airport,Taiz,Yemen,TAI,OYTZ,13.6859998703,44.1390991211,Asia
5691,5,5,6,6,1.0,0.0001081577969230277,5.0796599960048215e-05,5.0679085213910385e-05,0.0008991040401315179,2.549932041335175e-06,Assiut International Airport,Asyut,Egypt,ATZ,HEAT,27.0464992523,31.0119991302,Africa
5702,4,3,5,5,0.75,0.00010345910975401004,2.7617075273868085e-05,5.059027980154504e-05,0.0009338137069983388,4.8357001369643705e-06,Port Sudan New International Airport,Port Sudan,Sudan,PZU,HSPN,19.4335994720459,37.23410034179688,Africa
8235,5,5,9,9,1.0,0.0001370592696850752,7.652222038893189e-05,7.662247443158623e-05,0.001359746265813204,0.0,Sohag International Airport,Sohag,Egypt,HMB,HEMK,26.342778000000003,31.742778,Africa
1138,3,2,4,3,0.6666666666666666,0.00019517571834294664,1.3020849262630476e-05,1.3617125310551644e-05,0.00025709201493243186,0.0003066814106298395,Eldoret International Airport,Eldoret,Kenya,EDL,HKEL,0.4044579863548279,35.23889923095703,Africa
1143,2,1,2,1,0.5,0.0001163926622469386,7.717288761440909e-08,6.845025731452966e-06,0.00012890956546406551,0.00015338915419495596,Lodwar Airport,Lodwar,Kenya,LOK,HKLO,3.1219699382781982,35.608699798583984,Africa
1140,1,2,2,3,2.0,7.486087497907597e-05,1.3059229057764358e-05,1.354289321183729e-05,0.00025636895468890327,0.0,Kisumu Airport,Kisumu,Kenya,KIS,HKKI,-0.0861390009522438,34.72890090942383,Africa
1141,1,1,1,1,1.0,8.969667514021331e-05,3.566549386682763e-09,1.097086586284585e-08,2.2431562669209286e-07,0.0,Kitale Airport,Kitale,Kenya,KTL,HKKT,0.9719889760017396,34.95859909057617,Africa
1147,11,10,18,19,0.9090909090909091,0.0009435349271083368,1.941447246666234e-06,6.293162200614924e-07,3.976899447904369e-05,0.004596136960807611,Nairobi Wilson Airport,Nairobi,Kenya,WIL,HKNW,-1.321720004081726,36.81480026245117,Africa
1144,2,2,4,4,1.0,0.00021092891693873692,2.3389053041152477e-07,1.0631622143653576e-07,1.6648165819447717e-06,4.844888003630953e-07,Manda Airstrip,Lamu,Kenya,LAU,HKLU,-2.252419948577881,40.91310119628906,Africa
5694,2,3,5,5,1.5,0.00020872668626370069,1.29897917991653e-05,1.3546858266731484e-05,0.00025537680051995537,0.0003058731952219609,Malindi Airport,Malindi,Kenya,MYD,HKML,-3.2293100357055664,40.10169982910156,Africa
5692,1,1,1,2,1.0,8.969667514021331e-05,7.133098773365526e-09,1.097086586284585e-08,4.486312533841857e-07,0.0,Amboseli Airport,Amboseli National Park,Kenya,ASV,HKAM,-2.645050048828125,37.25310134887695,Africa
5693,1,1,1,1,1.0,8.969667514021331e-05,3.566549386682763e-09,1.097086586284585e-08,2.2431562669209286e-07,0.0,Lokichoggio Airport,Lokichoggio,Kenya,LKG,HKLK,4.20412015914917,34.348201751708984,Africa
5695,2,3,4,4,1.5,0.000273753374619432,4.002419719636792e-09,2.198485623471597e-08,2.306786048095083e-07,0.0001534860519550286,Nanyuki Airport,Nanyuki,Kenya,NYK,HKNY,-0.06239889934659,37.04100799560547,Africa
6773,2,2,4,3,1.0,0.00024915029378669973,3.815740724902437e-09,2.198696603216141e-08,2.2691792135843774e-07,0.0,Buffalo Spring,Samburu South,Kenya,UAS,HKSB,0.530583,37.534195,Africa
7424,2,1,4,3,0.5,0.00023338294211831264,1.0699648160048288e-08,3.2935214741772407e-08,6.74248027409451e-07,0.0,Mara Serena Lodge Airstrip,Masai Mara,Kenya,MRE,HKMS,-1.406111,35.008057,Africa
7976,1,1,3,3,1.0,0.00017497595201335477,1.0699648160048288e-08,3.2912597588539825e-08,6.729468800762786e-07,0.0,Ukunda Airstrip,Ukunda,Kenya,UKA,HKUK,-4.29333,39.571098,Africa
1152,1,1,1,1,1.0,5.8679668981872955e-05,3.043724880513789e-06,3.024345128758385e-06,5.4517822403101125e-05,0.0,Ghat Airport,Ghat,Libya,GHT,HLGT,25.1455993652,10.1426000595,Africa
1153,2,2,3,3,1.0,8.146246984159082e-05,5.290207053871152e-06,5.278874283412725e-06,9.440659374566935e-05,0.0,Kufra Airport,Kufra,Libya,AKF,HLKF,24.178699493408203,23.31399917602539,Africa
1162,1,1,1,1,1.0,5.8679668981872955e-05,3.043724880513789e-06,3.024345128758385e-06,5.4517822403101125e-05,0.0,Ghadames East Airport,Ghadames,Libya,LTD,HLTD,30.15169906616211,9.715310096740724,Africa
1166,1,1,1,1,1.0,5.9123440164869407e-05,2.249819919169484e-06,1.0223687274293308e-06,3.01322365658559e-05,0.0,Kamembe Airport,Kamembe,Rwanda,KME,HRZA,-2.462239980697632,28.907899856567383,Africa
1169,1,1,2,2,1.0,7.382300562934786e-05,3.821373981317291e-06,3.956808710855047e-06,7.017707238811304e-05,0.0,El Fasher Airport,El Fasher,Sudan,ELF,HSFS,13.61489963531494,25.32460021972656,Africa
5701,1,1,2,2,1.0,7.382300562934786e-05,3.821373981317291e-06,3.956808710855047e-06,7.017707238811304e-05,0.0,Nyala Airport,Nyala,Sudan,UYL,HSNN,12.053500175476074,24.95619964599609,Africa
6768,1,1,2,2,1.0,7.382300562934786e-05,3.821373981317291e-06,3.956808710855047e-06,7.017707238811304e-05,0.0,Geneina Airport,Geneina,Sudan,EGN,HSGN,13.48169994354248,22.467199325561523,Africa
8076,37,40,44,48,1.0810810810810811,0.0005237285254657811,0.00031508424976927783,0.000234295181635674,0.0056145670118033725,0.003046956122286364,Al Maktoum International Airport,Dubai,United Arab Emirates,DWC,OMDW,24.896356,55.161389,Asia
1176,1,1,1,1,1.0,6.278981496935343e-05,2.1356798594508685e-07,1.4777629683225902e-06,3.5907085811695606e-05,3.436305168555893e-07,Arusha Airport,Arusha,Tanzania,ARK,HTAR,-3.3677899837493896,36.63330078125,Africa
1182,1,1,1,1,1.0,6.278981496935343e-05,7.845003716041928e-07,1.4777629683225902e-06,2.6912784542178465e-05,0.0,Mtwara Airport,Mtwara,Tanzania,MYW,HTMT,-10.339099884033203,40.18180084228515,Africa
1183,4,4,6,6,1.0,0.00018926446219592348,1.5665307379299497e-05,1.5425416558683122e-05,0.0003171903878925784,0.0006134597190197513,Mwanza Airport,Mwanza,Tanzania,MWZ,HTMW,-2.4444899559021,32.932701110839844,Africa
9829,1,1,1,1,1.0,6.278981496935343e-05,7.845003716041928e-07,1.4777629683225902e-06,2.6912784542178465e-05,0.0,Mbeya Airport,Mbeya,Tanzania,,HTMB,-8.919444,33.463889,Africa
5703,1,1,1,1,1.0,7.395548941176915e-05,8.742109008619179e-08,8.852261438147879e-08,1.7891582282579176e-06,0.0,Bukoba Airport,Bukoba,Tanzania,BKZ,HTBU,-1.332,31.8212,Africa
5709,1,1,1,1,1.0,6.135207415680754e-05,1.3772979870717464e-06,2.7065372744802784e-06,4.833084348045505e-05,0.0,Arua Airport,Arua,Uganda,RUA,HUAR,3.0499999523162837,30.91699981689453,Africa
7450,1,1,1,1,1.0,6.135207415680754e-05,1.3772979870717464e-06,2.7065372744802784e-06,4.833084348045505e-05,0.0,Bugungu Airport,Pakuba,Uganda,,HUPA,2.2,31.55,Africa
4160,1,1,1,1,1.0,5.616651715924823e-05,5.548190447854044e-06,5.487907055716966e-06,9.755276544718554e-05,0.0,Bol Airport,Brac,Croatia,BWK,LDSB,43.28570175170898,16.67970085144043,Europe
1219,2,2,2,2,1.0,6.341053904581568e-05,6.406491259438641e-05,6.363465678107941e-05,0.0011336539265465431,1.1218697699128545e-06,Badajoz Airport,Badajoz,Spain,BJZ,LEBZ,38.891300201416016,-6.8213300704956055,Europe
1238,1,1,1,1,1.0,5.4886845365709817e-05,3.033903815516756e-05,3.0112096070005462e-05,0.0005376521505070314,0.0,Salamanca Airport,Salamanca,Spain,SLM,LESA,40.95209884643555,-5.501989841461182,Europe
1242,2,2,3,3,1.0,7.124034770788289e-05,9.440395074955398e-05,9.374675285108487e-05,0.0016713060770535745,0.0,San Sebastian Airport,San Sebastian,Spain,EAS,LESO,43.35649871826172,-1.7906099557876587,Europe
1247,1,2,3,4,2.0,7.054646268984425e-05,0.00010747740639702155,9.033628821001641e-05,0.0019013514415589885,0.0,Valladolid Airport,Valladolid,Spain,VLL,LEVD,41.7061004639,-4.85194015503,Europe
6756,1,1,1,1,1.0,5.4886845365709817e-05,3.033903815516756e-05,3.0112096070005462e-05,0.0005376521505070314,0.0,Leon Airport,Leon,Spain,LEN,LELN,42.5890007019043,-5.65556001663208,Europe
6757,1,1,1,1,1.0,5.4886845365709817e-05,3.033903815516756e-05,3.0112096070005462e-05,0.0005376521505070314,0.0,Burgos Airport,Burgos,Spain,RGS,LEBG,42.357601,-3.62076,Europe
1234,1,1,1,2,1.0,5.558073038374845e-05,6.745174887843771e-05,3.352256071107398e-05,0.0011920035520790234,0.0,Pamplona Airport,Pamplona,Spain,PNA,LEPP,42.77000045776367,-1.6463299989700315,Europe
1759,8,8,10,10,1.0,0.00013905202475548938,0.00028182432207910787,0.0002780089963610014,0.005081045980764561,0.00025861453394731394,Casa De Campo International Airport,La Romana,Dominican Republic,LRM,MDLR,18.45070075988769,-68.91179656982422,North America
1767,21,19,40,37,0.9047619047619048,0.0005494293687457391,0.0009555361755584305,0.0009355092310651623,0.017654066911125775,0.0018280929449371365,La Aurora Airport,Guatemala City,Guatemala,GUA,MGGT,14.5833,-90.527496,North America
1905,5,4,6,5,0.8,0.00012097753309383546,0.00010107782795394952,5.6314736503808404e-05,0.002604606293103362,5.8366911705471064e-05,Antonio Maceo International Airport,Santiago De Cuba,Cuba,SCU,MUCU,19.96980094909668,-75.83540344238281,North America
2673,18,19,36,35,1.0555555555555556,0.0007559951365506516,0.0004459965263552153,0.00037212575959516667,0.007945260979523248,0.0027230903064774533,José Joaquín de Olmedo International Airport,Guayaquil,Ecuador,GYE,SEGU,-2.15741991997,-79.88359832760001,South America
2715,18,18,27,30,1.0,0.0005938998465526344,0.0003221403331196116,0.0002938194078262406,0.005754917216755717,0.00386985762313495,Alfonso Bonilla Aragon International Airport,Cali,Colombia,CLO,SKCL,3.54322,-76.3816,South America
2745,18,18,26,26,1.0,0.0004309515916555744,0.0004604756373679199,0.0004580016363851756,0.00819967681128596,0.001204005863209721,Jose Maria Córdova International Airport,Rio Negro,Colombia,MDE,SKRG,6.164540000000001,-75.4231,South America
2771,11,12,24,24,1.0909090909090908,0.0005552548343290904,0.0002272580152387516,0.0001507290678566194,0.00406445393521572,0.0010854191479359697,Viru Viru International Airport,Santa Cruz,Bolivia,VVI,SLVR,-17.6448,-63.135399,South America
2816,12,12,23,23,1.0,0.000420170386399348,0.0002492604677780978,0.00024974650604249536,0.00445093746806329,0.0002984554460958524,Carrasco International /General C L Berisso Airport,Montevideo,Uruguay,MVD,SUMU,-34.838402,-56.0308,South America
5781,1,1,1,1,1.0,5.558073038374845e-05,3.3725874439218856e-05,3.352256071107398e-05,0.0005960017760395117,0.0,Logroño-Agoncillo Airport,Logroño-Agoncillo,Spain,RJL,LELO,42.4609534888,-2.32223510742,Europe
1262,2,2,2,2,1.0,8.689409368499836e-05,1.024385840579347e-05,1.0251455858050471e-05,0.00018193527462295782,0.0,Agen-La Garenne Airport,Agen,France,AGF,LFBA,44.17470169067383,0.5905560255050659,Europe
1285,3,3,3,3,1.0,0.00010426555493232186,1.2233993361166842e-05,1.2059732359000747e-05,0.00021751665537479066,3.0461131320559158e-06,Castres-Mazamet Airport,Castres,France,DCM,LFCK,43.55630111694336,2.289180040359497,Europe
1279,2,2,2,2,1.0,7.011312801514591e-05,1.0344527366649607e-05,1.0349909968927267e-05,0.00018369936633016223,4.313727900044429e-06,Périgueux-Bassillac Airport,Perigueux,France,PGX,LFBX,45.19810104370117,0.815555989742279,Europe
1361,2,2,2,2,1.0,6.952218472771449e-05,2.325577963114619e-06,2.1490973989925964e-06,4.151649886150161e-05,1.9379552014523812e-07,Avignon-Caumont Airport,Avignon,France,AVN,LFMV,43.90729904174805,4.901830196380615,Europe
1425,1,1,1,1,1.0,5.6430733548024874e-05,8.717577989415335e-06,7.4746633592203475e-06,0.0001336399200209917,0.0,Dijon-Bourgogne Airport,Dijon,France,DIJ,LFSD,47.268902,5.09,Europe
1274,4,4,5,5,1.0,9.13305217216985e-05,0.00012929495953703816,0.00013097269679057688,0.0022978388640291694,1.6680374779279724e-07,Pau Pyrénées Airport,Pau,France,PUF,LFBP,43.38000106811523,-0.4186109900474548,Europe
1277,1,1,1,1,1.0,5.9404802257253985e-05,5.797924062657394e-07,5.464958149861777e-07,1.0178660318163637e-05,0.0,Angoulême-Brie-Champniers Airport,Angouleme,France,ANG,LFBU,45.72919845581055,0.2214560061693191,Europe
1313,1,1,1,1,1.0,5.7374095601138954e-05,1.0175511794539196e-05,1.0182323152867333e-05,0.00018070849868414378,0.0,Le Puy-Loudes Airport,Le Puy,France,LPY,LFHP,45.0806999206543,3.7628901004791264,Europe
1412,4,4,4,4,1.0,8.400141956383776e-05,3.390329306409492e-05,3.268707653917126e-05,0.0005815623862298596,9.252090289571915e-07,Caen-Carpiquet Airport,Caen,France,CFR,LFRK,49.173301696777344,-0.449999988079071,Europe
1371,1,1,1,1,1.0,5.5928778871898554e-05,1.0893860788498788e-05,9.703429049527492e-06,0.00017310578835405622,0.0,Le Havre Octeville Airport,Le Havre,France,LEH,LFOH,49.53390121459961,0.0880559980869293,Europe
1409,2,2,2,2,1.0,6.624583776939491e-05,2.1069372583037984e-05,1.988575220239478e-05,0.00035381428703820005,0.0,Lorient South Brittany (Bretagne Sud) Airport,Lorient,France,LRT,LFRH,47.76060104370117,-3.440000057220459,Europe
1344,1,1,1,1,1.0,5.7374095601138954e-05,1.0175511794539196e-05,1.0182323152867333e-05,0.00018070849868414378,0.0,Aurillac Airport,Aurillac,France,AUR,LFLW,44.89139938354492,2.4219400882720947,Europe
5671,2,2,3,3,1.0,7.612707811183231e-05,2.8530241533148973e-05,3.004871321893848e-05,0.0005313128992532972,0.0,Mogador Airport,Essadouira,Morocco,ESU,GMMI,31.3974990845,-9.6816701889,Africa
2531,45,44,99,98,0.9777777777777777,0.0019944107099144517,0.0004048774889523835,0.0004052533915265468,0.007230479455221106,0.008165826882041155,Presidente Juscelino Kubistschek International Airport,Brasilia,Brazil,BSB,SBBR,-15.86916732788086,-47.92083358764648,South America
3376,65,65,186,186,1.0,0.0014681381087320684,0.0025487706583940876,0.002533148655790226,0.045130072276562794,0.003761339249594432,Wuhan Tianhe International Airport,Wuhan,China,WUH,ZHHH,30.7838,114.208,Asia
6152,6,5,8,7,0.8333333333333334,0.00013072361465997782,4.7871617222483616e-05,0.0001184780219434569,0.0021044395265605,4.0328989349418014e-05,Urgench Airport,Urgench,Uzbekistan,UGC,UTNU,41.58430099487305,60.6417007446289,Asia
1416,1,1,1,1,1.0,5.7374095601138954e-05,1.0175511794539196e-05,1.0182323152867333e-05,0.00018070849868414378,0.0,Lannion-Côte de Granit Airport,Lannion,France,LAI,LFRO,48.754397999999995,-3.47166,Europe
1417,1,1,1,1,1.0,5.7374095601138954e-05,1.0175511794539196e-05,1.0182323152867333e-05,0.00018070849868414378,0.0,Quimper-Cornouaille Airport,Quimper,France,UIP,LFRQ,47.974998474121094,-4.167789936065674,Europe
2774,4,4,7,7,1.0,0.00013476782798480216,3.4077545824368877e-05,3.41858445528063e-05,0.000607653413888316,1.8023412049002536e-06,Cayenne-Rochambeau Airport,Cayenne,French Guiana,CAY,SOCA,4.819809913639999,-52.360401153599994,
1446,2,2,3,3,1.0,9.441650814794341e-05,3.2025480977392164e-05,2.9141480598080068e-05,0.0005243402701183139,0.0,Dimokritos Airport,Alexandroupolis,Greece,AXD,LGAL,40.855899810791016,25.956300735473636,
1480,4,4,5,5,1.0,0.00015753537311661187,1.7345817322978205e-05,1.5914488294272224e-05,0.00028581434856382674,0.0007728597051787426,Sitia Airport,Sitia,Greece,JSH,LGST,35.21609878540039,26.101299285888672,
1451,1,1,2,2,1.0,6.764392919752299e-05,3.193528815118508e-05,2.9043461640594258e-05,0.0005227282669823414,0.0,Ioannina Airport,Ioannina,Greece,IOA,LGIO,39.6963996887207,20.82250022888184,
4191,3,2,4,3,0.6666666666666666,9.449494671439769e-05,3.214173541404111e-05,3.820285562798006e-05,0.0006868774228193679,1.7544271205856869e-06,Ikaria Airport,Ikaria,Greece,JIK,LGIK,37.6827011108,26.3470993042,
1453,1,1,1,1,1.0,5.735048295058279e-05,1.596764407559254e-05,1.4521730820297129e-05,0.0002613641334911707,0.0,Kastoria National Airport,Kastoria,Greece,KSO,LGKA,40.4463005066,21.2821998596,
4192,3,3,6,6,1.0,0.00012757882805132197,3.9664422637030026e-05,3.623977243426814e-05,0.0006534922774114647,4.360399203267858e-08,Kalymnos Airport,Kalymnos,Greece,JKL,LGKY,36.9632987976,26.9405994415,
1461,2,2,4,4,1.0,0.0001441278404421325,9.856350806127347e-07,6.870372550547439e-07,1.7384001170888922e-05,0.0,Kasos Airport,Kasos,Greece,KSJ,LGKS,35.4213981628,26.9099998474,
1464,3,3,6,6,1.0,0.00015053423039857442,3.2679439090852785e-05,2.9856487610080507e-05,0.0005360643233278637,9.689776007261906e-08,Leros Airport,Leros,Greece,LRS,LGLE,37.184898,26.800301,
4190,2,2,4,4,1.0,0.00011025134629122767,3.227370192213104e-05,2.9412796159834568e-05,0.0005287751099251781,0.0,Astypalaia Airport,Astypalaia,Greece,JTY,LGPL,36.5798988342,26.3757991791,
1465,4,4,5,5,1.0,0.00011553680740608379,3.928061808582038e-05,3.642753738044844e-05,0.0006546919546990015,0.00012785338140443796,Limnos Airport,Limnos,Greece,LXS,LGLM,39.917098999,25.236299514799995,
4196,1,1,2,2,1.0,6.447132721787237e-05,1.1501504392198522e-05,1.1503267201253236e-05,0.00020491216939283544,0.0,Kastelorizo Airport,Kastelorizo,Greece,KZS,LGKJ,36.1417007446,29.5764007568,
1475,1,1,2,2,1.0,6.764392919752299e-05,3.193528815118508e-05,2.9043461640594258e-05,0.0005227282669823414,0.0,Skiathos Island National Airport,Skiathos,Greece,JSI,LGSK,39.177101135253906,23.503700256347656,
1482,2,2,3,3,1.0,7.562662346318963e-05,3.8460999566318965e-05,3.543373334994879e-05,0.0006357408890997438,0.0,Skiros Airport,Skiros,Greece,SKU,LGSY,38.9676017761,24.4871997833,
2964,22,22,28,28,1.0,0.00033099982301500923,0.0002553154598004018,0.00025533144594641394,0.004539550472393337,0.00033209636771998005,Platov International Airport,Rostov,Russia,ROV,URRP,47.493888,39.924722,Europe
1510,3,3,3,3,1.0,6.958659495203915e-05,2.975407484815408e-05,2.9200994709134026e-05,0.0005228878576419906,2.668493980629789e-07,Lampedusa Airport,Lampedusa,Italy,LMP,LICD,35.497898,12.6181,Europe
1511,3,3,3,3,1.0,7.211716722438435e-05,1.8683730046654738e-05,1.82914828314904e-05,0.0003275865364010522,1.034616057213057e-06,Pantelleria Airport,Pantelleria,Italy,PNL,LICG,36.816502,11.9689,Europe
1514,4,4,6,6,1.0,9.342337875181727e-05,9.754413827674632e-05,9.824516204016891e-05,0.0017521056373050162,5.219004607686008e-08,Reggio Calabria Airport,Reggio Calabria,Italy,REG,LICR,38.071201,15.6516,Europe
2559,18,18,34,35,1.0,0.0005968924084715097,0.00013519289015064294,0.000133673225325571,0.002391860782078586,0.0031082605915525915,Pinto Martins International Airport,Fortaleza,Brazil,FOR,SBFZ,-3.776279926300049,-38.53260040283203,South America
1645,1,1,1,1,1.0,5.6007600116544567e-05,2.605868500096305e-06,2.6206592078456757e-06,4.622203094264216e-05,0.0,Mostar International Airport,Mostar,Bosnia and Herzegovina,OMO,LQMO,43.282901763916016,17.84589958190918,
1647,1,1,1,1,1.0,5.6007600116544567e-05,2.605868500096305e-06,2.6206592078456757e-06,4.622203094264216e-05,0.0,Arad International Airport,Arad,Romania,ARW,LRAR,46.17660140991211,21.261999130249023,Europe
1536,1,1,2,2,1.0,6.262007310774012e-05,6.696327534753326e-05,6.75969553755788e-05,0.001205468011172832,0.0,Bolzano Airport,Bolzano,Italy,BZO,LIPB,46.460201,11.3264,Europe
1546,2,2,3,3,1.0,8.076821707270936e-05,2.5374396086381217e-05,2.5435345370769276e-05,0.00045185170949655945,0.0,Federico Fellini International Airport,Rimini,Italy,RMI,LIPR,44.020302,12.6117,Europe
1679,2,2,2,2,1.0,7.417307956677672e-05,2.5341984246444553e-05,2.5232151450995437e-05,0.00045191866330540284,1.1962682254439034e-06,St Gallen Altenrhein Airport,Altenrhein,Switzerland,ACH,LSZR,47.4850006104,9.560770034789998,Europe
1579,3,3,5,5,1.0,9.846404112438245e-05,4.998906264767344e-05,5.00337355051183e-05,0.00088844899461076,0.0,Karlovy Vary International Airport,Karlovy Vary,Czech Republic,KLV,LKKV,50.20299911499024,12.914999961853027,Europe
1584,2,2,2,2,1.0,6.936871608658105e-05,2.1265656898283663e-05,2.1263028803357543e-05,0.0003777865838413763,7.206720425331012e-07,Pardubice Airport,Pardubice,Czech Republic,PED,LKPD,50.01340103149414,15.73859977722168,Europe
2968,14,14,20,20,1.0,0.0002532578600830964,0.0001039893303752796,0.00010455409287366246,0.0018566885008578597,2.277144918503032e-05,Chelyabinsk Balandino Airport,Chelyabinsk,Russia,CEK,USCC,55.305801,61.5033,Europe
2973,5,5,6,6,1.0,0.00010746746251756538,6.496947467827304e-05,6.547204794276223e-05,0.0011621191285326098,1.6381094288640352e-06,Bolshoye Savino Airport,Perm,Russia,PEE,USPP,57.914501190186,56.021198272705,Europe
2992,19,19,23,23,1.0,0.0003185247591067959,0.0001304539007826325,0.00013104604903840672,0.0023268561067791176,0.00027551371325644107,Ufa International Airport,Ufa,Russia,UFA,UWUU,54.55749893188501,55.874401092529,Europe
4363,5,5,5,5,1.0,9.902458156101627e-05,3.5134341351679324e-05,3.5107850230622954e-05,0.0006237020131179447,5.8872098975618776e-06,Saratov Central Airport,Saratov,Russia,RTW,UWSS,51.56499862670898,46.04669952392578,Europe
1594,3,3,5,5,1.0,0.00022684579554256042,2.9326715176149723e-05,2.9519936831147417e-05,0.0005242635039909719,0.001226531846999212,Eilat Airport,Elat,Israel,ETH,LLET,29.56130027770996,34.960098266601555,Asia
2941,9,9,14,14,1.0,0.00018550078727903603,0.00018962262702544632,0.0001893096760953018,0.0033680754759770762,1.3764317453397654e-05,Dnipropetrovsk International Airport,Dnepropetrovsk,Ukraine,DNK,UKDD,48.357200622558594,35.100601196289055,Europe
2962,16,16,22,22,1.0,0.00028955841207182597,0.00016682665730823295,0.00016660546641936226,0.0029596297279606545,7.219626902090627e-05,Mineralnyye Vody Airport,Mineralnye Vody,Russia,MRV,URMM,44.22510147094727,43.08190155029297,Europe
8209,1,1,1,1,1.0,5.529535831100529e-05,1.4660998797052594e-05,1.4757594255132556e-05,0.0002620898681770577,0.0,Vinnytsia/Gavyryshivka Airport,Vinnitsa,Ukraine,VIN,UKWW,49.242531,28.613778000000003,Europe
1596,2,2,2,2,1.0,0.0001379986654557739,1.6918335558115855e-07,1.6761759674688359e-07,2.9903993639493686e-06,0.00030672985950987565,Haifa International Airport,Haifa,Israel,HFA,LLHA,32.809398651123054,35.04309844970703,Asia
1605,2,2,3,3,1.0,0.00018342356564418825,3.3554902115239706e-07,3.3239893888417465e-07,5.930763910102276e-06,0.0,Sde Dov Airport,Tel-aviv,Israel,SDV,LLSD,32.114700317382805,34.78219985961914,Asia
1602,0,1,0,1,,4.7057036703642594e-05,5.00231845049648e-05,-0.0,0.00088706433755298,0.0,Ovda International Airport,Ovda,Israel,VDA,LLOV,29.94029998779297,34.93579864501953,Asia
1617,2,1,3,3,0.5,7.988826358540561e-05,6.027689038760602e-06,4.30102648354245e-05,0.0008523750207299049,0.0,Santa Maria Airport,Santa Maria (island),Portugal,SMA,LPAZ,36.97140121459961,-25.17060089111328,Europe
1625,4,4,4,4,1.0,0.00016298202562966234,2.608251908982615e-06,2.7830892885917327e-06,4.8471616226321805e-05,0.0002890662502041354,Flores Airport,Flores,Portugal,FLW,LPFL,39.455299377441406,-31.13139915466309,Europe
1628,5,5,6,6,1.0,0.00018873731233775843,4.670695383155566e-05,4.340072564056426e-05,0.0007836700606283331,0.00032615759947536175,Horta Airport,Horta,Portugal,HOR,LPHR,38.51990127563477,-28.715900421142575,Europe
1629,8,8,12,10,1.0,0.00032966728968216043,6.622747687857794e-05,6.201783455736705e-05,0.0011256479021800232,0.0006198516618074342,Lajes Airport,Lajes (terceira Island),Portugal,TER,LPLA,38.761799,-27.090799,Europe
5793,2,2,2,2,1.0,0.00010846064990801516,2.617394110613525e-07,2.7867381310895073e-07,4.69323244824969e-06,0.0,Corvo Airport,Corvo,Portugal,CVU,LPCR,39.671501,-31.1136,Europe
1627,1,1,1,1,1.0,7.509891796490844e-05,3.514761939273667e-07,3.742428574959134e-07,6.34859078423334e-06,0.0,Graciosa Airport,Graciosa Island,Portugal,GRW,LPGR,39.09220123291016,-28.029800415039062,Europe
1634,3,2,4,4,0.6666666666666666,0.00010793014484667145,3.0636582613689676e-06,4.338450769292038e-05,0.0007960674002567922,0.0,Pico Airport,Pico,Portugal,PIX,LPPI,38.554298,-28.441299,Europe
1639,2,2,2,2,1.0,9.007744458735921e-05,2.360705873514234e-06,2.5176753123928025e-06,4.402528719713976e-05,0.0,São Jorge Airport,Sao Jorge Island,Portugal,SJZ,LPSJ,38.66550064086914,-28.175800323486328,Europe
1637,1,1,3,3,1.0,7.383608709261094e-05,6.649334385539724e-05,6.130024857079139e-05,0.0011090173972367787,0.0,Porto Santo Airport,Porto Santo,Portugal,PXO,LPPS,33.073398590100005,-16.3500003815,Europe
2537,33,33,55,55,1.0,0.001086288762596752,0.00024253567872674144,0.00022838326461130994,0.004323537223726711,0.003950823112330901,Tancredo Neves International Airport,Belo Horizonte,Brazil,CNF,SBCF,-19.62444305419922,-43.97194290161133,South America
2578,51,51,57,57,1.0,0.0014300639412587381,6.720927908631507e-05,6.585686416521763e-05,0.0011931350454934062,0.00794897310267326,Viracopos International Airport,Campinas,Brazil,VCP,SBKP,-23.0074005127,-47.1344985962,South America
2597,9,10,16,16,1.1111111111111112,0.0003001587126661271,9.044895108500479e-05,8.85588591283379e-05,0.001593223460549696,0.0005523540701798178,Governador Aluízio Alves International Airport,Natal,Brazil,NAT,SBSG,-5.768056,-35.376111,South America
2599,25,27,43,42,1.08,0.000944272243464129,0.00022469256899814422,0.00014793410358726047,0.004020968334922899,0.004873453934080383,Salgado Filho Airport,Porto Alegre,Brazil,POA,SBPA,-29.994400024414062,-51.1713981628418,South America
5794,3,3,3,3,1.0,7.307524733272475e-05,3.442297538379274e-05,3.48159881619625e-05,0.0006160248351740937,5.230470917363931e-06,Banja Luka International Airport,Banja Luka,Bosnia and Herzegovina,BNX,LQBK,44.94139862060547,17.297500610351562,
1649,1,1,2,2,1.0,6.435323164293835e-05,2.057506819831531e-05,2.0501400935680593e-05,0.0003629815889453789,0.0,Tautii Magheraus Airport,Baia Mare,Romania,BAY,LRBM,47.65840148925781,23.46999931335449,Europe
1651,1,1,1,1,1.0,5.706583813740654e-05,2.1464614687231345e-05,2.1348413617313623e-05,0.00038008241434526324,0.0,Mihail Kogălniceanu International Airport,Constanta,Romania,CND,LRCK,44.36220169067383,28.488300323486328,Europe
1656,1,1,2,2,1.0,6.435323164293835e-05,2.057506819831531e-05,2.0501400935680593e-05,0.0003629815889453789,0.0,Oradea International Airport,Oradea,Romania,OMR,LROD,47.02529907226562,21.90250015258789,Europe
1659,1,1,2,2,1.0,6.435323164293835e-05,2.057506819831531e-05,2.0501400935680593e-05,0.0003629815889453789,0.0,Satu Mare Airport,Satu Mare,Romania,SUJ,LRSM,47.70330047607422,22.88570022583008,Europe
1675,2,2,2,2,1.0,6.216292428310783e-05,4.117603160983871e-05,4.1493678867216616e-05,0.0007325414143077467,5.255690175078232e-07,Lugano Airport,Lugano,Switzerland,LUG,LSZA,46.00429916379999,8.9105796814,Europe
1685,10,10,17,17,1.0,0.0002289797247415625,0.00012613486767648323,0.00012602529064774018,0.0022423975408043238,8.267662989974439e-05,Adana Airport,Adana,Turkey,ADA,LTAF,36.9822006226,35.2803993225,Asia
1689,5,5,9,9,1.0,0.0001419396546590204,9.115289273898203e-05,9.074289174241356e-05,0.0016145887103394705,5.766312955337942e-06,Gaziantep International Airport,Gaziantep,Turkey,GZT,LTAJ,36.9472007751,37.4786987305,Asia
1692,3,3,4,4,1.0,9.12970044594244e-05,5.178968779819606e-05,5.1606978976616576e-05,0.0009186737647242236,4.0101985167968996e-07,Malatya Tulga Airport,Malatya,Turkey,,LTAO,38.353699,38.253899,Asia
1721,4,4,6,6,1.0,0.00011053454490911021,6.404166092603247e-05,6.378410582831846e-05,0.0011348790772214158,2.4387364825904155e-07,Elazığ Airport,Elazig,Turkey,EZS,LTCA,38.6068992615,39.2914009094,Asia
1722,4,4,7,7,1.0,0.00011968471696659365,6.910311857964365e-05,6.88094725326821e-05,0.0012241389204473443,0.0,Diyarbakir Airport,Diyabakir,Turkey,DIY,LTCC,37.893901825,40.2010002136,Asia
1723,3,3,3,3,1.0,8.128820302566045e-05,3.032507311096471e-05,3.0258565359302956e-05,0.0005385913503789604,1.753949062736672e-06,Erzincan Airport,Erzincan,Turkey,ERC,LTCD,39.7102012634,39.5270004272,Asia
1724,3,3,5,5,1.0,0.00010138437285162673,5.8980203272421276e-05,5.87587391239549e-05,0.0010456192339954875,0.0,Erzurum International Airport,Erzurum,Turkey,ERZ,LTCE,39.9565010071,41.17020034789999,Asia
1726,7,7,10,10,1.0,0.0001494004654999175,7.96195342249774e-05,7.943273905260463e-05,0.0014139328600195414,8.244311158767475e-06,Trabzon International Airport,Trabzon,Turkey,TZX,LTCG,40.99509811401367,39.78969955444336,Asia
1728,4,4,5,5,1.0,0.00010280750369802611,3.82298168360084e-05,3.812309723725789e-05,0.0006781847455450794,1.9410617006524597e-05,Van Ferit Melen Airport,Van,Turkey,VAN,LTCI,38.46820068359375,43.332298278808594,Asia
1729,3,3,3,3,1.0,8.128820302566045e-05,3.032507311096471e-05,3.0258565359302956e-05,0.0005385913503789604,1.753949062736672e-06,Batman Airport,Batman,Turkey,BAL,LTCJ,37.9290008545,41.1166000366,Asia
5780,8,8,14,14,1.0,0.00020200541929777226,0.0001035248731396622,0.00010325115600378138,0.0018380686208164184,1.4478632217688311e-05,Ercan International Airport,Nicosia,Cyprus,ECN,LCEN,35.15470123291016,33.49610137939453,Europe
5796,3,3,3,3,1.0,8.128820302566045e-05,3.032507311096471e-05,3.0258565359302956e-05,0.0005385913503789604,1.753949062736672e-06,Kars Airport,Kars,Turkey,KSY,LTCF,40.562198638916016,43.1150016784668,Asia
5798,3,3,3,3,1.0,8.128820302566045e-05,3.032507311096471e-05,3.0258565359302956e-05,0.0005385913503789604,1.753949062736672e-06,Kahramanmaraş Airport,Kahramanmaras,Turkey,KCM,LTCN,37.5388259888,36.9535217285,Asia
5799,2,2,2,2,1.0,7.12008346334581e-05,2.3134557636739494e-05,2.3106805211964683e-05,0.0004116458811076962,9.929048556137332e-07,Ağrı Airport,Agri,Turkey,AJI,LTCO,39.654541015625,43.025978088378906,Asia
5800,2,2,2,2,1.0,7.12008346334581e-05,2.3134557636739494e-05,2.3106805211964683e-05,0.0004116458811076962,9.929048556137332e-07,Adıyaman Airport,Adiyaman,Turkey,ADF,LTCP,37.7313995361,38.4688987732,Asia
6753,4,4,5,5,1.0,0.00010052574347534625,4.2577046238801114e-05,4.243569221100486e-05,0.0007547966628761527,2.6265262094508768e-06,Mardin Airport,Mardin,Turkey,MQM,LTCR,37.2233009338,40.6316986084,Asia
6781,1,1,1,1,1.0,6.119203319969417e-05,1.6699429495081492e-06,1.75839159465106e-06,3.156346676243297e-05,0.0,Çanakkale Airport,Canakkale,Turkey,CKZ,LTBH,40.1376991272,26.4267997742,Asia
6782,3,3,3,3,1.0,8.128820302566045e-05,3.032507311096471e-05,3.0258565359302956e-05,0.0005385913503789604,1.753949062736672e-06,Muş Airport,Mus,Turkey,MSR,LTCK,38.74779891967773,41.66120147705078,Asia
6784,1,1,1,1,1.0,6.119203319969417e-05,1.6699429495081492e-06,1.75839159465106e-06,3.156346676243297e-05,0.0,Tekirdağ Çorlu Airport,Çorlu,Turkey,TEQ,LTBU,41.13819885253906,27.919099807739254,Asia
7453,8,8,9,9,1.0,0.00015131270670518736,6.490989873213662e-05,6.404611598744501e-05,0.0011439885488293395,0.00028159457909293195,Hatay Airport,Hatay,Turkey,HTY,LTDA,36.36277771,36.282222747800006,Asia
9043,2,2,2,2,1.0,7.12008346334581e-05,2.3134557636739494e-05,2.3106805211964683e-05,0.0004116458811076962,9.929048556137332e-07,Iğdır Airport,Igdir,Turkey,IGD,LTCT,39.9766273499,43.8766479492,Asia
9044,4,4,5,5,1.0,0.00010044717651690787,5.685114545180726e-05,5.663234568098019e-05,0.0010079336079501517,8.541917273361798e-07,Şanlıurfa GAP Airport,Sanliurfa,Turkey,GNY,LTCS,37.445663,38.895592,Asia
9272,2,2,2,2,1.0,7.12008346334581e-05,2.3134557636739494e-05,2.3106805211964683e-05,0.0004116458811076962,9.929048556137332e-07,Bingöl Çeltiksuyu Airport,Bingol,Turkey,BGG,LTCU,38.8592605591,40.5959625244,Asia
2990,21,21,28,28,1.0,0.0003580384331108731,0.00014567478054227547,0.00014639286091993893,0.002601127404559803,0.0004123028865712428,Kazan International Airport,Kazan,Russia,KZN,UWKD,55.606201171875,49.278701782227,Europe
1693,2,2,2,2,1.0,6.715320652960887e-05,2.865513016145656e-05,2.8500173764651917e-05,0.0005070278836165273,3.6002435544324804e-07,Amasya Merzifon Airport,Merzifon,Turkey,MZH,LTAP,40.829399,35.521999,Asia
1694,3,3,4,4,1.0,8.639074697929468e-05,4.0907103289292965e-05,4.067730061635381e-05,0.0007232331961137197,1.3897477055780976e-06,Sivas Nuri Demirağ Airport,Sivas,Turkey,VAS,LTAR,39.813801,36.9035,Asia
1699,2,2,2,2,1.0,6.715320652960887e-05,2.865513016145656e-05,2.8500173764651917e-05,0.0005070278836165273,3.6002435544324804e-07,Çardak Airport,Denizli,Turkey,DNZ,LTAY,37.7855987549,29.701299667399997,Asia
2050,13,15,26,28,1.1538461538461537,0.0003796737738613691,0.0002543209988198114,0.00024873275312623514,0.0044878709758225605,7.572233560915362e-05,Hamid Karzai International Airport,Kabul,Afghanistan,KBL,OAKB,34.565899,69.212303,Asia
2053,3,3,4,4,1.0,9.674398205549459e-05,2.9837106633665313e-05,2.4983790533511324e-05,0.0005420015541164511,9.467250271025433e-07,Mazar I Sharif Airport,Mazar-i-sharif,Afghanistan,MZR,OAMS,36.70690155029297,67.20970153808594,Asia
2114,3,3,6,6,1.0,0.0001624610784854478,2.3430904809986305e-05,2.3117779675068264e-05,0.00041701591174174446,0.0,Shahid Ashrafi Esfahani Airport,Bakhtaran,Iran,KSH,OICC,34.3459014893,47.1581001282,Asia
2121,14,14,20,20,1.0,0.0004090049427609751,6.191834833572813e-05,6.959196342563322e-05,0.0012868597320493357,0.0010625372430132169,Esfahan Shahid Beheshti International Airport,Esfahan,Iran,IFN,OIFM,32.75080108642578,51.86130142211914,Asia
2157,23,23,35,35,1.0,0.0006543210750914865,0.00011262728380397024,0.00012058592656740823,0.002190982418547488,0.0019853520598967734,Shiraz Shahid Dastghaib International Airport,Shiraz,Iran,SYZ,OISS,29.53919982910156,52.58980178833008,Asia
2162,10,10,15,15,1.0,0.00029952219459508715,5.889578157311377e-05,6.648744609763819e-05,0.001232563989704807,0.00030227542497604347,Tabriz International Airport,Tabriz,Iran,TBZ,OITT,38.1338996887207,46.23500061035156,Asia
2172,2,2,2,2,1.0,6.610629221033516e-05,3.261519440471637e-05,3.246928146616455e-05,0.000576962762170769,1.349226719588966e-06,Aqaba King Hussein International Airport,Aqaba,Jordan,AQJ,OJAQ,29.61160087585449,35.01810073852539,Asia
2234,7,7,8,8,1.0,0.00012331946673094492,0.0001271769711031457,0.00012690667668185262,0.0022483343624122047,1.3793293155649294e-05,Basrah International Airport,Basrah,Iraq,BSR,ORMM,30.54910087585449,47.66210174560547,Asia
2912,22,22,45,45,1.0,0.0005498030772237381,0.00027653346255635523,0.0002759137114277754,0.0049056651432450304,0.0004057169095865665,Manas International Airport,Bishkek,Kyrgyzstan,FRU,UAFM,43.0612983704,74.4776000977,Asia
2913,13,13,29,31,1.0,0.00036808876930180236,0.00017050840259418617,0.00016754833615672117,0.0029793988380599754,1.0514266218368846e-06,Osh Airport,Osh,Kyrgyzstan,OSS,UAFO,40.6090011597,72.793296814,Asia
2965,18,17,26,26,0.9444444444444444,0.00032549455133248944,0.000156268068077973,0.0001448102485971852,0.002786527939306668,9.204802399580126e-05,Sochi International Airport,Sochi,Russia,AER,URSS,43.449902,39.9566,Europe
3125,31,31,43,43,1.0,0.0008609430260949792,0.0005103611252448926,0.0005108622034643342,0.00907323285848267,0.008249929604597184,Tribhuvan International Airport,Kathmandu,Nepal,KTM,VNKT,27.6966,85.3591,Asia
3399,55,55,153,153,1.0,0.0016267713867795586,0.0013871754276338303,0.0013586044670949537,0.024587402052698413,0.005643631497023629,Ürümqi Diwopu International Airport,Urumqi,China,URC,ZWWW,43.90710067749024,87.47419738769531,Asia
3971,5,5,6,6,1.0,0.00011007684601166323,5.343233247900494e-05,5.32699872342826e-05,0.0009456032671025269,9.987436049103464e-06,Batumi International Airport,Batumi,Georgia,BUS,UGSB,41.6102981567,41.5997009277,Asia
3987,2,2,2,2,1.0,6.715320652960887e-05,2.865513016145656e-05,2.8500173764651917e-05,0.0005070278836165273,3.6002435544324804e-07,Nevşehir Kapadokya Airport,Nevsehir,Turkey,NAV,LTAZ,38.7719,34.5345,Asia
4331,36,38,61,63,1.0555555555555556,0.0012256513815061354,0.00013468849174727386,0.00014038023181612384,0.0025803868130136014,0.004557474233503449,Mashhad International Airport,Mashhad,Iran,MHD,OIMM,36.235198974609375,59.64099884033203,Asia
4367,17,17,21,21,1.0,0.00032493967512292973,7.323686293058424e-05,7.30059658204762e-05,0.001298401556697844,0.0007042397546735367,Aktau Airport,Aktau,Kazakhstan,SCO,UATE,43.8601,51.091999,Asia
5801,1,1,1,1,1.0,5.706583813740654e-05,2.1464614687231345e-05,2.1348413617313623e-05,0.00038008241434526324,0.0,Süleyman Demirel International Airport,Isparta,Turkey,ISE,LTFC,37.8554000854,30.368400573699997,Asia
6089,5,4,5,4,0.8,0.00013711856681473684,4.812024476715624e-05,4.7963479791496465e-05,0.0008550453693720017,0.0003225810521417126,Ganja Airport,Ganja,Azerbaijan,KVD,UBBG,40.737701416015625,46.31760025024414,Asia
6090,1,1,1,1,1.0,5.706583813740654e-05,2.718253780536875e-07,2.1348413617313623e-05,0.0003849052658353549,0.0,Nakhchivan Airport,Nakhchivan,Azerbaijan,NAJ,UBBN,39.18880081176758,45.45840072631836,Asia
6969,7,7,7,7,1.0,0.00012024958033272256,6.709397002462993e-05,6.69299120947303e-05,0.001189098959014516,2.9000746351799584e-05,Begishevo Airport,Nizhnekamsk,Russia,NBC,UWKE,55.56470108032226,52.09249877929688,Europe
7490,8,9,10,11,1.125,0.00014246009955971937,0.00011503982213928241,0.00010289942659448414,0.002023542631136131,1.7385385972758434e-05,Al Najaf International Airport,Najaf,Iraq,NJF,ORNI,31.989853000000004,44.404317,Asia
9045,1,1,1,1,1.0,5.706583813740654e-05,2.1464614687231345e-05,2.1348413617313623e-05,0.00038008241434526324,0.0,Zafer Airport,Kutahya,Turkey,KZR,LTBZ,39.113079,30.128110999999997,Asia
9273,1,1,1,1,1.0,5.706583813740654e-05,2.1464614687231345e-05,2.1348413617313623e-05,0.00038008241434526324,0.0,Kastamonu Airport,Kastamonu,Turkey,KFS,LTAL,41.31420135498047,33.79579925537109,Asia
2974,12,12,14,14,1.0,0.00020608749957874727,4.324929560906498e-05,4.317007287848661e-05,0.0007649229141726783,5.543727833939526e-05,Surgut Airport,Surgut,Russia,SGC,USRR,61.34370040893555,73.40180206298828,Europe
1755,2,2,2,2,1.0,0.0001018026141152579,4.1540983564827005e-06,4.319250940911833e-06,7.674075423367877e-05,0.000613265923499606,South Caicos Airport,South Caicos,Turks and Caicos Islands,XSC,MBSC,21.5156993866,-71.528503418,
1764,8,8,11,11,1.0,0.00015881462667059708,0.000324589813466883,0.000322230995192376,0.0057928525072640635,7.672395113740728e-05,Cibao International Airport,Santiago,Dominican Republic,STI,MDST,19.406099319458008,-70.60469818115234,North America
1895,2,2,3,3,1.0,8.632827966271485e-05,1.180157903185332e-05,1.2127923068974373e-05,0.00021651740662251902,0.0,Cap Haitien International Airport,Cap Haitien,Haiti,CAP,MTCH,19.733,-72.194702,North America
5807,3,3,4,4,1.0,0.00019257959030631646,8.235810305685816e-06,8.56917159691582e-06,0.00015220244791766996,0.0006134597190197513,JAGS McCartney International Airport,Cockburn Town,Turks and Caicos Islands,GDT,MBGT,21.444499969482425,-71.14230346679688,
1772,15,15,23,23,1.0,0.0003248244605270858,0.0004676551846762734,0.0004684772997366428,0.00835246253765967,0.001342127018146258,Ramón Villeda Morales International Airport,San Pedro Sula,Honduras,SAP,MHLM,15.4526,-87.923599,North America
1776,11,11,18,18,1.0,0.00030064352229163227,0.00025676668284255964,0.00025921356152513975,0.004619420803638758,0.0009327403265814746,Toncontín International Airport,Tegucigalpa,Honduras,TGU,MHTG,14.06089973449707,-87.21720123291016,North America
1851,2,2,2,2,1.0,7.152697295969334e-05,3.0509259520848068e-05,3.0469860679253672e-05,0.0005343812380249462,6.422806478469703e-06,Tapachula International Airport,Tapachula,Mexico,TAP,MMTP,14.7943000793,-92.3700027466,North America
1863,8,8,14,15,1.0,0.00021188677377472626,0.0003193502041071141,0.00031531646243311665,0.005730934146674917,3.192376796492075e-05,Augusto C. Sandino (Managua) International Airport,Managua,Nicaragua,MGA,MNMG,12.14150047302246,-86.16819763183594,North America
4024,2,2,3,3,1.0,9.002238111239185e-05,1.0601219151769388e-05,1.0705526801629725e-05,0.00019380384917711663,0.0,Mundo Maya International Airport,Flores,Guatemala,FRS,MGTK,16.913799285899998,-89.86640167239997,North America
1771,6,7,7,8,1.1666666666666667,0.00020607739781475774,1.433243644579583e-05,1.425983170206716e-05,0.000255616033907552,0.0009432987441436734,Goloson International Airport,La Ceiba,Honduras,LCE,MHLC,15.7425,-86.852997,North America
1773,1,1,1,1,1.0,6.896347664351803e-05,8.081532366389272e-08,8.099073410553368e-08,1.4415299769246711e-06,0.0,La Laguna Airport,Guanaja,Honduras,GJA,MHNJ,16.4454,-85.906601,North America
1774,9,10,13,15,1.1111111111111112,0.00020599605387083676,0.00031260899059223446,0.0003004447145658304,0.005563614073089826,0.0002430876738420869,Juan Manuel Galvez International Airport,Roatan,Honduras,RTB,MHRO,16.316799,-86.523003,North America
4125,1,0,1,0,0.0,6.896347664351803e-05,-0.0,8.099073410553368e-08,1.4415299769246711e-06,0.0,Utila Airport,Utila,Honduras,UII,MHUT,16.1131,-86.880302,North America
5832,2,2,2,2,1.0,8.317329993470977e-05,1.5498668742293722e-06,1.5319458606752206e-06,2.7492813470970154e-05,0.0,Puerto Lempira Airport,Puerto Lempira,Honduras,PEU,MHPL,15.2622,-83.78119699999999,North America
1957,15,15,20,20,1.0,0.00035710484954996425,0.000469477817556017,0.0004675358348879263,0.008355335679598511,0.0014495913201974869,Philip S. W. Goldson International Airport,Belize City,Belize,BZE,MZBZ,17.539100646972653,-88.30819702148438,North America
1783,5,5,9,8,1.0,0.00015264215082172106,0.00011522246198304404,0.00013962792091763877,0.0020053635213409075,2.0721812021557742e-05,General Juan N Alvarez International Airport,Acapulco,Mexico,ACA,MMAA,16.757099151611328,-99.75399780273438,North America
1825,32,32,73,72,1.0,0.000871844665807867,0.001246047250456166,0.0013003765432731546,0.02216470261255907,0.0003558318982300984,General Mariano Escobedo International Airport,Monterrey,Mexico,MTY,MMMY,25.7784996033,-100.107002258,North America
1847,31,32,41,42,1.032258064516129,0.0006019873233899261,0.00029402025213703546,0.0002508185376611801,0.005185506781937483,0.0031073827522371546,General Abelardo L. Rodríguez International Airport,Tijuana,Mexico,TIJ,MMTJ,32.541099548339844,-116.97000122070312,North America
1850,10,10,14,13,1.0,0.0001983479084325286,0.00015947719004984806,0.00017235470173489453,0.0030484775694728287,6.404343364574304e-05,Licenciado Adolfo Lopez Mateos International Airport,Toluca,Mexico,TLC,MMTO,19.3370990753,-99.5660018921,North America
1785,7,7,9,9,1.0,0.00014260005101391195,0.00026402984832324936,0.00026083373591947345,0.004654959922773631,9.117410418863755e-05,Jesús Terán Paredo International Airport,Aguascalientes,Mexico,AGU,MMAS,21.705601,-102.318001,North America
1786,2,2,3,3,1.0,8.058438759348193e-05,7.927031541657938e-05,7.898232998588326e-05,0.0013819156075300064,0.0,Bahías de Huatulco International Airport,Huatulco,Mexico,HUX,MMBT,15.7753,-96.262604,North America
1789,2,2,3,3,1.0,8.058438759348193e-05,7.927031541657938e-05,7.898232998588326e-05,0.0013819156075300064,0.0,Ciudad del Carmen International Airport,Ciudad Del Carmen,Mexico,CME,MMCE,18.65369987487793,-91.79900360107422,North America
1792,7,7,16,16,1.0,0.0002239772722794268,0.00014540170362872644,0.0001454889596182041,0.0025510344434167584,1.2034224879193004e-05,Bachigualato Federal International Airport,Culiacan,Mexico,CUL,MMCL,24.764499664299997,-107.474998474,North America
1804,41,41,92,93,1.0,0.0010624409580481347,0.0018720373950185918,0.0018732805713231589,0.03339232478809433,0.0012497584889955785,Don Miguel Hidalgo Y Costilla International Airport,Guadalajara,Mexico,GDL,MMGL,20.521799087524418,-103.31099700927734,North America
1807,13,13,23,25,1.0,0.0003179133162271232,0.0004230329774290263,0.00036179323774059545,0.007457334656789766,0.00035970384726046725,General Ignacio P. Garcia International Airport,Hermosillo,Mexico,HMO,MMHO,29.095899581900007,-111.047996521,North America
1816,6,6,10,10,1.0,0.00015834182464140507,0.00011928953799342409,0.0001187085889446811,0.0020772461771040827,2.5908240030043903e-05,Manuel Márquez de León International Airport,La Paz,Mexico,LAP,MMLP,24.0727005005,-110.361999512,North America
1793,1,1,1,1,1.0,5.890137839560806e-05,2.520741004052561e-05,2.5070250039740122e-05,0.00043481857039541055,0.0,Chetumal International Airport,Chetumal,Mexico,CTM,MMCM,18.50469970703125,-88.32679748535156,North America
1794,4,4,5,5,1.0,0.00010341673537912635,6.450321879371249e-05,6.47711144306343e-05,0.0011292608427668112,9.315972108649179e-06,Ciudad Obregón International Airport,Ciudad Obregon,Mexico,CEN,MMCN,27.39259910583496,-109.83300018310548,North America
1795,1,1,2,2,1.0,7.074572008757353e-05,5.041482008105122e-05,5.0140500079480244e-05,0.0008696371407908211,0.0,Ingeniero Alberto Acuña Ongay International Airport,Campeche,Mexico,CPE,MMCP,19.816799163800003,-90.5002975464,North America
1796,6,6,12,12,1.0,0.0001802359118075723,0.00012540929623976524,0.00012472728344958058,0.0021833093055712784,0.0,Abraham González International Airport,Ciudad Juarez,Mexico,CJS,MMCS,31.63610076904297,-106.4290008544922,North America
1797,10,10,17,16,1.0,0.00023105003421636068,0.00026934899740894557,0.00027378691951407413,0.004728709845920913,0.00046684797686698454,General Roberto Fierro Villalobos International Airport,Chihuahua,Mexico,CUU,MMCU,28.702899932900003,-105.964996338,North America
1845,6,6,10,10,1.0,0.00015343317733107443,0.00024324698026800966,0.00024100876871977256,0.004272670323483229,9.72914801483081e-07,Francisco Sarabia International Airport,Torreon,Mexico,TRC,MMTC,25.568300247199996,-103.411003113,North America
1798,1,1,2,2,1.0,7.074572008757353e-05,5.041482008105122e-05,5.0140500079480244e-05,0.0008696371407908211,0.0,General Pedro Jose Mendez International Airport,Ciudad Victoria,Mexico,CVM,MMCV,23.7033004761,-98.9564971924,North America
1801,4,4,5,5,1.0,0.00010297419415709992,0.00014067559862938103,0.00013951563207746323,0.002477333103383212,4.22271364627668e-05,General Guadalupe Victoria International Airport,Durango,Mexico,DGO,MMDO,24.1242008209,-104.527999878,North America
1802,2,2,3,3,1.0,8.291981959083233e-05,5.18362941717345e-05,5.1801970280484174e-05,0.0008988846594290937,0.0,Amado Nervo National Airport,Tepic,Mexico,TPQ,MMEP,21.4195,-104.843002,North America
1814,5,5,5,5,1.0,0.00010388731961330731,4.149787290401687e-05,4.1938416506041595e-05,0.0007336407391251928,8.628801541515385e-05,Valle del Fuerte International Airport,Los Mochis,Mexico,LMM,MMLM,25.6851997375,-109.081001282,North America
1819,8,8,15,15,1.0,0.00021530154923354774,0.0002687522822128487,0.0002685637223107481,0.004727056537828189,1.2253012843944886e-06,Licenciado Manuel Crescencio Rejon Int Airport,Merida,Mexico,MID,MMMD,20.9370002747,-89.657699585,North America
1820,3,3,4,4,1.0,9.124263587586754e-05,6.308174470302921e-05,6.310964422963038e-05,0.0011000133241285386,2.632631083273653e-06,General Rodolfo Sánchez Taboada International Airport,Mexicali,Mexico,MXL,MMML,32.6306,-115.241997,North America
1826,9,9,15,15,1.0,0.00021753036186244665,0.0003959659563366724,0.00038855334315787194,0.006950539453874075,3.814963626656931e-05,General Rafael Buelna International Airport,Mazatlan,Mexico,MZT,MMMZ,23.1613998413,-106.26599884,North America
1831,6,6,7,7,1.0,0.00011839425389831225,0.0001642477382240757,0.00016240004376889036,0.0029074726934395392,3.6519711096444234e-05,Hermanos Serdán International Airport,Puebla,Mexico,PBC,MMPB,19.1581001282,-98.3713989258,North America
1839,5,5,8,8,1.0,0.00015021479695636578,0.00011137276247516004,0.00011182792502267144,0.0019536593065164806,2.8321829394448183e-05,General Lucio Blanco International Airport,Reynosa,Mexico,REX,MMRX,26.0089,-98.2285,North America
1846,5,5,8,8,1.0,0.0001333996777545942,0.0001290470267672189,0.00012938081572624538,0.0022660239692153324,7.21638213949512e-06,Angel Albino Corzo International Airport,Tuxtla Gutierrez,Mexico,TGZ,MMTG,16.5636005402,-93.0224990845,North America
1853,8,8,13,13,1.0,0.00020695853820798082,0.00015177338852249265,0.00015187328876410954,0.0026640576142317523,8.551540180108581e-05,Carlos Rovirosa Pérez International Airport,Villahermosa,Mexico,VSA,MMVA,17.996999740600586,-92.81739807128906,North America
1854,9,9,16,16,1.0,0.000230599293576697,0.0001990692643360381,0.00019962973210867433,0.003511791197391602,4.0862984912288055e-05,General Heriberto Jara International Airport,Vera Cruz,Mexico,VER,MMVR,19.145900726300003,-96.1873016357,North America
3621,35,35,68,68,1.0,0.0007075317252526745,0.0022637661292926187,0.002202050379855749,0.04042315409896305,0.0006818303748338053,San Antonio International Airport,San Antonio,United States,SAT,KSAT,29.533700942993164,-98.46980285644533,North America
3687,11,11,20,20,1.0,0.00024977692218411954,0.0006910967804219893,0.0006800033958509594,0.012240534073945167,3.206253776031326e-05,Fresno Yosemite International Airport,Fresno,United States,FAT,KFAT,36.77619934082031,-119.71800231933594,North America
3734,15,14,26,24,0.9333333333333333,0.00030823328507839355,0.0006124390735675134,0.0006307689296316596,0.011075055953039857,7.231901757958725e-05,Ontario International Airport,Ontario,United States,ONT,KONT,34.05599975585937,-117.60099792480467,North America
3748,30,29,60,60,0.9666666666666667,0.0006547656906987309,0.001799923087778305,0.001693019518900142,0.03208206525666129,0.0002876094214435947,Norman Y. Mineta San Jose International Airport,San Jose,United States,SJC,KSJC,37.362598,-121.929001,North America
3817,29,28,53,55,0.9655172413793104,0.0006018852448558844,0.0018151650198869104,0.0016880036335735974,0.0325632492417702,0.0007644431421123514,Sacramento International Airport,Sacramento,United States,SMF,KSMF,38.69540023803711,-121.59100341796876,North America
1808,2,2,3,3,1.0,8.291981959083233e-05,5.18362941717345e-05,5.1801970280484174e-05,0.0008988846594290937,0.0,Licenciado Miguel de la Madrid Airport,Colima,Mexico,CLQ,MMIA,19.277,-103.577002,North America
1810,2,2,2,2,1.0,6.874004590151646e-05,5.406290537605376e-05,5.391207994614313e-05,0.0009470970371345959,6.3773191689922025e-06,Plan De Guadalupe International Airport,Saltillo,Mexico,SLW,MMIO,25.54949951171875,-100.9290008544922,North America
1813,1,1,2,2,1.0,7.074572008757353e-05,5.041482008105122e-05,5.0140500079480244e-05,0.0008696371407908211,0.0,Lázaro Cárdenas Airport,Lazard Cardenas,Mexico,LZC,MMLC,18.0016994476,-102.221000671,North America
1815,10,10,15,14,1.0,0.00020050023291895145,0.00044793251414593926,0.000504058183465437,0.0079525314775727,0.0001974486393511743,Del Bajío International Airport,Del Bajio,Mexico,BJX,MMLO,20.9935,-101.481003,North America
1817,1,1,1,1,1.0,5.727274376400178e-05,5.998380912211838e-05,5.887183189057606e-05,0.001066169977214933,0.0,Loreto International Airport,Loreto,Mexico,LTO,MMLT,25.989200592041016,-111.3479995727539,North America
1818,1,1,2,2,1.0,7.074572008757353e-05,5.041482008105122e-05,5.0140500079480244e-05,0.0008696371407908211,0.0,General Servando Canales International Airport,Matamoros,Mexico,MAM,MMMA,25.7698993683,-97.5252990723,North America
1821,7,7,10,10,1.0,0.00015137764687899447,0.000333717601116051,0.00032971722374074586,0.005881444183405454,0.00010376692269813709,General Francisco J. Mujica International Airport,Morelia,Mexico,MLM,MMMM,19.849899292,-101.025001526,North America
1822,1,1,2,2,1.0,7.074572008757353e-05,5.041482008105122e-05,5.0140500079480244e-05,0.0008696371407908211,0.0,Minatitlán/Coatzacoalcos National Airport,Minatitlan,Mexico,MTT,MMMT,18.1033992767,-94.5807037354,North America
1828,1,1,1,1,1.0,5.890137839560806e-05,2.520741004052561e-05,2.5070250039740122e-05,0.00043481857039541055,0.0,Quetzalcóatl International Airport,Nuevo Laredo,Mexico,NLD,MMNL,27.4438991547,-99.5705032349,North America
1829,5,5,6,6,1.0,0.00011199681691115632,0.00011146207385422955,0.00011199511595396183,0.001966844088215782,2.92953919196792e-05,Xoxocotlán International Airport,Oaxaca,Mexico,OAX,MMOX,16.9999008179,-96.726600647,North America
1830,3,3,6,6,1.0,0.00012969439642402948,5.340378929022509e-05,5.3114509422127176e-05,0.0009217206603542579,0.0,El Tajín National Airport,Poza Rico,Mexico,PAZ,MMPA,20.6026992798,-97.4608001709,North America
1834,1,1,2,2,1.0,7.074572008757353e-05,5.041482008105122e-05,5.0140500079480244e-05,0.0008696371407908211,0.0,Piedras Negras International Airport,Piedras Negras,Mexico,PDS,MMPG,28.627399,-100.535004,North America
1837,1,1,3,3,1.0,8.2590061779539e-05,7.562223012157683e-05,7.521075011922035e-05,0.0013044557111862316,0.0,Puerto Escondido International Airport,Puerto Escondido,Mexico,PXM,MMPS,15.8769,-97.089103,North America
1842,6,6,8,8,1.0,0.00013817867651521847,0.00019767483200201202,0.00019593346955313248,0.003481545315100008,2.2202068591321674e-05,Ponciano Arriaga International Airport,San Luis Potosi,Mexico,SLP,MMSP,22.25429916380001,-100.930999756,North America
1848,5,5,7,7,1.0,0.00012234254432899212,0.00011854164628187787,0.00011849981120875397,0.0020823996228937383,7.701039485668332e-06,General Francisco Javier Mina International Airport,Tampico,Mexico,TAM,MMTM,22.2964000702,-97.8658981323,North America
1855,5,5,7,7,1.0,0.00012200905025944064,0.0002184180813875142,0.0002151333799312655,0.003839229201441215,3.7379899702484215e-05,General Leobardo C. Ruiz International Airport,Zacatecas,Mexico,ZCL,MMZC,22.8971004486,-102.68699646,North America
1856,5,5,9,9,1.0,0.0001448430942500519,0.00028768875776754557,0.00028306937010515133,0.005064827579567588,8.39886983449725e-06,Ixtapa Zihuatanejo International Airport,Zihuatanejo,Mexico,ZIH,MMZH,17.601600647,-101.460998535,North America
1858,4,4,7,7,1.0,0.00012503424290942456,0.00022586681779202504,0.00022345771400777945,0.003978321650993556,1.070363275410238e-05,Playa De Oro International Airport,Manzanillo,Mexico,ZLO,MMZO,19.1448001862,-104.558998108,North America
3826,5,5,6,6,1.0,0.0001135668870892128,0.0001792319542895708,0.00017617956825037993,0.003148034644106942,7.594554583305264e-05,Mc Allen Miller International Airport,Mcallen,United States,MFE,KMFE,26.17580032,-98.23860168,North America
5837,1,1,2,2,1.0,7.074572008757353e-05,5.041482008105122e-05,5.0140500079480244e-05,0.0008696371407908211,0.0,El Lencero Airport,Jalapa,Mexico,JAL,MMJA,19.4750995636,-96.7975006104,North America
1838,5,5,7,7,1.0,0.00011897584491289611,0.0001610008959455306,0.00015886265488580123,0.00284415103883664,1.2552613859752902e-05,Querétaro Intercontinental Airport,Queretaro,Mexico,QRO,MMQT,20.6173,-100.185997,North America
1835,2,2,2,2,1.0,6.94468432672606e-05,6.140528321280167e-05,6.053330209158e-05,0.0010954174958532057,1.509308817271359e-05,Licenciado y General Ignacio Lopez Rayon Airport,Uruapan,Mexico,UPN,MMPN,19.396699905395508,-102.03900146484376,North America
1865,3,2,3,2,0.6666666666666666,0.00027414359092439077,6.790981196827477e-06,7.014776882122668e-06,0.00012356517826316965,0.0013787582280732967,Bocas Del Toro International Airport,Bocas Del Toro,Panama,BOC,MPBO,9.340849876403809,-82.25080108642578,North America
1869,5,4,5,4,0.8,0.00042940063057190895,7.951407991641752e-08,7.675727740123194e-08,1.3977641517873515e-06,0.0015333586042691604,Marcos A. Gelabert International Airport,Panama,Panama,PAC,MPMG,8.973340034484863,-79.55560302734375,North America
1866,1,1,1,1,1.0,0.0001388800020711016,3.975513007468072e-08,4.493237230451182e-10,7.047219022959722e-07,0.0,Cap Manuel Niño International Airport,Changuinola,Panama,CHX,MPCH,9.458962,-82.515062,North America
1867,2,2,2,2,1.0,0.0001555144517233149,6.790981196827477e-06,7.014552231053647e-06,0.0001235612041591023,0.00107217371520353,Enrique Malek International Airport,David,Panama,DAV,MPDA,8.390999794006348,-82.43499755859375,North America
7962,1,1,1,1,1.0,0.0001388800020711016,4.3500963730452183e-10,4.493237230451182e-10,7.882346394806327e-09,0.0,Puerto Obaldia Airport,Puerto Obaldia,Panama,PUE,MPOA,8.667,-77.418,North America
2443,11,11,13,13,1.0,0.00040134767098424595,4.794205146646677e-05,4.808697947539904e-05,0.0008558709891483546,0.0012684832495444272,Ingeniero Ambrosio Taravella Airport,Cordoba,Argentina,COR,SACO,-31.323601,-64.208,South America
2551,18,18,32,32,1.0,0.0009279535989893903,0.00020096681511321844,0.00017481224613058124,0.0035907785432672656,0.0072169051145338945,Eduardo Gomes International Airport,Manaus,Brazil,MAO,SBEG,-3.038609981536865,-60.04970169067383,South America
2699,10,10,18,18,1.0,0.00034988769988732567,0.00017351026399750188,0.0001746016983470616,0.0031053231109583464,0.00039990204719793495,Silvio Pettirossi International Airport,Asuncion,Paraguay,ASU,SGAS,-25.239999771118164,-57.52000045776367,South America
2708,3,3,5,5,1.0,0.00013093111204610315,4.276712952529182e-05,4.287643298723567e-05,0.0007633975282481919,0.0,Palonegro Airport,Bucaramanga,Colombia,BGA,SKBG,7.1265,-73.1848,South America
2710,6,6,10,10,1.0,0.0001993845799730777,0.00015769454397073139,0.00015825553692158688,0.0028122973772872675,5.979976050195919e-07,Ernesto Cortissoz International Airport,Barranquilla,Colombia,BAQ,SKBQ,10.8896,-74.7808,South America
2713,3,3,4,4,1.0,0.00011152122676852985,3.29083038823187e-05,3.3035193676651415e-05,0.0005881418206049291,0.0,Camilo Daza International Airport,Cucuta,Colombia,CUC,SKCC,7.927569999999999,-72.5115,South America
2714,8,8,12,12,1.0,0.0002180304324668462,0.00024086564879073827,0.00023998783363965827,0.004291289629821682,0.00036820366935525357,Rafael Nuñez International Airport,Cartagena,Colombia,CTG,SKCG,10.4424,-75.513,South America
2739,4,4,6,6,1.0,0.00017553095731274478,4.051049283591961e-05,4.061015781851208e-05,0.0007231611999937622,0.0001429375047694925,Matecaña International Airport,Pereira,Colombia,PEI,SKPE,4.81267,-75.7395,South America
2749,8,8,11,11,1.0,0.00028040577172861895,4.8586167290572114e-05,4.899987980369738e-05,0.0008724753905304435,0.0006166930033473203,Gustavo Rojas Pinilla International Airport,San Andres Island,Colombia,ADZ,SKSP,12.5836,-81.7112,South America
2801,4,4,7,7,1.0,0.00018651087378345103,2.9879277000460736e-05,3.0132217446831227e-05,0.0005351898453700122,0.0007838114527518285,Coronel FAP Francisco Secada Vignetta International Airport,Iquitos,Peru,IQT,SPQT,-3.7847399711608887,-73.30879974365234,South America
2821,6,6,11,11,1.0,0.00024330962543803083,6.826098258385635e-05,6.859383738485151e-05,0.0012171117629197412,8.020099039041128e-05,General José Antonio Anzoategui International Airport,Barcelona,Venezuela,BLA,SVBC,10.111111,-64.692222,South America
2848,8,8,14,14,1.0,0.000281194008234278,8.738407326182765e-05,8.707855655280884e-05,0.0015460456948172088,0.0003251712404916079,La Chinita International Airport,Maracaibo,Venezuela,MAR,SVMC,10.5582084656,-71.7278594971,South America
2868,6,6,10,10,1.0,0.0002041823596935912,2.7245769037612116e-05,2.6796688383671902e-05,0.00047733688362026065,0.0,Arturo Michelena International Airport,Valencia,Venezuela,VLN,SVVA,10.14973258972168,-67.92839813232422,South America
1879,2,2,4,3,1.0,0.00012517464621809374,1.3700785078858024e-05,2.1158103798560387e-05,0.0002492048869977711,0.0001532922564348834,Golfito Airport,Golfito,Costa Rica,GLF,MRGF,8.654009819030763,-83.18219757080078,North America
5847,2,2,4,4,1.0,0.00013249929426295136,2.0491548743003234e-05,2.1119730076382977e-05,0.0003720653433586447,0.0,Puerto Jimenez Airport,Puerto Jimenez,Costa Rica,PJM,MRPJ,8.533329963684082,-83.30000305175781,North America
5844,2,2,4,4,1.0,0.00010828575744862805,2.4323429889196473e-05,2.5587850041252696e-05,0.0004499600921497296,0.0,Cabo Velas Airport,Nicoya,Costa Rica,,MRCV,10.355699539185,-85.852897644043,North America
5848,1,1,1,1,1.0,5.8382408491988076e-05,3.951791327625958e-06,4.5455413192608866e-06,7.930012671160711e-05,0.0,Tobias Bolanos International Airport,San Jose,Costa Rica,SYQ,MRPV,9.957050323486328,-84.13980102539062,North America
1884,1,1,1,1,1.0,6.369148635585591e-05,1.1925775056759642e-07,7.0141029073306045e-06,0.00012564763578169273,0.0003068752061499846,Nosara Airport,Nosara Beach,Costa Rica,NOB,MRNS,9.97649002075,-85.65299987790002,North America
6732,2,1,4,3,0.5,0.00015114991130281224,2.037163856157052e-05,2.1042982632028164e-05,0.00037136854850344005,0.0003065845128697668,Tambor Airport,Nicoya,Costa Rica,TMU,MRTR,9.73852,-85.013802,North America
1887,2,1,3,3,0.5,0.00011269067623591265,2.037163856157052e-05,1.4143776254550991e-05,0.0003727702654575663,0.0,Palmar Sur Airport,Palmar Sur,Costa Rica,PMZ,MRPM,8.951029777526855,-83.46859741210938,North America
1889,2,2,5,4,1.0,0.00015200694308371905,2.0451796159480704e-05,2.1121759440060724e-05,0.00037420333149199334,4.844888003630953e-08,Quepos Managua Airport,Quepos,Costa Rica,XQP,MRQP,9.443160057067873,-84.12979888916016,North America
5842,1,1,1,1,1.0,6.369148635585591e-05,6.790546187190173e-06,7.0141029073306045e-06,0.0001235533218127075,0.0,Aerotortuguero Airport,Roxana,Costa Rica,TTQ,MRAO,10.42,-83.6095,North America
6731,1,2,3,3,2.0,9.696038566028257e-05,7.029954598335998e-06,2.104230872199181e-05,0.00012777392185159503,0.0,Arenal Airport,La Fortuna/San Carlos,Costa Rica,FON,MRAN,10.478,-84.634499,North America
6945,1,1,3,3,1.0,9.696038566028257e-05,2.037163856157052e-05,2.104230872199181e-05,0.00037065996543812253,0.0,Drake Bay Airport,Puntarenas,Costa Rica,DRK,MRDK,8.71889019012,-83.6417007446,North America
5811,2,2,3,3,1.0,8.276591621008184e-05,1.3415424979744342e-05,1.3172612017598034e-05,0.0002365252141882198,5.1160758905874393e-08,La Isabela International Airport,La Isabela,Dominican Republic,JBQ,MDJB,18.57250022888184,-69.98560333251953,North America
1908,1,1,1,1,1.0,5.907498692082638e-05,3.674596092503138e-06,3.5114549390235004e-06,6.95093025649256e-05,0.0,Mariana Grajales Airport,Guantanamo,Cuba,GAO,MUGT,20.08530044555664,-75.1583023071289,North America
2850,14,14,19,20,1.0,0.0004370590328107458,3.5116559309170674e-05,3.0339323201842455e-05,0.0006303123585069432,0.0023593207960685234,Del Caribe Santiago Mariño International Airport,Porlamar,Venezuela,PMV,SVMG,10.912603378295898,-63.96659851074219,South America
1925,3,2,3,2,0.6666666666666666,0.00011760115920879806,4.271933621449893e-06,4.198198695705381e-05,0.000746413791489183,1.195556322463947e-05,Gerrard Smith International Airport,Cayman Brac,Cayman Islands,CYB,MWCB,19.687000274658203,-79.88279724121094,
4314,2,2,2,2,1.0,0.00011061674453229461,4.485947147988876e-06,4.219385360553826e-06,7.966588145151078e-05,0.0,Edward Bodden Airfield,Little Cayman,Cayman Islands,LYB,MWCL,19.660161,-80.088826,
1930,6,6,14,14,1.0,0.00018819274432409753,0.00026184105431027954,0.00026217462027409077,0.004666042830100046,0.0,Leonard M Thompson International Airport,Marsh Harbor,Bahamas,MHH,MYAM,26.5114,-77.08350300000001,North America
3712,26,26,45,46,1.0,0.0004671153733756527,0.0018922259243584103,0.001872931724382322,0.03372442665538526,0.0005655822488446016,Jacksonville International Airport,Jacksonville,United States,JAX,KJAX,30.49410057067871,-81.68789672851562,North America
3722,23,23,44,44,1.0,0.0004750505577225443,0.001604771561353864,0.0016027562396341028,0.028603406233685586,0.00045625012350739344,Palm Beach International Airport,West Palm Beach,United States,PBI,KPBI,26.68320083618164,-80.09559631347656,North America
1932,2,2,2,2,1.0,0.00010691180691728308,7.88483207542712e-06,7.879789697038034e-06,0.000140103248446164,0.0,Spring Point Airport,Spring Point,Bahamas,AXP,MYAP,22.44179916380001,-73.97090148930002,North America
5859,2,2,2,2,1.0,0.00010691180691728308,7.88483207542712e-06,7.879789697038032e-06,0.000140103248446164,0.0,Colonel Hill Airport,Colonel Hill,Bahamas,CRI,MYCI,22.7455997467,-74.18240356449999,North America
1934,1,1,2,2,1.0,6.703897695927278e-05,4.2993746481752944e-05,4.291982742891183e-05,0.0007652263807811446,0.0,Treasure Cay Airport,Treasure Cay,Bahamas,TCB,MYAT,26.745300293000003,-77.3912963867,North America
1937,1,1,2,2,1.0,6.703897695927278e-05,4.2993746481752944e-05,4.291982742891183e-05,0.0007652263807811446,0.0,South Bimini Airport,Alice Town,Bahamas,BIM,MYBS,25.6998996735,-79.2647018433,North America
1944,3,2,6,4,0.6666666666666666,0.00011874625102921329,5.867409572790502e-05,6.15360800331935e-05,0.0010962337357042589,0.0,Governor's Harbour Airport,Governor's Harbor,Bahamas,GHB,MYEM,25.2847003937,-76.3310012817,North America
1943,4,4,8,8,1.0,0.0001340753511759081,0.00015216385403731643,0.0001522497896843691,0.002707489042040467,0.0,North Eleuthera Airport,North Eleuthera,Bahamas,ELH,MYEH,25.474899291999996,-76.6835021973,North America
1946,1,1,2,2,1.0,7.587820986314934e-05,1.5680349246152074e-05,1.567046707315245e-05,0.00027862629658525595,0.0,Rock Sound Airport,Rock Sound,Bahamas,RSD,MYER,24.8950787333,-76.1768817902,North America
1948,10,10,15,15,1.0,0.00019718355382370212,0.00038179408976922154,0.0003818675293738691,0.006798267766858858,4.620936303830215e-05,Grand Bahama International Airport,Freeport,Bahamas,FPO,MYGF,26.5587005615,-78.695602417,North America
3608,19,19,38,38,1.0,0.00040256262758852935,0.001619763589402338,0.0016202663732649458,0.028854051957080688,0.00012672907543994526,Richmond International Airport,Richmond,United States,RIC,KRIC,37.50519943237305,-77.3197021484375,North America
3811,20,20,35,36,1.0,0.000371239469538839,0.001318267344270268,0.0012841053509105751,0.02354761950520593,0.00022629494030693156,Birmingham-Shuttlesworth International Airport,Birmingham,United States,BHM,KBHM,33.56290054,-86.75350189,North America
1949,2,2,2,2,1.0,0.00010691180691728308,7.88483207542712e-06,7.879789697038044e-06,0.000140103248446164,0.0,Inagua Airport,Matthew Town,Bahamas,IGA,MYIG,20.975000381469727,-73.66690063476562,North America
1952,2,2,2,2,1.0,0.00010691180691728308,7.884832075427122e-06,7.879789697038034e-06,0.000140103248446164,0.0,Mayaguana Airport,Mayaguana,Bahamas,MYG,MYMM,22.379499,-73.013494,North America
1950,1,1,2,2,1.0,7.587820986314934e-05,1.5680349246152074e-05,1.567046707315245e-05,0.00027862629658525595,0.0,Deadman's Cay Airport,Dead Man's Cay,Bahamas,LGI,MYLD,23.179000854499996,-75.09359741210002,North America
1951,1,1,2,2,1.0,7.587820986314934e-05,1.5680349246152074e-05,1.567046707315245e-05,0.00027862629658525595,0.0,Stella Maris Airport,Stella Maris,Bahamas,SML,MYLS,23.582317,-75.268621,North America
5857,1,1,2,2,1.0,7.587820986314934e-05,1.5680349246152074e-05,1.567046707315245e-05,0.00027862629658525595,0.0,Arthur's Town Airport,Arthur's Town,Bahamas,ATC,MYCA,24.6294,-75.673797,North America
4279,2,2,3,3,1.0,0.0001180671767532751,5.314575090003053e-06,5.321059595560212e-06,9.450991976708092e-05,0.0,San Pedro Airport,San Pedro,Belize,SPR,MZSP,17.9139,-87.9711,North America
8227,2,2,2,2,1.0,9.568589419437047e-05,2.67984109299456e-06,2.6829900536139174e-06,4.765357150167722e-05,0.00030672985950987565,Birchwood Airport,Belmopan,Belize,,PABV,61.41650009,-149.5070038,North America
1958,1,2,2,3,2.0,0.00011901314372765839,1.655679841310948e-06,1.7691781971960523e-06,3.116262696196594e-05,0.0,Aitutaki Airport,Aitutaki,Cook Islands,AIT,NCAI,-18.830900192260746,-159.76400756835938,Oceania
1959,9,9,13,14,1.0,0.0005902893202570281,0.00015654033978479258,0.00014562505201655844,0.0027546969604320326,0.0031235138412658153,Rarotonga International Airport,Avarua,Cook Islands,RAR,NCRG,-21.2026996613,-159.805999756,Oceania
5861,2,1,2,1,0.5,0.00011683632550029785,8.253067748747233e-07,8.93945130023576e-07,1.571276438729694e-05,0.0001532922564348834,Enua Airport,Atiu Island,Cook Islands,AIU,NCAT,-19.96780014038086,-158.11900329589844,Oceania
4075,28,27,38,37,0.9642857142857143,0.0016824864958273269,0.0004724515972496648,0.00045960265242544796,0.008349362115457448,0.01612981620184975,Faa'a International Airport,Papeete,French Polynesia,PPT,NTAA,-17.553698999999998,-149.60699499999998,Oceania
5862,1,1,1,1,1.0,8.30350902156505e-05,8.253067748747233e-07,8.845890985980261e-07,1.5537002246077426e-05,0.0,Mangaia Island Airport,Mangaia Island,Cook Islands,MGS,NCMG,-21.89598655700684,-157.9066619873047,Oceania
5864,1,1,1,1,1.0,8.30350902156505e-05,8.253067748747233e-07,8.845890985980261e-07,1.5537002246077426e-05,0.0,Mauke Airport,Mauke Island,Cook Islands,MUK,NCMK,-20.13610076904297,-157.34500122070312,Oceania
5865,1,1,1,1,1.0,8.30350902156505e-05,8.253067748747233e-07,8.845890985980261e-07,1.5537002246077426e-05,0.0,Mitiaro Island Airport,Mitiaro Island,Cook Islands,MOI,NCMR,-19.842500686645508,-157.7030029296875,Oceania
1961,11,12,11,12,1.0909090909090908,0.0006085720988599279,2.072300904509048e-05,1.5072492725368511e-05,0.0003708408019829558,0.0029586164334326035,Nausori International Airport,Nausori,Fiji,SUV,NFNA,-18.04330062866211,178.5590057373047,Oceania
1963,4,4,5,5,1.0,0.00017836826582056053,2.7340888587605334e-05,2.5370600390374643e-05,0.000473505337643081,3.154026284492057e-05,Fua'amotu International Airport,Tongatapu,Tonga,TBU,NFTF,-21.241199493408203,-175.14999389648438,Oceania
1965,3,3,3,3,1.0,0.00016108851083684989,2.7927157826482697e-06,2.86423437812541e-06,5.047862773121633e-05,4.9155692626170576e-05,Bonriki International Airport,Tarawa,Kiribati,TRW,NGTA,1.3816399574279783,173.14700317382812,Oceania
1968,3,3,3,3,1.0,0.0001765804917228209,3.250618756102062e-06,3.333138092701461e-06,5.8779219621506556e-05,0.0006134597190197513,Hihifo Airport,Wallis,Wallis and Futuna,WLS,NLWW,-13.2383003235,-176.19900512700002,
1969,5,3,6,5,0.6,0.00016486852731604677,3.671852026971865e-05,4.562965236604834e-05,0.0009460099333261713,0.0004275499415348907,Faleolo International Airport,Faleolo,Samoa,APW,NSFA,-13.829999923706056,-172.00799560546875,Oceania
1997,20,20,28,28,1.0,0.0013405549451452805,6.189974123226948e-05,5.979710137588139e-05,0.0011084876449903385,0.010542902561682346,Bauerfield International Airport,Port-vila,Vanuatu,VLI,NVVV,-17.699300765991,168.32000732422,Oceania
2005,9,9,13,13,1.0,0.000378451422268944,0.00010335228280226182,0.00010130184130674985,0.0018438096465918812,0.004677360494237707,La Tontouta International Airport,Noumea,New Caledonia,NOU,NWWW,-22.01460075378418,166.21299743652344,Oceania
2009,21,20,38,34,0.9523809523809523,0.0009860891295726429,0.00018675097215286774,0.00020907520558355078,0.0036470884545184027,0.0012832150983068467,Christchurch International Airport,Christchurch,New Zealand,CHC,NZCH,-43.48939895629883,172.53199768066406,Oceania
2252,2,2,4,4,1.0,0.00011345859895495899,3.2972753901892976e-05,3.419763478346966e-05,0.0006065960979397887,0.0,Cassidy International Airport,Kiritimati,Kiribati,CXI,PLCH,1.9861600399017332,-157.35000610351562,Oceania
3339,54,55,132,137,1.0185185185185186,0.0024534488217438336,0.001371792893229164,0.0013414417765523397,0.024308479004121024,0.011167563218366665,Melbourne International Airport,Melbourne,Australia,MEL,YMML,-37.673302,144.843002,Oceania
5869,2,2,2,2,1.0,0.00011255565480379934,2.7618235625122717e-06,2.8661040693636954e-06,5.046758430848475e-05,0.0,Vunisea Airport,Vunisea,Fiji,KDV,NFKD,-19.0580997467,178.15699768099998,Oceania
5874,2,2,2,2,1.0,0.00011255565480379934,2.7618235625122717e-06,2.8661040693636954e-06,5.046758430848475e-05,0.0,Labasa Airport,Lambasa,Fiji,LBS,NFNL,-16.466699600219727,179.33999633789062,Oceania
5875,3,3,3,3,1.0,0.00015713638256379642,2.7781557221323417e-06,2.881803065988984e-06,5.075388283462151e-05,0.0,Matei Airport,Matei,Fiji,TVU,NFNM,-16.6905994415,-179.87699890099998,Oceania
5877,1,1,1,1,1.0,6.894991036813795e-05,2.6764026120079435e-06,2.749001040734531e-06,4.837548533837364e-05,0.0,Rotuma Airport,Rotuma,Fiji,RTA,NFNR,-12.482500076293944,177.0709991455078,Oceania
5878,3,3,3,3,1.0,0.00015713638256379642,2.7781557221323417e-06,2.8818030659890017e-06,5.075388283462151e-05,0.0,Savusavu Airport,Savusavu,Fiji,SVU,NFNS,-16.8027992249,179.341003418,Oceania
4077,1,1,1,1,1.0,9.066278113930399e-05,8.54209505043279e-08,1.171030286291537e-07,2.092098970111094e-06,0.0,Funafuti International Airport,Funafuti,Tuvalu,FUN,NGFU,-8.525,179.195999,Oceania
5867,1,1,1,1,1.0,9.066278113930399e-05,8.54209505043279e-08,1.171030286291537e-07,2.092098970111094e-06,0.0,Cicia Airport,Cicia,Fiji,ICI,NFCI,-17.7432994843,-179.34199523900003,Oceania
5873,1,1,1,1,1.0,9.066278113930399e-05,8.54209505043279e-08,1.171030286291537e-07,2.092098970111094e-06,0.0,Lakeba Island Airport,Lakeba Island,Fiji,LKB,NFNK,-18.1991996765,-178.817001343,Oceania
5883,1,1,1,1,1.0,9.066278113930399e-05,8.54209505043279e-08,1.171030286291537e-07,2.092098970111094e-06,0.0,Vanua Balavu Airport,Vanua Balavu,Fiji,VBV,NFVB,-17.268999099731445,-178.9759979248047,Oceania
2249,4,4,4,4,1.0,0.00022011893312771065,1.3861338039074009e-05,1.4402964130361017e-05,0.0002558753486933859,0.0015074914837318722,Marshall Islands International Airport,Majuro,Marshall Islands,MAJ,PKMJ,7.064760208129883,171.27200317382812,
4076,3,3,3,3,1.0,0.00015865553726749683,6.530803146356864e-06,6.12044854522189e-06,0.00011696922741812358,9.866395287055477e-05,Nauru International Airport,Nauru,Nauru,INU,ANYN,-0.547458,166.919006,Oceania
5885,1,1,1,1,1.0,9.72199323088536e-05,1.8890028957289163e-08,1.8368823776026516e-08,3.3157592573915605e-07,0.0,Pointe Vele Airport,Futuna Island,Wallis and Futuna,FUT,NLWF,-14.3114004135,-178.065994263,
1970,1,1,1,1,1.0,5.836494416480544e-05,1.3809974338938547e-05,1.4349816351000294e-05,0.00025492256363152067,0.0,Pago Pago International Airport,Pago Pago,American Samoa,PPG,NSTU,-14.3310003281,-170.710006714,
1971,3,2,3,2,0.6666666666666666,0.00019838684719779152,2.619939146630862e-06,2.6994593249389356e-06,4.76273982014609e-05,4.844888003630953e-08,Rurutu Airport,Rurutu,French Polynesia,RUR,NTAR,-22.43409919738769,-151.36099243164062,Oceania
6926,2,2,2,2,1.0,0.00017059345603973877,2.620023543909891e-06,2.6845674586379242e-06,4.736028078914527e-05,0.0,Rimatara Airport,Rimatara,French Polynesia,RMT,NTAM,-22.63725,-152.8059,Oceania
1972,2,3,2,3,1.5,0.00013946276109466556,2.635238392122136e-06,2.6845674586379213e-06,4.76273982014609e-05,4.844888003630953e-08,Tubuai Airport,Tubuai,French Polynesia,TUB,NTAT,-23.36540031433105,-149.5240020751953,Oceania
7456,2,2,2,2,1.0,0.0001255660655156392,2.619939146630862e-06,2.684653912684187e-06,4.736028078914527e-05,0.0,Raivavae Airport,Raivavae,French Polynesia,RVV,NTAV,-23.8852005005,-147.662002563,Oceania
1975,3,2,3,2,0.6666666666666666,0.00018642960666973458,2.6202777676250676e-06,2.7000670054262205e-06,4.763960744033005e-05,0.0,Tikehau Airport,Tikehau,French Polynesia,TIH,NTGC,-15.119600296020508,-148.2310028076172,Oceania
1990,6,5,6,5,0.8333333333333334,0.00039781027650687264,2.6657583720688817e-06,2.7443169983198784e-06,4.843804883196764e-05,7.267332005446429e-07,Rangiroa Airport,Rangiroa,French Polynesia,RGI,NTTG,-14.954299926757812,-147.66099548339844,Oceania
1977,2,2,2,2,1.0,0.0001540146922258802,2.6202777676250676e-06,2.684826377121072e-06,4.736485291423977e-05,0.0,Fakarava Airport,Fakarava,French Polynesia,FAV,NTGF,-16.054100036621097,-145.65699768066406,Oceania
1978,3,3,3,3,1.0,0.0002400877466143853,2.6355765366687137e-06,2.699631794899245e-06,4.763347712854567e-05,9.689776007261906e-08,Manihi Airport,Manihi,French Polynesia,XMH,NTGI,-14.436800003051758,-146.07000732421875,Oceania
5889,3,2,3,2,0.6666666666666666,0.00020151199360666217,2.620024521355906e-06,2.6994617099906767e-06,4.762744098531941e-05,9.689776007261906e-08,Ahe Airport,Ahe,French Polynesia,AHE,NTHE,-14.428099632263184,-146.2570037841797,Oceania
1979,1,1,1,1,1.0,8.36764345581446e-05,2.6047247883831464e-06,-7.588030854530682e-22,4.736027229158642e-05,0.00015324380755484706,Totegegie Airport,Totegegie,French Polynesia,GMR,NTGJ,-23.07990074157715,-134.88999938964844,Oceania
1980,1,1,1,1,1.0,0.0001202958324126466,2.6047247883831464e-06,2.2764092563592048e-21,4.7358765683240433e-05,0.0003065845128697668,Kaukura Airport,Kaukura Atoll,French Polynesia,KKR,NTGK,-15.663299560546877,-146.88499450683594,Oceania
1981,1,1,1,1,1.0,8.36764345581446e-05,2.6047247883831464e-06,-7.588030854530682e-22,4.736027229158642e-05,0.00015324380755484706,Makemo Airport,Makemo,French Polynesia,MKP,NTGM,-16.583900451660153,-143.6580047607422,Oceania
1983,1,1,1,1,1.0,9.429813639556843e-05,1.51309382104929e-08,1.4805886495639816e-08,2.6712591096512117e-07,0.0,Takapoto Airport,Takapoto,French Polynesia,TKP,NTGT,-14.709500312805176,-145.24600219726562,Oceania
1986,2,3,2,3,1.5,0.00016620472695487941,2.620107467428977e-06,2.6698480262649364e-06,4.736178763906736e-05,0.0006134597190197513,Takaroa Airport,Takaroa,French Polynesia,TKX,NTKR,-14.45580005645752,-145.02499389648438,Oceania
1984,1,1,1,1,1.0,8.590726543998922e-05,1.2901186682131856e-23,2.6697625233012133e-06,4.7358765683240433e-05,0.0003068752061499846,Arutua Airport,Arutua,French Polynesia,AXR,NTGU,-15.248299598693848,-146.61700439453125,Oceania
1985,2,2,2,2,1.0,0.0001540146922258802,2.6202777676250676e-06,2.684826377121072e-06,4.736485291423977e-05,0.0,Mataiva Airport,Mataiva,French Polynesia,MVT,NTGV,-14.8681001663208,-148.7169952392578,Oceania
1987,4,4,4,4,1.0,0.0002765794968613924,2.620278739553207e-06,2.6849152274790825e-06,4.73648610709932e-05,0.0006130721279794608,Nuku Hiva Airport,Nuku Hiva,French Polynesia,NHV,NTMD,-8.795599937438965,-140.22900390625,Oceania
5890,4,4,4,4,1.0,0.0002765794968613924,2.620278739553207e-06,2.6849152274790825e-06,4.73648610709932e-05,0.0006130721279794608,Hiva Oa-Atuona Airport,Hiva-oa,French Polynesia,AUQ,NTMN,-9.76879024506,-139.011001587,Oceania
5891,3,3,3,3,1.0,0.00023102129605899328,3.06014693433315e-08,2.9786633587141067e-08,5.373169951514695e-07,0.0,Ua Pou Airport,Ua Pou,French Polynesia,UAP,NTMP,-9.35167,-140.078003,Oceania
5892,3,3,3,3,1.0,0.00023102129605899328,3.0601469343331515e-08,2.9786633587139737e-08,5.373169951514695e-07,0.0,Ua Huka Airport,Ua Huka,French Polynesia,UAH,NTMU,-8.936110000000001,-139.55200200000002,Oceania
1989,5,7,5,7,1.4,0.0002654840560546921,2.697041075006132e-06,2.729597139173966e-06,4.8714362558248704e-05,5.652369337569445e-07,Bora Bora Airport,Bora Bora,French Polynesia,BOB,NTTB,-16.444400787353516,-151.75100708007812,Oceania
1991,4,4,4,4,1.0,0.00020539809497193914,2.650967105958879e-06,2.7149636949430755e-06,4.790833519479824e-05,3.229925335753968e-08,Huahine-Fare Airport,Huahine Island,French Polynesia,HUH,NTTH,-16.687200546264652,-151.02200317382812,Oceania
1992,3,4,3,4,1.3333333333333333,0.00016219769060113817,2.6510520042689997e-06,2.699983421905357e-06,4.790833519479824e-05,0.0,Moorea Airport,Moorea,French Polynesia,MOZ,NTTM,-17.49,-149.761993,Oceania
1994,3,3,3,3,1.0,0.0001707637341433336,2.635665380196099e-06,2.699982944894769e-06,4.7638126718535296e-05,0.0,Maupiti Airport,Maupiti,French Polynesia,MAU,NTTP,-16.42650032043457,-152.24400329589844,Oceania
1995,5,4,5,4,0.8,0.0002454574162390565,2.650882692301477e-06,2.729857974190713e-06,4.817551277669713e-05,9.689776007261906e-08,Raiatea Airport,Raiatea Island,French Polynesia,RFP,NTTR,-16.7229,-151.466003,Oceania
1993,1,2,1,2,2.0,8.590726543998922e-05,-8.600791121421237e-24,2.6697625233012133e-06,4.762589154491743e-05,0.0006137504122999692,Hao Airport,Hao Island,French Polynesia,HOI,NTTO,-18.074800491333008,-140.9459991455078,Oceania
4242,5,5,5,5,1.0,0.00043915042575507217,3.4092762585900474e-07,3.5175886178696197e-07,6.289859093689491e-06,0.0018396039749786729,Tanna Airport,Tanna,Vanuatu,TAH,NVVW,-19.45509910583496,169.2239990234375,Oceania
5896,1,1,1,1,1.0,8.79365534975297e-05,3.3889054252680404e-07,3.4978738627616604e-07,6.253574224322842e-06,0.0,Siwo Airport,Sangafa,Vanuatu,EAE,NVSE,-17.0902996063,168.343002319,Oceania
5897,4,3,4,3,0.75,0.0002696178103358715,4.4209934057958386e-09,3.559979069630599e-07,6.36816735678292e-06,0.00015458964405409546,Craig Cove Airport,Craig Cove,Vanuatu,CCV,NVSF,-16.264999,167.923996,Oceania
5900,2,2,2,2,1.0,0.0001401487350425382,3.389015375698251e-07,3.5172507776684155e-07,6.289258657124131e-06,0.00015238245985596172,Tavie Airport,Paama Island,Vanuatu,PBJ,NVSI,-16.438999176,168.257003784,Oceania
5901,2,2,2,2,1.0,0.0001471154756617596,3.413180350373643e-07,3.5213378811968866e-07,6.296998691186105e-06,0.0,Lamap Airport,Lamap,Vanuatu,LPM,NVSL,-16.461122800000002,167.829253,Oceania
5902,2,2,2,2,1.0,0.00016478086154975358,3.4090810393117297e-07,3.498123687348555e-07,6.289502298834371e-06,8.834311793714195e-05,Lamen Bay Airport,Lamen Bay,Vanuatu,LNB,NVSM,-16.584199905400002,168.158996582,Oceania
5904,3,3,3,3,1.0,0.00021472827811444445,4.0965578784963323e-07,4.2485864373662073e-07,7.597668986445668e-06,3.709645133746668e-05,Lonorore Airport,Lonorore,Vanuatu,LNE,NVSO,-15.8655996323,168.17199707,Oceania
5905,5,5,5,5,1.0,0.00034717072134584335,4.152284291529419e-07,4.2833008752874546e-07,7.696868927859648e-06,0.00014542192107278747,Norsup Airport,Norsup,Vanuatu,NUS,NVSP,-16.0797,167.401001,Oceania
5908,10,10,11,11,1.0,0.0007266217462483727,1.321216593302656e-05,1.2409524235236424e-05,0.000236867807662133,0.005293394836192535,Santo Pekoa International Airport,Santo,Vanuatu,SON,NVSS,-15.505000114399998,167.220001221,Oceania
5909,1,1,1,1,1.0,8.79365534975297e-05,3.3889054252680404e-07,3.4978738627616604e-07,6.253574224322842e-06,0.0,Tongoa Airport,Tongoa Island,Vanuatu,TGH,NVST,-16.8910999298,168.55099487299998,Oceania
5911,1,1,1,1,1.0,8.79365534975297e-05,3.3889054252680404e-07,3.4978738627616604e-07,6.253574224322842e-06,0.0,Valesdir Airport,Valesdir,Vanuatu,VLS,NVSV,-16.796100616500002,168.177001953,Oceania
5912,2,2,2,2,1.0,0.0001471154756617596,3.413180350373643e-07,3.5213378811968866e-07,6.296998691186105e-06,0.0,Southwest Bay Airport,Malekula Island,Vanuatu,SWJ,NVSX,-16.4864,167.4472,Oceania
5916,2,2,2,2,1.0,0.0001528989342074315,3.408947424322407e-07,3.5172494200535686e-07,6.289256163987967e-06,0.0,Dillon's Bay Airport,Dillon's Bay,Vanuatu,DLY,NVVD,-18.7693996429,169.00100708,Oceania
5918,3,3,3,3,1.0,0.00022836912647923133,3.428774248746189e-07,3.5364027579333045e-07,6.324543314309581e-06,3.8759104029047624e-07,Ipota Airport,Ipota,Vanuatu,IPA,NVVI,-18.856389,169.283333,Oceania
1998,1,1,1,1,1.0,0.00016833337064771519,2.5802373364263712e-23,-9.485038568163353e-22,1.501503194256637e-45,0.0,Koné Airport,Kone,New Caledonia,KNQ,NWWD,-21.05430030822754,164.83700561523438,Oceania
2001,9,8,9,8,0.8888888888888888,0.0011165307389336121,-2.472727447408606e-23,4.5528185127184095e-21,5.164350156406361e-45,6.298354404720239e-06,Nouméa Magenta Airport,Noumea,New Caledonia,GEA,NWWM,-22.25830078125,166.47300720214844,Oceania
1999,2,2,2,2,1.0,0.00023043512235070227,3.4403164485684946e-23,-5.691023140898012e-22,2.1170112592616808e-45,7.751820805809525e-07,Koumac Airport,Koumac,New Caledonia,KOC,NWWK,-20.546300888061523,164.25599670410156,Oceania
5920,1,2,1,2,2.0,0.00014240022949005456,2.257707669373075e-23,1.5176061709061364e-21,2.1170112592616808e-45,0.0,Île Art - Waala Airport,Waala,New Caledonia,BMY,NWWC,-19.720600128173828,163.66099548339844,Oceania
2000,3,3,3,3,1.0,0.0004056591767735303,4.30039556071062e-24,3.7940154272653414e-21,2.8577519008285574e-45,9.689776007261906e-08,Lifou Airport,Lifou,New Caledonia,LIF,NWWL,-20.774799346923828,167.24000549316406,Oceania
2004,2,2,2,2,1.0,0.00028373079582039997,4.7304351167816805e-23,-1.8970077136326707e-21,2.3323770647695214e-45,0.0,Ouvéa Airport,Ouvea,New Caledonia,UVE,NWWV,-20.640600204467773,166.572998046875,Oceania
5919,2,2,2,2,1.0,0.00028373079582039997,4.7304351167816805e-23,-1.8970077136326707e-21,2.3323770647695214e-45,0.0,Tiga Airport,Tiga,New Caledonia,TGJ,NWWA,-21.096099853515625,167.8040008544922,Oceania
2002,1,1,1,1,1.0,0.00016833337064771519,2.5802373364263712e-23,-9.485038568163353e-22,1.501503194256637e-45,0.0,Maré Airport,Mare,New Caledonia,MEE,NWWR,-21.4817008972168,168.03799438476562,Oceania
2003,1,1,1,1,1.0,0.00016833337064771519,2.5802373364263712e-23,-9.485038568163353e-22,1.501503194256637e-45,0.0,Touho Airport,Touho,New Caledonia,TOU,NWWU,-20.790000915527344,165.25900268554688,Oceania
5921,1,1,1,1,1.0,0.00016833337064771519,2.5802373364263712e-23,-9.485038568163353e-22,1.501503194256637e-45,0.0,Île des Pins Airport,Île des Pins,New Caledonia,ILP,NWWE,-22.58889961242676,167.45599365234375,Oceania
2007,2,2,2,2,1.0,9.730302996181418e-05,7.451007927693139e-06,5.895922729020387e-06,0.00011715676185390886,9.653595543750943e-05,Taupo Airport,Taupo,New Zealand,TUO,NZAP,-38.73970031738281,176.08399963378906,Oceania
2011,4,3,6,4,0.75,0.00018384041834639732,1.537995610914587e-05,2.4203928816627606e-05,0.00047264818192841964,6.159168088982815e-06,Dunedin Airport,Dunedin,New Zealand,DUD,NZDN,-45.9281005859375,170.197998046875,Oceania
2012,2,2,2,2,1.0,9.730302996181418e-05,7.451007927693139e-06,5.895922729020387e-06,0.00011715676185390886,9.653595543750943e-05,Gisborne Airport,Gisborne,New Zealand,GIS,NZGS,-38.66329956054688,177.97799682617188,Oceania
2015,4,4,4,4,1.0,0.00015405088794705782,8.675859009956553e-06,7.000476962505099e-06,0.0001385186798348515,0.0001401358047429971,Hamilton International Airport,Hamilton,New Zealand,HLZ,NZHN,-37.8666992188,175.332000732,Oceania
2017,1,1,1,1,1.0,7.125035031771121e-05,6.744047772924052e-06,5.200023328451561e-06,0.00010443289883351211,0.0,Kerikeri Airport,Kerikeri,New Zealand,KKE,NZKK,-35.26279830932617,173.91200256347656,Oceania
2018,1,1,1,1,1.0,7.125035031771121e-05,6.744047772924052e-06,5.200023328451561e-06,0.00010443289883351211,0.0,Kaitaia Airport,Kaitaia,New Zealand,KAT,NZKT,-35.06999969482422,173.28500366210938,Oceania
2023,3,3,3,3,1.0,0.00012205090779235915,8.635908336221817e-06,6.951228181570978e-06,0.0001377328187185703,0.0001401358047429971,New Plymouth Airport,New Plymouth,New Zealand,NPL,NZNP,-39.00859832763672,174.1790008544922,Oceania
2024,4,4,4,4,1.0,0.00015405088794705782,8.675859009956553e-06,7.000476962505099e-06,0.0001385186798348515,0.0001401358047429971,Nelson Airport,Nelson,New Zealand,NSN,NZNS,-41.298301696777344,173.2209930419922,Oceania
2028,5,5,5,5,1.0,0.00018768979516391236,8.715256511340105e-06,7.049280483127675e-06,0.0001392957722738295,0.0001401842536230334,Palmerston North Airport,Palmerston North,New Zealand,PMR,NZPM,-40.32059860229492,175.61700439453125,Oceania
2029,2,2,2,2,1.0,9.599822814825617e-05,7.92894818145273e-06,6.255328781002146e-06,0.00012500895569817356,4.274606650411409e-05,Paraparaumu Airport,Paraparaumu,New Zealand,PPQ,NZPP,-40.90470123291016,174.98899841308594,Oceania
2030,6,4,10,7,0.6666666666666666,0.00025138292339872134,4.8652864546880735e-05,6.826910101664947e-05,0.0012523017062464395,0.0006463863605781695,Queenstown International Airport,Queenstown International,New Zealand,ZQN,NZQN,-45.0210990906,168.738998413,Oceania
2031,3,3,3,3,1.0,0.00012205090779235915,8.635908336221817e-06,6.951228181570978e-06,0.0001377328187185703,0.0001401358047429971,Rotorua Regional Airport,Rotorua,New Zealand,ROT,NZRO,-38.10919952392578,176.31700134277344,Oceania
2034,3,3,3,3,1.0,0.00012205090779235915,8.635908336221817e-06,6.951228181570978e-06,0.0001377328187185703,0.0001401358047429971,Tauranga Airport,Tauranga,New Zealand,TRG,NZTG,-37.67190170288086,176.1959991455078,Oceania
2037,3,3,3,3,1.0,0.00012205090779235915,8.635908336221817e-06,6.951228181570978e-06,0.0001377328187185703,0.0001401358047429971,Woodbourne Airport,Woodbourne,New Zealand,BHE,NZWB,-41.5182991027832,173.8699951171875,Oceania
2041,1,1,1,1,1.0,7.125035031771121e-05,6.744047772924052e-06,5.200023328451561e-06,0.00010443289883351211,0.0,Whakatane Airport,Whakatane,New Zealand,WHK,NZWK,-37.92060089111328,176.91400146484375,Oceania
2042,21,21,32,32,1.0,0.0009771299962791473,0.0001231490742919244,0.00012474283799198156,0.0022553283068327138,0.0015041288481637118,Wellington International Airport,Wellington,New Zealand,WLG,NZWN,-41.3272018433,174.80499267599998,Oceania
2045,2,2,2,2,1.0,9.730302996181418e-05,7.451007927693139e-06,5.895922729020387e-06,0.00011715676185390886,9.653595543750943e-05,Whangarei Airport,Whangarei,New Zealand,WRE,NZWR,-35.7682991027832,174.36500549316406,Oceania
2047,1,1,1,1,1.0,7.125035031771121e-05,6.744047772924052e-06,5.200023328451561e-06,0.00010443289883351211,0.0,Wanganui Airport,Wanganui,New Zealand,WAG,NZWU,-39.96220016479492,175.02499389648438,Oceania
3321,13,13,28,28,1.0,0.0005456450868529082,0.0002884957268607504,0.00028638679778249026,0.005146263562191145,0.001238059477150724,Gold Coast Airport,Coolangatta,Australia,OOL,YBCG,-28.1644001007,153.505004883,Oceania
3341,26,26,51,51,1.0,0.0012147108383617447,0.0003753130402128646,0.00037294545936659735,0.006675150591110948,0.005479773358465408,Adelaide International Airport,Adelaide,Australia,ADL,YPAD,-34.945,138.53100600000002,Oceania
4095,3,3,3,3,1.0,0.00012205090779235915,8.635908336221817e-06,6.951228181570978e-06,0.0001377328187185703,0.0001401358047429971,Hawke's Bay Airport,NAPIER,New Zealand,NPE,NZNR,-39.465801,176.869995,Oceania
2014,1,1,1,1,1.0,7.180491453418755e-05,1.1849004085286778e-06,1.0553054525505792e-06,2.057605686466145e-05,0.0,Hokitika Airfield,Hokitika,New Zealand,HKK,NZHK,-42.713600158691406,170.98500061035156,Oceania
2025,2,2,2,2,1.0,9.785759417829052e-05,1.891860563297764e-06,1.7512048531193757e-06,3.3299919885058196e-05,8.537828013741039e-07,Invercargill Airport,Invercargill,New Zealand,IVC,NZNV,-46.41239929199219,168.31300354003906,Oceania
2035,1,1,1,1,1.0,7.310971634774556e-05,7.069601547690864e-07,6.958994005688147e-07,1.272386302039674e-05,0.0,Timaru Airport,Timaru,New Zealand,TIU,NZTU,-44.30279922485352,171.22500610351562,Oceania
2046,1,1,1,1,1.0,7.310971634774556e-05,7.069601547690864e-07,6.958994005688147e-07,1.272386302039674e-05,0.0,Westport Airport,Westport,New Zealand,WSZ,NZWS,-41.73809814453125,171.58099365234375,Oceania
2048,4,4,6,6,1.0,0.00012093135222479082,2.3715953792107688e-05,2.379543881846254e-05,0.00042394729260279473,2.512245828071254e-05,Herat Airport,Herat,Afghanistan,HEA,OAHR,34.209999084472656,62.22829818725586,Asia
2051,4,4,5,5,1.0,0.00010755853347050779,4.314746367724409e-05,4.271047629470222e-05,0.0007592601515640325,3.3552486789640586e-05,Kandahar Airport,Kandahar,Afghanistan,KDH,OAKN,31.505800247192383,65.84780120849611,Asia
2219,17,17,30,30,1.0,0.0004334329054323919,0.0002814311458085542,0.0002826437661398797,0.005011691957285947,0.0011900655240659687,Peshawar International Airport,Peshawar,Pakistan,PEW,OPPS,33.993900299072266,71.51460266113281,Asia
3136,21,21,57,57,1.0,0.0006705315669090808,0.0005997429874697648,0.0005986828567964986,0.010628701631086984,0.0007468793472808021,Cochin International Airport,Kochi,India,COK,VOCI,10.152,76.401901,Asia
3143,8,7,16,15,0.875,0.00021565106355501463,0.00017324578432649387,0.00015007592960823168,0.0033357467463633883,3.993411102370954e-06,Mangalore International Airport,Mangalore,India,IXE,VOML,12.961299896199998,74.89009857180001,Asia
3153,17,17,42,42,1.0,0.0005100459575700045,0.00043061590173546925,0.0004300118656995989,0.007633143854071607,0.0005264713917651105,Trivandrum International Airport,Trivandrum,India,TRV,VOTV,8.48211956024,76.9200973511,Asia
6776,9,9,12,11,1.0,0.00017022779142109368,0.0001025591080827203,0.00010744695288363509,0.0018014482113353392,1.9635509997171804e-05,Sialkot Airport,Sialkot,Pakistan,SKT,OPST,32.5355567932,74.3638916016,Asia
2060,3,3,3,3,1.0,7.916149193409129e-05,2.122771112451622e-05,2.114980904208371e-05,0.00037472149728828705,1.1170327890831266e-06,Al Ahsa Airport,Al-ahsa,Saudi Arabia,HOF,OEAH,25.28529930114746,49.48519897460938,Asia
2061,3,3,3,3,1.0,7.857785129710073e-05,2.3414276231212268e-05,2.326786143642394e-05,0.0004119669275935718,2.191719209822899e-06,Al Baha Airport,El-baha,Saudi Arabia,ABT,OEBA,20.2961006165,41.6343002319,Asia
2062,3,3,3,3,1.0,7.857785129710073e-05,2.3414276231212268e-05,2.326786143642394e-05,0.0004119669275935718,2.191719209822899e-06,Bisha Airport,Bisha,Saudi Arabia,BHH,OEBH,19.984399795532227,42.62089920043945,Asia
2066,4,4,6,6,1.0,0.00011711867826827907,4.516196925244074e-05,4.429327962044627e-05,0.0007907914379998956,4.395968991451218e-07,Jizan Regional Airport,Gizan,Saudi Arabia,GIZ,OEGN,16.901100158691403,42.58580017089844,Asia
2069,5,5,5,5,1.0,9.925011004588801e-05,5.033958778079358e-05,4.9810354128759776e-05,0.0008844419547540948,1.5966606955266807e-05,Ha'il Airport,Hail,Saudi Arabia,HAS,OEHL,27.437901,41.686298,Asia
2075,3,3,3,3,1.0,7.857785129710073e-05,2.3414276231212268e-05,2.326786143642394e-05,0.0004119669275935718,2.191719209822899e-06,Nejran Airport,Nejran,Saudi Arabia,EAM,OENG,17.611400604248047,44.4192008972168,Asia
3137,16,18,30,31,1.125,0.00037441114798815185,0.00028831805801690733,0.0002980100114367641,0.005119338884587337,0.00027350116030562776,Calicut International Airport,Calicut,India,CCJ,VOCL,11.1367998123,75.95529937740001,Asia
2068,2,2,2,2,1.0,6.827581193723273e-05,1.934230006917003e-05,1.9155197184309125e-05,0.00033924689036041547,1.1170327890831266e-06,Gurayat Domestic Airport,Guriat,Saudi Arabia,URY,OEGT,31.412413,37.278898,Asia
2076,2,2,2,2,1.0,6.827581193723273e-05,1.934230006917003e-05,1.9155197184309125e-05,0.00033924689036041547,1.1170327890831266e-06,Al Qaisumah/Hafr Al Batin Airport,Hafr Al-batin,Saudi Arabia,AQI,OEPA,28.335199,46.125099,Asia
2084,2,2,2,2,1.0,6.827581193723273e-05,1.934230006917003e-05,1.9155197184309125e-05,0.00033924689036041547,1.1170327890831266e-06,Arar Domestic Airport,Arar,Saudi Arabia,RAE,OERR,30.90660095214844,41.13819885253906,Asia
2086,2,2,2,2,1.0,6.827581193723273e-05,1.934230006917003e-05,1.9155197184309125e-05,0.00033924689036041547,1.1170327890831266e-06,Sharurah Airport,Sharurah,Saudi Arabia,SHW,OESH,17.466899871826172,47.12139892578125,Asia
2095,1,1,1,1,1.0,5.7118429558664305e-05,1.0825579993077654e-05,1.1045439579707529e-05,0.00019561357054585912,0.0,Al Wajh Domestic Airport,Wejh,Saudi Arabia,EJH,OEWJ,26.19860076904297,36.47639846801758,Asia
2104,13,13,24,24,1.0,0.0004696482289840648,4.946360418712014e-05,5.701626781918222e-05,0.0010683518041497962,0.0002650462639025525,Ahwaz Airport,Ahwaz,Iran,AWZ,OIAW,31.3374004364,48.7620010376,Asia
2123,7,7,10,10,1.0,0.00022890522407193413,6.364653270365774e-06,1.4735084934660268e-05,0.0003081706499796576,5.218288205784883e-05,Sardar-e-Jangal Airport,Rasht,Iran,RAS,OIGG,37.323333,49.617778,Asia
2131,33,33,59,58,1.0,0.0016320001826013563,1.4578980204258474e-05,2.2063548697378188e-05,0.0004623339011286136,0.005150635345944512,Mehrabad International Airport,Teheran,Iran,THR,OIII,35.68920135498047,51.31340026855469,Asia
2164,4,4,7,7,1.0,0.00017230146680725166,5.350276422317706e-06,1.3810035426022015e-05,0.0002896168514506777,2.9827765619817034e-05,Shahid Sadooghi Airport,Yazd,Iran,AZD,OIYY,31.904899597199996,54.2765007019,Asia
2195,6,6,7,7,1.0,0.00011670783350507084,8.76230086329325e-05,8.693450539971987e-05,0.001543344431447471,3.1884920539121893e-05,Salalah Airport,Salalah,Oman,SLL,OOSA,17.038700103759766,54.09130096435547,Asia
2214,8,8,12,12,1.0,0.00019969614302899256,8.609289927143824e-05,8.389845822826055e-05,0.0015194290110887552,9.867371584468936e-05,Multan International Airport,Multan,Pakistan,MUX,OPMT,30.20319938659668,71.41909790039062,Asia
3069,10,10,16,16,1.0,0.00022065181050322314,0.00014960044044187395,0.00013642015012671642,0.0027999724022010597,0.00030731457832619845,Shah Amanat International Airport,Chittagong,Bangladesh,CGP,VGEG,22.24959945678711,91.81330108642578,Asia
3105,9,9,18,18,1.0,0.00025118718867496,0.00020360057236322118,0.0002025525718869807,0.0035949859705952775,0.0014429313168313666,Chaudhary Charan Singh International Airport,Lucknow,India,LKO,VILK,26.7605991364,80.8892974854,Asia
3272,13,13,23,23,1.0,0.0003240734824800926,0.0003319541880672154,0.0003538835481099256,0.006328133032720723,0.00019640297462961083,Brunei International Airport,Bandar Seri Begawan,Brunei,BWN,WBSB,4.944200038909912,114.9280014038086,Asia
3928,26,25,66,65,0.9615384615384616,0.0010258158699031443,0.00044195727429622683,0.0004138329888977888,0.007840557102883434,0.004725755838481038,Juanda International Airport,Surabaya,Indonesia,SUB,WARR,-7.379829883575439,112.78700256347656,Asia
3976,3,4,4,5,1.3333333333333333,9.36378027145813e-05,3.6271328271939036e-05,2.499383635991632e-05,0.0006451106997040255,2.729910412646803e-06,Hodeidah International Airport,Hodeidah,Yemen,HOD,OYHD,14.753000259399414,42.97629928588867,Asia
5924,2,2,2,2,1.0,6.827581193723273e-05,1.934230006917003e-05,1.9155197184309125e-05,0.00033924689036041547,1.1170327890831266e-06,Dawadmi Domestic Airport,Dawadmi,Saudi Arabia,,OEDW,24.5,44.400001525878906,Asia
5925,2,2,2,2,1.0,6.827581193723273e-05,1.934230006917003e-05,1.9155197184309125e-05,0.00033924689036041547,1.1170327890831266e-06,Al-Jawf Domestic Airport,Al-Jawf,Saudi Arabia,AJF,OESK,29.78510093688965,40.099998474121094,Asia
5936,2,2,3,3,1.0,0.00010523491687522768,2.6554762442608527e-06,1.1210207421339796e-05,0.0002404069113179265,3.944375279870781e-07,Urmia Airport,Uromiyeh,Iran,OMH,OITR,37.6680984497,45.068698883100005,Asia
5954,4,4,5,5,1.0,0.00010507503628558639,3.5249478997464306e-05,3.6094210102668855e-05,0.0006421383131499455,7.069897997598486e-06,Sayun International Airport,Sayun Intl,Yemen,GXF,OYSY,15.9660997391,48.78829956049999,Asia
6747,4,4,6,6,1.0,0.0001627605945697793,3.7653463840982417e-06,1.2295544888091051e-05,0.00026065414131627945,3.944375279870781e-07,Gorgan Airport,Gorgan,Iran,GBT,OING,36.9094009399,54.4012985229,Asia
8381,2,2,2,2,1.0,7.553647081979923e-05,1.092211302815081e-05,9.979978604314832e-06,0.00018321093986046482,2.3403887672159456e-06,Majeed Bin Abdulaziz Airport,Al-Ula,Saudi Arabia,ULH,OEAO,26.48,38.1288888889,Asia
2081,1,1,1,1,1.0,5.821441908221102e-05,8.516720076092375e-06,8.109757604601615e-06,0.00014363331981455637,0.0,Rafha Domestic Airport,Rafha,Saudi Arabia,RAH,OERF,29.626399993896484,43.4906005859375,Asia
2093,1,1,1,1,1.0,5.821441908221102e-05,8.516720076092375e-06,8.109757604601615e-06,0.00014363331981455637,0.0,Turaif Domestic Airport,Turaif,Saudi Arabia,TUI,OETR,31.692188,38.731544,Asia
2097,3,3,6,6,1.0,0.00016839937088106315,2.6496916444884034e-06,2.4058081888670563e-06,4.929198961148838e-05,0.0,Abadan Airport,Abadan,Iran,ABD,OIAA,30.371099471999997,48.2282981873,Asia
2103,2,2,2,2,1.0,8.855286729101474e-05,5.194430083440072e-07,4.322764534136951e-07,9.86649308815413e-06,4.229102129630853e-06,Mahshahr Airport,Bandar Mahshahr,Iran,MRX,OIAM,30.55620002746582,49.15190124511719,Asia
2109,8,7,16,15,0.875,0.0003142354636499824,5.0625607154506275e-05,5.132426948148896e-05,0.0009193193865768952,3.0717023315363106e-06,Kish International Airport,Kish Island,Iran,KIH,OIBK,26.5261993408,53.9802017212,Asia
2134,12,12,19,19,1.0,0.00038384195502353036,5.6010236611268285e-05,5.4355723641764834e-05,0.0009830569211020546,8.969972130851607e-06,Bandar Abbas International Airport,Bandar Abbas,Iran,BND,OIKB,27.218299865722656,56.37779998779297,Asia
5933,4,4,6,6,1.0,0.00014681660582029445,3.228880330584035e-06,3.034187774997752e-06,5.906576507317583e-05,6.585859320571923e-07,Dasht-e Naz Airport,Dasht-e-naz,Iran,SRY,OINZ,36.635799408,53.1935997009,Asia
7546,5,5,5,5,1.0,0.00014066845333458525,1.6094838872083859e-06,1.3841968057214425e-06,2.9989403792953718e-05,1.377656354912111e-05,Persian Gulf International Airport,Khalije Fars,Iran,PGU,OIBP,27.379601,52.737701,Asia
2106,4,4,5,5,1.0,0.00013751745128811208,2.6768967900396643e-05,2.6110197954959088e-05,0.0004691295913274389,5.460727566555753e-07,Bushehr Airport,Bushehr,Iran,BUZ,OIBB,28.944799423200003,50.8345985413,Asia
2110,2,2,2,2,1.0,7.279070928495061e-05,2.572330201596856e-05,2.51843229656737e-05,0.00044935891244765857,0.0,Bandar Lengeh Airport,Bandar Lengeh,Iran,BDH,OIBL,26.531999588,54.82479858399999,Asia
2117,1,1,1,1,1.0,7.111528036192428e-05,1.250416461012086e-07,8.238392081615157e-08,2.6078603630794804e-06,0.0,Sanandaj Airport,Sanandaj,Iran,SDG,OICS,35.24589920043945,47.00920104980469,Asia
2136,4,4,4,4,1.0,0.0001249576726243708,1.3599883038833115e-06,1.230833744075182e-06,2.5071121225527017e-05,1.089200052461212e-05,Kerman Airport,Kerman,Iran,KER,OIKK,30.2744007111,56.9510993958,Asia
2142,2,2,2,2,1.0,8.772553504852238e-05,9.206242383268758e-07,8.434910684692456e-07,1.71628185167009e-05,8.503955636714897e-06,Birjand Airport,Birjand,Iran,XBJ,OIMB,32.898101806640625,59.2661018371582,Asia
2151,2,2,2,2,1.0,8.772553504852238e-05,9.206242383268758e-07,8.434910684692456e-07,1.71628185167009e-05,8.503955636714897e-06,Ramsar Airport,Ramsar,Iran,RZR,OINR,36.9099006652832,50.67959976196289,Asia
2166,6,5,6,6,0.8333333333333334,0.00014509462007861144,8.017176936076252e-06,3.212383426487123e-05,0.0005771855528860968,0.00016633680449811694,Konarak Airport,Chah Bahar,Iran,ZBR,OIZC,25.443300247199996,60.382099151599995,Asia
2167,7,7,11,11,1.0,0.00026410252798363506,2.8688531432612194e-05,2.772795635662929e-05,0.0005045771319481206,9.26205629976911e-05,Zahedan International Airport,Zahedan,Iran,ZAH,OIZH,29.47570037841797,60.90620040893555,Asia
5927,1,1,1,1,1.0,7.111528036192428e-05,1.250416461012086e-07,8.238392081615157e-08,2.6078603630794804e-06,0.0,Khoram Abad Airport,Khorram Abad,Iran,KHD,OICK,33.43539810180664,48.28290176391602,Asia
5928,1,1,1,1,1.0,7.111528036192428e-05,1.250416461012086e-07,8.238392081615157e-08,2.6078603630794804e-06,0.0,Bam Airport,Bam,Iran,BXR,OIKM,29.08419990539551,58.45000076293945,Asia
5930,1,1,1,1,1.0,7.111528036192428e-05,1.250416461012086e-07,8.238392081615157e-08,2.6078603630794804e-06,0.0,Bojnord Airport,Bojnourd,Iran,BJB,OIMN,37.49300003051758,57.30820083618164,Asia
5931,1,1,1,1,1.0,7.111528036192428e-05,1.250416461012086e-07,8.238392081615157e-08,2.6078603630794804e-06,0.0,Sabzevar National Airport,Sabzevar,Iran,AFZ,OIMS,36.16809844970703,57.59519958496094,Asia
5932,2,2,2,2,1.0,8.772553504852238e-05,9.206242383268758e-07,8.434910684692456e-07,1.71628185167009e-05,8.503955636714897e-06,Noshahr Airport,Noshahr,Iran,NSH,OINN,36.66329956054688,51.464698791503906,Asia
5934,6,6,6,6,1.0,0.00012612824157502738,5.1820752407222954e-05,5.162589737206791e-05,0.0009173107277504205,0.001540991684470399,Lar Airport,Lar,Iran,LRR,OISL,27.6746997833,54.3833007812,Asia
5935,2,2,3,3,1.0,0.00011178377870680407,1.0456658844280842e-06,9.25874989285407e-07,1.977067887978038e-05,0.0,Ardabil Airport,Ardabil,Iran,ADU,OITL,38.3256988525,48.4244003296,Asia
6748,1,1,1,1,1.0,7.111528036192428e-05,1.250416461012086e-07,8.238392081615157e-08,2.6078603630794804e-06,0.0,Ilam Airport,Ilam,Iran,IIL,OICI,33.58660125732422,46.40480041503906,Asia
6749,1,1,1,1,1.0,7.111528036192428e-05,1.250416461012086e-07,8.238392081615157e-08,2.6078603630794804e-06,0.0,Parsabade Moghan Airport,Parsabad,Iran,PFQ,OITP,39.60359954834,47.881500244140994,Asia
7547,1,1,1,1,1.0,7.111528036192428e-05,1.250416461012086e-07,8.238392081615157e-08,2.6078603630794804e-06,0.0,Yasouj Airport,Yasuj,Iran,YES,OISY,30.700500488281,51.545101165771,Asia
2165,1,1,1,1,1.0,6.366729139024068e-05,7.955825922256672e-07,7.611071476530857e-07,1.4554958153621416e-05,0.0,Zabol Airport,Zabol,Iran,ACZ,OIZB,31.09830093383789,61.54389953613281,Asia
2994,17,17,32,32,1.0,0.00038399700907771613,0.00035426009818627884,0.0003540891813310087,0.006293838861304118,0.0003142174907081943,Sardar Vallabhbhai Patel International Airport,Ahmedabad,India,AMD,VAAH,23.0771999359,72.63469696039998,Asia
3007,11,11,27,27,1.0,0.0003323831230996639,0.00023684564250666114,0.00023542569177037128,0.004193600759760323,1.990225970532484e-05,Dabolim Airport,Goa,India,GOI,VAGO,15.3808002472,73.83139801029999,Asia
2222,3,3,3,3,1.0,7.953653121459543e-05,2.783235582111372e-05,2.820233482335271e-05,0.0005094339087049425,1.5079664595084478e-06,Shaikh Zaid Airport,Rahim Yar Khan,Pakistan,RYK,OPRK,28.383899688720703,70.27960205078125,Asia
3098,8,8,16,16,1.0,0.0002195540098511351,0.00015840651023570385,0.0001591723205429378,0.002819237485648235,9.825653521347122e-06,Jaipur International Airport,Jaipur,India,JAI,VIJP,26.8242,75.812202,Asia
3179,31,32,67,71,1.032258064516129,0.0007716310288928374,0.0014225695142768841,0.0013266587166713942,0.025241698926964904,0.007268556863315503,Phuket International Airport,Phuket,Thailand,HKT,VTSP,8.1132,98.316902,Asia
2180,3,3,3,3,1.0,0.00018969689986229315,2.5180634536836858e-05,2.4690959531208804e-05,0.0004394933429424787,0.0006134597190197512,Bateen Airport,Abu Dhabi,United Arab Emirates,AZI,OMAD,24.428300857543945,54.45809936523438,Asia
2189,1,1,1,1,1.0,0.00010118436862896683,1.399320782865519e-07,1.4229249047043735e-07,2.4790177249365968e-06,0.0,Fujairah International Airport,Fujeirah,United Arab Emirates,FJR,OMFJ,25.112199783325195,56.32400131225586,Asia
8961,2,2,2,2,1.0,0.00011097094738089555,2.517983257252167e-05,2.469017332503172e-05,0.00043947943795758805,0.0,Sir Bani Yas Airport,Sir Bani Yas Island,United Arab Emirates,XSB,OMBY,24.283610999999997,52.580278,Asia
2967,10,10,10,10,1.0,0.00015472166846830772,7.315373600666197e-05,7.254817268813854e-05,0.0012968485100423712,6.849665354123384e-05,Volgograd International Airport,Volgograd,Russia,VOG,URWW,48.78250122070313,44.34550094604492,Europe
3043,36,36,94,94,1.0,0.0013260729121303968,0.0005513366989879698,0.0005498104345933799,0.009794098006589829,0.004923551137820358,Netaji Subhash Chandra Bose International Airport,Kolkata,India,CCU,VECC,22.654699325561523,88.44670104980469,Asia
3382,94,94,270,271,1.0,0.002379081966785646,0.0031628475112496254,0.0031032581133957596,0.05592458702084483,0.007150000105930886,Kunming Changshui International Airport,Kunming,China,KMG,ZPPP,25.101944399999997,102.9291667,Asia
4374,29,28,45,43,0.9655172413793104,0.0005976911088379847,0.0002521580598580369,0.00027944573780704345,0.004953690496251812,0.0010563426429830705,Yemelyanovo Airport,Krasnoyarsk,Russia,KJA,UNKL,56.172901,92.493301,Europe
2221,8,8,14,14,1.0,0.000257054053875838,3.858937622052888e-05,3.721560884714571e-05,0.0007075014913197871,0.0005399958361251718,Quetta International Airport,Quetta,Pakistan,UET,OPQT,30.251399993896484,66.93779754638672,Asia
2914,8,8,10,10,1.0,0.00016523418541521283,4.5514237167463875e-05,3.6250861353850916e-05,0.0008125859318041156,5.7529565851952206e-05,Shymkent Airport,Chimkent,Kazakhstan,CIT,UAII,42.364200592041016,69.47889709472656,Asia
3015,7,8,15,15,1.1428571428571428,0.0002150409219897553,0.00010613424426282416,0.00011913803018228438,0.0018825735256730188,0.0003959536328823853,Dr. Babasaheb Ambedkar International Airport,Nagpur,India,NAG,VANP,21.092199325561523,79.04720306396484,Asia
3135,7,7,16,16,1.0,0.00021464467979297297,0.00016372687820389255,0.00016308588619001798,0.002900393766368291,1.683776103457307e-05,Coimbatore International Airport,Coimbatore,India,CJB,VOCB,11.029999733,77.0434036255,Asia
5942,3,2,3,2,0.6666666666666666,8.148419185443831e-05,5.131466423662758e-06,9.100531085154738e-06,0.00017499895037322786,8.343441017427333e-07,Dera Ghazi Khan Airport,Dera Ghazi Khan,Pakistan,DEA,OPDG,29.961000442504886,70.48590087890625,Asia
5951,5,6,5,6,1.2,0.00012159176141606027,1.190332587017052e-05,1.1773258400662447e-05,0.00021043287638666534,0.0003390454419279649,Turbat International Airport,Turbat,Pakistan,TUK,OPTU,25.98640060424805,63.03020095825195,Asia
2192,1,1,1,1,1.0,5.6946045605596454e-05,6.506314876462455e-06,6.253840640568753e-06,0.00011202325217941238,0.0,Khasab Air Base,Khasab,Oman,KHS,OOKB,26.17099952697754,56.2406005859375,Asia
2203,3,3,3,3,1.0,8.752508175116125e-05,9.819093310528124e-06,9.572360724359743e-06,0.00017085875568693037,8.59853880154553e-07,Gwadar International Airport,Gwadar,Pakistan,GWD,OPGD,25.23329925537109,62.32949829101562,Asia
2202,1,1,2,2,1.0,7.375485334311255e-05,6.4921107366331335e-06,6.502511875177847e-06,0.00011529694230540714,0.0,Faisalabad International Airport,Faisalabad,Pakistan,LYP,OPFA,31.364999771118164,72.99479675292969,Asia
2204,1,1,1,1,1.0,5.8682489594109386e-05,4.198737369867713e-06,4.1957084740492596e-06,7.63726104191544e-05,0.0,Gilgit Airport,Gilgit,Pakistan,GIL,OPGT,35.918800354003906,74.33360290527344,Asia
2212,2,2,2,2,1.0,7.842321546450522e-05,3.3339908237751605e-06,3.3422960528155884e-06,5.931034699626511e-05,0.0,Moenjodaro Airport,Moenjodaro,Pakistan,MJD,OPMJ,27.3351993560791,68.14309692382811,Asia
2217,1,1,1,1,1.0,6.040594502337757e-05,3.2460553683165667e-06,3.2512559375889236e-06,5.764847115270357e-05,0.0,Panjgur Airport,Panjgur,Pakistan,PJG,OPPG,26.954500198364254,64.13249969482422,Asia
2227,4,5,5,6,1.25,0.00012718069853653215,1.61108141556539e-05,1.5516176123964735e-05,0.00029461835610145737,2.0032257555996835e-05,Sukkur Airport,Sukkur,Pakistan,SKZ,OPSK,27.72200012207031,68.79170227050781,Asia
5939,4,3,6,5,0.75,0.00012378271034311133,1.937785675311434e-05,1.8498587044036217e-05,0.00035708317315342867,1.5348060646242485e-06,Bahawalpur Airport,Bahawalpur,Pakistan,BHV,OPBW,29.348100662231445,71.71800231933594,Asia
5937,2,2,2,2,1.0,6.960837017125961e-05,3.2907627489541766e-06,3.2195786423600477e-06,5.714722468400079e-05,4.10191382578658e-07,Al Ain International Airport,Al Ain,United Arab Emirates,AAN,OMAL,24.261699676513672,55.60919952392578,Asia
5940,2,2,2,2,1.0,7.096583419941335e-05,5.800575871149934e-06,5.7860392726820355e-06,0.00010464269421802758,0.0,Chitral Airport,Chitral,Pakistan,CJL,OPCH,35.88660049438477,71.80059814453125,Asia
5943,2,2,2,2,1.0,0.00010496116709951878,1.6031256824243764e-06,1.5915736143590858e-06,2.8293496140622572e-05,7.912643934990502e-05,Dera Ismael Khan Airport,Dera Ismael Khan,Pakistan,DSK,OPDI,31.90940093994141,70.89659881591797,Asia
2233,2,2,2,2,1.0,0.00010728167490546222,2.199335221225376e-07,2.2712260033172155e-07,4.150459254496437e-06,3.6050881050151796e-06,Zhob Airport,Zhob,Pakistan,PZH,OPZB,31.358400344848636,69.46360015869139,Asia
5949,1,1,1,1,1.0,5.8682489594109386e-05,4.198737369867713e-06,4.1957084740492596e-06,7.63726104191544e-05,0.0,Skardu Airport,Skardu,Pakistan,KDU,OPSD,35.33549880981445,75.53600311279297,Asia
2243,2,2,2,2,1.0,7.246364815806411e-05,3.988483869109137e-06,3.842442933343676e-06,6.81960891921555e-05,0.0,Rota International Airport,Rota,Northern Mariana Islands,ROP,PGRO,14.17430019378662,145.2429962158203,
2244,9,10,10,10,1.1111111111111112,0.00015752172914646772,0.00019726389212729452,0.0002227953696951719,0.0034956014315895316,0.0008043072851048457,Saipan International Airport,Saipan,Northern Mariana Islands,SPN,PGSN,15.119000000000002,145.729004,
2246,19,19,35,35,1.0,0.0004949991419982162,0.000482709807913329,0.00048097102189223256,0.008591749350756744,0.0061849410487156056,Antonio B. Won Pat International Airport,Agana,Guam,GUM,PGUM,13.4834003448,144.796005249,Oceania
2372,36,36,80,80,1.0,0.0007975987220370574,0.001269858181531825,0.0012627167411764317,0.022375401609921866,0.0009036273104663182,Gimhae International Airport,Busan,South Korea,PUS,RKPK,35.1795005798,128.93800354,Asia
2254,2,2,2,2,1.0,0.00013198584527208355,2.7259165497782105e-06,2.727820226150524e-06,4.847487600287768e-05,0.000614433209492203,Chuuk International Airport,Chuuk,Micronesia,TKK,PTKK,7.461870193481445,151.84300231933594,Oceania
2256,6,6,9,10,1.0,0.00015540496903378683,0.00023583926456324,0.00020016407479010577,0.004200259578044005,0.00011349979502659322,Babelthuap Airport,Babelthuap,Palau,ROR,PTRO,7.367310000000001,134.544236,Oceania
2258,2,2,2,2,1.0,7.22880355691075e-05,3.8602246118543135e-06,4.060427345400706e-06,7.216983165846035e-05,0.0,Yap International Airport,Yap,Micronesia,YAP,PTYA,9.49891,138.082993,Oceania
2287,35,36,79,79,1.0285714285714285,0.001010464368126975,0.0008993593284731944,0.0008816372397990932,0.016001327670620437,0.0023433793418391447,New Chitose Airport,Sapporo,Japan,CTS,RJCC,42.77519989013672,141.69200134277344,Asia
2327,8,8,13,13,1.0,0.00017921878828463261,0.00020263086073549262,0.0002011994220015477,0.003583837798213102,7.683732791669638e-05,Okayama Airport,Okayama,Japan,OKJ,RJOB,34.7569007874,133.854995728,Asia
2347,15,14,31,31,0.9333333333333333,0.0003685025058096326,0.0003309893261242944,0.0003388983445351156,0.006129922376166698,0.00031665747272032374,Sendai Airport,Sendai,Japan,SDJ,RJSS,38.1397018433,140.917007446,Asia
2251,3,3,3,3,1.0,0.00024849565697110187,8.171956321951987e-08,7.842152666120856e-08,1.4448957328921899e-06,0.0006199133631354559,Bucholz Army Air Field,Kwajalein,Marshall Islands,KWA,PKWA,8.720120429992676,167.73199462890625,
2255,3,3,3,3,1.0,0.0002557211945309866,1.5907054451358373e-08,1.5868606159187334e-08,2.817093027217267e-07,0.0001338565945508186,Pohnpei International Airport,Pohnpei,Micronesia,PNI,PTPN,6.985099792480469,158.20899963378906,Oceania
2257,2,2,2,2,1.0,0.00019077311528013793,5.343743012820475e-10,5.516753179666043e-10,9.739465232545591e-09,0.0,Kosrae International Airport,Kosrae,Micronesia,KSA,PTSA,5.35698,162.957993,Oceania
2259,4,4,5,5,1.0,0.00010030034144433084,1.374061695546188e-05,1.393560887088094e-05,0.0002454575000859167,4.806234016307189e-08,Kinmen Airport,Kinmen,Taiwan,KNH,RCBS,24.4279,118.359001,Asia
2264,37,37,64,65,1.0,0.0005907219063655347,0.001145398957393202,0.001112862225161911,0.0202559473337705,0.0020690032147949113,Kaohsiung International Airport,Kaohsiung,Taiwan,KHH,RCKH,22.57710075378418,120.3499984741211,Asia
2268,23,23,29,29,1.0,0.0003050614685383174,0.0003920845778745934,0.0003905180789164127,0.006910327605704474,0.0012394498511754015,Taichung Ching Chuang Kang Airport,Taichung,Taiwan,RMQ,RCMQ,24.26469993591309,120.62100219726562,Asia
2272,4,4,5,5,1.0,0.00010030034144433084,1.374061695546188e-05,1.3935608870880953e-05,0.0002454575000859167,4.806234016307189e-08,Makung Airport,Makung,Taiwan,MZG,RCQC,23.568700790405273,119.62799835205078,Asia
2275,19,19,40,40,1.0,0.0004625580044104373,0.0004574377948471554,0.00045360524055445265,0.008042046145871225,0.0006739074518738065,Taipei Songshan Airport,Taipei,Taiwan,TSA,RCSS,25.06940078735352,121.552001953125,Asia
2262,1,1,1,1,1.0,5.685661088997203e-05,2.5707354123774044e-06,2.584921478800979e-06,4.5386818537119394e-05,0.0,Taitung Airport,Fengnin,Taiwan,TTT,RCFN,22.7549991607666,121.10199737548828,Asia
2278,4,4,4,4,1.0,8.000387241180026e-05,2.219238017971808e-05,2.2256565243190837e-05,0.00039219405008800607,6.097718135682195e-06,Hualien Airport,Hualien,Taiwan,HUN,RCYU,24.02309989929199,121.61799621582033,Asia
2384,31,31,61,60,1.0,0.0007421847859644606,0.000804123324045967,0.0008065087400071893,0.014254410524420606,0.0009248457314342813,Naha Airport,Okinawa,Japan,OKA,ROAH,26.1958007812,127.646003723,Asia
3121,38,38,79,79,1.0,0.0007059708012142698,0.0012640717830208618,0.0012565622483885503,0.02232427491493162,0.0005327347835558668,Macau International Airport,Macau,Macau,MFM,VMMC,22.149599,113.592003,Asia
3368,51,51,145,145,1.0,0.0011392374062510814,0.0019309625461984947,0.0019302400185486435,0.03413188409143433,0.0005561817954304304,Tianjin Binhai International Airport,Tianjin,China,TSN,ZBTJ,39.1244010925,117.346000671,Asia
3371,70,70,188,189,1.0,0.0014881385596152066,0.0023715188218126322,0.0023310751427565593,0.04189224225052055,0.0007566788604566716,Changsha Huanghua International Airport,Changcha,China,CSX,ZGHA,28.189199447600004,113.220001221,Asia
3373,44,44,114,114,1.0,0.0009027673543257703,0.0016837681612505793,0.0017060157532163,0.02956297818917132,0.0009354270431365304,Nanning Wuxu Airport,Nanning,China,NNG,ZGNN,22.60829925537109,108.1719970703125,Asia
3374,84,84,230,231,1.0,0.0018535609204845315,0.0026299869250359705,0.0026016420962060105,0.04639508453661497,0.0018563006024986976,Shenzhen Bao'an International Airport,Shenzhen,China,SZX,ZGSZ,22.639299392700195,113.81099700927734,Asia
3375,55,55,174,174,1.0,0.0013299106369780668,0.002205780728695915,0.0022022382775980253,0.03895017375951921,0.000309997276530541,Zhengzhou Xinzheng International Airport,Zhengzhou,China,CGO,ZHCC,34.519699096699995,113.841003418,Asia
3384,38,38,86,86,1.0,0.0006809703039355416,0.0013100410921279878,0.0013106547824011153,0.023163267571652834,0.0007557971472294115,Nanchang Changbei International Airport,Nanchang,China,KHN,ZSCN,28.864999771118164,115.9000015258789,Asia
3385,47,47,133,133,1.0,0.001039332183409545,0.001879573861699967,0.001878558435233755,0.03322296005969028,6.196582036476861e-05,Fuzhou Changle International Airport,Fuzhou,China,FOC,ZSFZ,25.93510055541992,119.66300201416016,Asia
3387,38,38,84,84,1.0,0.0006818760440545222,0.001273876789762359,0.001274807552986766,0.022559679266304745,0.0010394429624189085,Ningbo Lishe International Airport,Ninbo,China,NGB,ZSNB,29.82670021057129,121.46199798583984,Asia
3389,35,35,77,77,1.0,0.0005969918809362205,0.0012403276076768423,0.0012280468090096802,0.0219600517843692,0.00040898903019417367,Hefei Luogang International Airport,Hefei,China,HFE,ZSOF,31.78000068664551,117.2979965209961,Asia
3390,54,54,188,188,1.0,0.0015117461683043373,0.0026561823978915947,0.002662661157239496,0.046931667721441445,0.000788466613905369,Liuting Airport,Qingdao,China,TAO,ZSQD,36.2661018372,120.374000549,Asia
4108,41,41,135,135,1.0,0.0010413794344911816,0.0019436873313905408,0.0019588511071786056,0.03428709775560787,0.00026790619188984325,Yaoqiang Airport,Jinan,China,TNA,ZSJN,36.857200622558594,117.21600341796876,Asia
4149,18,18,20,20,1.0,0.00019330479251087002,0.00029409960230300877,0.00029483253643008863,0.005208640938027243,0.0003536700728123129,Xuzhou Guanyin Airport,Xuzhou,China,XUZ,ZSXZ,34.059056,117.555278,Asia
6354,5,5,5,5,1.0,8.583962975006311e-05,7.605864315652619e-05,7.663190308875474e-05,0.0013522359108607046,3.241175546500088e-05,Meixian Airport,Meixian,China,MXZ,ZGMX,24.35000038146973,116.13300323486328,Asia
2270,1,1,1,1,1.0,5.57716125977557e-05,3.220350190364903e-05,3.21404622659945e-05,0.0005697289247389354,0.0,Tainan Airport,Tainan,Taiwan,TNN,RCNN,22.95039939880371,120.20600128173828,Asia
2378,13,13,39,39,1.0,0.0005369281043718566,0.00037369600534673723,0.00037209406205440725,0.006605356884361715,0.00044654443359862846,Gimpo International Airport,Seoul,South Korea,GMP,RKSS,37.5583,126.791,Asia
3369,46,46,109,109,1.0,0.0008443666143680857,0.001396529734900172,0.0013950614113061191,0.024654299157684856,0.00017171841395080653,Taiyuan Wusu Airport,Taiyuan,China,TYN,ZBYN,37.74689865112305,112.62799835205078,Asia
3391,67,66,204,203,0.9850746268656716,0.0016898901741817477,0.002235740121631038,0.002246371767789449,0.03964244814533996,0.000698162852947963,Shanghai Hongqiao International Airport,Shanghai,China,SHA,ZSSS,31.19790077209473,121.33599853515624,Asia
6392,33,33,81,81,1.0,0.0006400559152939289,0.001304254431140612,0.0013058816591760478,0.023060932819127907,0.00027688133547463736,Wenzhou Longwan International Airport,Wenzhou,China,WNZ,ZSWZ,27.912201,120.851997,Asia
2288,6,6,10,10,1.0,0.0001548311843976182,0.00013221085177276707,0.00013190795798598842,0.0023444045298885137,0.00024089341885525012,Hakodate Airport,Hakodate,Japan,HKD,RJCH,41.7700004578,140.822006226,Asia
2299,3,3,7,7,1.0,0.0001219227729720426,0.0001118754974033561,0.00011148078576417531,0.0019824363567353376,0.0,Asahikawa Airport,Asahikawa,Japan,AKJ,RJEC,43.670799255371094,142.44700622558594,Asia
2307,11,11,17,17,1.0,0.00022663417912108404,0.0003018991726927983,0.0002992107563525461,0.005342970700311596,0.0004134875719826703,Kagoshima Airport,Kagoshima,Japan,KOJ,RJFK,31.80340003967285,130.718994140625,Asia
2308,7,7,11,11,1.0,0.00016622213017467453,0.0001445304281674689,0.00014361883670434844,0.0025711671826822535,4.7217755843790455e-05,Miyazaki Airport,Miyazaki,Japan,KMI,RJFM,31.877199173,131.44900512700002,Asia
2322,9,9,17,17,1.0,0.00021430355078556098,0.00031200522723400653,0.00030952065248479913,0.005534318277932862,4.6923310458779725e-07,Komatsu Airport,Kanazawa,Japan,KMQ,RJNK,36.39459991455078,136.40699768066406,Asia
2324,6,6,9,9,1.0,0.00013108984642662324,0.00019770446924454702,0.00019603463951737483,0.00349979117238735,0.00011254905552341056,Toyama Airport,Toyama,Japan,TOY,RJNT,36.64830017089844,137.18800354003906,Asia
2326,9,9,17,17,1.0,0.00020983548084809234,0.00033334934646054394,0.00033033456256606394,0.005911665952398753,2.8522537901135552e-05,Hiroshima Airport,Hiroshima,Japan,HIJ,RJOA,34.4361000061,132.91900634799998,Asia
2337,6,6,8,8,1.0,0.0001278771303101328,0.00019093574289499383,0.00018916396447893425,0.00338824494636754,0.00012626906103812847,Takamatsu Airport,Takamatsu,Japan,TAK,RJOT,34.214199066199996,134.01600647,Asia
2370,33,33,59,59,1.0,0.0007605066678452344,0.0006908943099512009,0.0006874122160730581,0.012214607273730603,0.004105740781294848,Jeju International Airport,Cheju,South Korea,CJU,RKPC,33.51129913330078,126.49299621582033,Asia
2387,7,7,14,14,1.0,0.00019567413177066657,0.00014516413460848577,0.00014479498116016576,0.002569298607500338,6.56560865525829e-05,New Ishigaki Airport,Ishigaki,Japan,ISG,ROIG,24.396389000000003,124.245,Asia
2430,8,8,18,18,1.0,0.00024664906665100426,0.0003116776055478042,0.0003103192485823073,0.005536984460909015,7.17747805234974e-06,Kalibo International Airport,Kalibo,Philippines,KLO,RPVK,11.679400444,122.375999451,Asia
3034,15,15,32,29,1.0,0.00038556501675925006,0.0005455918805544508,0.0005626733771581523,0.009876418674639856,0.00014802005910734056,Phnom Penh International Airport,Phnom-penh,Cambodia,PNH,VDPP,11.546600341796877,104.84400177001952,Asia
3035,20,20,39,42,1.0,0.0004907491736847744,0.000690087161338809,0.0006765788061329477,0.012224694578021037,0.0011908525946693503,Siem Reap International Airport,Siem-reap,Cambodia,REP,VDSR,13.410699844400003,103.81300354,Asia
3239,29,28,50,49,0.9655172413793104,0.0009102262806712888,0.0006965528851484495,0.0006938297953945448,0.012372720980427233,0.008240917923960063,Yangon International Airport,Yangon,Burma,RGN,VYYY,16.907300949099998,96.1332015991,Asia
3269,30,30,52,52,1.0,0.0007935338156888578,0.0007717743829914125,0.0007671444825935113,0.013673772489838096,0.003557989846637934,Kota Kinabalu International Airport,Kota Kinabalu,Malaysia,BKI,WBKK,5.9372100830078125,116.0510025024414,Asia
3308,20,20,42,42,1.0,0.0005755875164563846,0.00046929637979018255,0.00046818078442074446,0.008329190491275404,0.0018401641905649207,Penang International Airport,Penang,Malaysia,PEN,WMKP,5.297140121459961,100.2770004272461,Asia
3372,40,41,107,107,1.025,0.0008165820055401343,0.0018378203119562991,0.0018207620012545525,0.03239565060111126,0.0005364712518152103,Guilin Liangjiang International Airport,Guilin,China,KWL,ZGKL,25.21809959411621,110.03900146484376,Asia
3378,33,33,84,84,1.0,0.000719251586327032,0.0011585413478565519,0.0011465959158088947,0.02046386624844894,0.001168704191700542,Lanzhou Zhongchuan Airport,Lanzhou,China,LHW,ZLLL,36.5152015686,103.620002747,Asia
3392,23,23,56,56,1.0,0.0004600839751923448,0.0010470172377289742,0.0010434399080754427,0.018514177933816014,4.710829210788561e-05,Yantai Laishan Airport,Yantai,China,YNT,ZSYT,37.40169906616211,121.37200164794922,Asia
3394,48,48,137,137,1.0,0.0010706731696464367,0.0019449056848714426,0.00194409973436552,0.034358034244256645,0.0007405949930817803,Longdongbao Airport,Guiyang,China,KWE,ZUGY,26.53849983215332,106.8010025024414,Asia
3400,57,58,130,129,1.0175438596491229,0.0011871793350408226,0.0015320282005818618,0.0014952583319019766,0.027031242315953025,0.003670038439925197,Taiping Airport,Harbin,China,HRB,ZYHB,45.6234016418457,126.25,Asia
3404,57,57,140,139,1.0,0.0011603712647700022,0.0020497943901932655,0.002056922781772537,0.036169106246957586,0.0019847845131793027,Zhoushuizi Airport,Dalian,China,DLC,ZYTL,38.9656982421875,121.53900146484376,Asia
3931,26,26,47,48,1.0,0.0006457694571648219,0.0009484266435690622,0.0009167201453099034,0.016831319763067593,0.0037616171459815425,Chiang Mai International Airport,Chiang Mai,Thailand,CNX,VTCC,18.7667999268,98.962600708,Asia
4030,41,41,109,109,1.0,0.0008210687695057907,0.0016716712265147178,0.001666617233481421,0.029475654509147,0.0005879025527188848,Sanya Phoenix International Airport,Sanya,China,SYX,ZJSY,18.30290031433105,109.41200256347656,Asia
4033,28,28,64,65,1.0,0.0005162781662575167,0.0010799356115226582,0.0010617507461278663,0.019092429351364088,0.0009747347317409941,Lijiang Airport,Lijiang,China,LJG,ZPLJ,26.6800003052,100.246002197,Asia
4085,30,29,66,65,0.9666666666666667,0.00054511697533735,0.0011057803522281696,0.0011478166526267101,0.019645198260312236,0.0007281923577274795,Yinchuan Airport,Yinchuan,China,,ZLIC,38.481899,106.009003,Asia
4120,37,38,107,108,1.027027027027027,0.000824777219149414,0.0017650270292139815,0.0017478511164843178,0.03115489862108639,2.4576313938361177e-05,Haikou Meilan International Airport,Haikou,China,HAK,ZJHK,19.93490028381348,110.45899963378906,Asia
4380,29,29,67,64,1.0,0.0005340441137778598,0.0011041285477201472,0.0011410883380687607,0.019466121731182676,0.0014696437302719307,Longjia Airport,Changchun,China,CGQ,ZYCC,43.9962005615,125.684997559,Asia
5994,3,3,5,5,1.0,0.00010745014523162846,6.195423408055473e-05,6.154555548914261e-05,0.0010985698933369736,2.2502569187379377e-05,Kushiro Airport,Kushiro,Japan,KUH,RJCK,43.0410003662,144.192993164,Asia
6345,37,37,87,87,1.0,0.0008078949687381916,0.0010234808555614797,0.001021121783487518,0.018046592293279477,0.0008220997552696103,Baita International Airport,Hohhot,China,HET,ZBHH,40.851398,111.823997,Asia
6347,34,34,81,81,1.0,0.0006757168906552719,0.0010423501153163752,0.0010412892903958523,0.01838562469469701,0.0007562047103567023,Shijiazhuang Daguocun International Airport,Shijiazhuang,China,SJW,ZBSJ,38.28070068359375,114.6969985961914,Asia
6353,12,12,21,21,1.0,0.00019856137913423888,0.0004505818599562416,0.00044931089369858147,0.007954819423154732,5.183155952133403e-05,Dayong Airport,Dayong,China,DYG,ZGDY,29.1028,110.443001,Asia
6386,18,18,44,44,1.0,0.0003704902795009743,0.0007165978857756609,0.0007151294908477664,0.012648497394220016,3.612176613655605e-05,Quanzhou Jinjiang International Airport,Quanzhou,China,JJN,ZSQZ,24.7964,118.589996,Asia
6387,18,18,26,26,1.0,0.00023340901148642367,0.00047090568242903324,0.00047036919822708,0.008339025379941382,0.00022040430137934246,Tunxi International Airport,Huangshan,China,TXN,ZSTX,29.73329925537109,118.25599670410156,Asia
6390,19,19,47,47,1.0,0.0003878766898192188,0.0008677813294390992,0.0008692441142750888,0.01535738545398999,1.663614343142806e-05,Sunan Shuofang International Airport,Wuxi,China,WUX,ZSWX,31.4944000244,120.429000854,Asia
6393,12,11,17,16,0.9166666666666666,0.00017312581769906454,0.00031108131897241326,0.0003341693160552798,0.005912177142986854,0.0001421968562672857,Yancheng Airport,Yancheng,China,YNZ,ZSYN,33.425833000000004,120.203056,Asia
2310,5,5,9,9,1.0,0.00015156858252649087,0.00011088964327587926,0.00010978192874077442,0.001970242340394821,3.6783019298656165e-06,Oita Airport,Oita,Japan,OIT,RJFO,33.479400634799994,131.736999512,Asia
2330,6,6,8,8,1.0,0.00013682218416380846,0.00013723750363764926,0.00013602251588980269,0.002445511104915708,0.0001560853444182379,Miho Yonago Airport,Miho,Japan,YGJ,RJOH,35.4921989440918,133.23599243164062,Asia
2333,8,8,12,12,1.0,0.000172685510965701,0.00022694201238086895,0.0002244883294439222,0.0040162801298229,0.00010953616948262961,Matsuyama Airport,Matsuyama,Japan,MYJ,RJOM,33.82720184326172,132.69999694824222,Asia
2334,22,22,42,42,1.0,0.0006584409640885057,0.00019382678901251786,0.00019262074674993582,0.0034492289002624014,0.00020505639985946155,Osaka International Airport,Osaka,Japan,ITM,RJOO,34.785499572753906,135.43800354003906,Asia
2927,20,20,34,35,1.0,0.0004739098202081476,0.00038406097247903906,0.0003808018808345027,0.006796500873392406,0.0001251269614258632,Khabarovsk-Novy Airport,Khabarovsk,Russia,KHV,UHHH,48.52799987793,135.18800354004,Europe
2933,9,9,14,13,1.0,0.0002328334058002456,0.00016164494783707728,0.00018978545164252474,0.0028853076024824165,0.0009308428286330903,Yuzhno-Sakhalinsk Airport,Yuzhno-sakhalinsk,Russia,UUS,UHSS,46.88869857788086,142.71800231933594,Europe
2934,15,15,26,26,1.0,0.00035258526597869847,0.00039648623025939536,0.0003938002300717615,0.007049244880603235,0.0002835336926996578,Vladivostok International Airport,Vladivostok,Russia,VVO,UHWW,43.39899826049805,132.14799499511722,Europe
3380,13,14,19,20,1.0769230769230769,0.0005233913177894882,0.0003015802859473605,0.0003001592899722277,0.005357740631907279,0.004101711448266801,Chinggis Khaan International Airport,Ulan Bator,Mongolia,ULN,ZMUB,47.843102,106.766998,Asia
4381,10,10,16,16,1.0,0.00021986710269496245,0.00022757805120223056,0.00022596964581037218,0.00403727494285531,0.0006545446002899559,Niigata Airport,Niigata,Japan,KIJ,RJSN,37.955898284899995,139.121002197,Asia
2280,2,2,2,2,1.0,6.762330902027013e-05,1.1824342409778735e-05,1.1922449911121923e-05,0.00021154738444540205,3.393231317418806e-06,Matsumoto Airport,Matsumoto,Japan,MMJ,RJAF,36.16680145263672,137.92300415039062,Asia
2281,5,5,5,5,1.0,9.900549408324618e-05,5.5275996715655684e-05,5.4762788136831326e-05,0.0009725197650424918,0.0001725974410700453,Hyakuri Airport,Ibaraki,Japan,IBR,RJAH,36.181098938000005,140.414993286,Asia
3943,8,8,12,12,1.0,0.00019762999542768958,5.196201042602756e-05,5.175685630348702e-05,0.000924330486071869,8.605355664953169e-06,Kobe Airport,Kobe,Japan,UKB,RJBE,34.632801055908196,135.2239990234375,Asia
2284,1,1,1,1,1.0,6.091339750151651e-05,1.112505708023563e-05,1.0933583531820253e-05,0.00019647342903286895,0.0,Nanki Shirahama Airport,Nanki-shirahama,Japan,SHM,RJBD,33.6622009277,135.363998413,Asia
2286,1,1,3,3,1.0,8.862611909726435e-05,3.3375171240706895e-05,3.280075059546076e-05,0.0005894202870986069,0.0,Tokachi-Obihiro Airport,Obihiro,Japan,OBO,RJCB,42.7332992554,143.216995239,Asia
2290,3,3,6,6,1.0,0.00011979284389213967,5.112100165927361e-05,5.065718400149789e-05,0.0009063784147612707,0.0,Memanbetsu Airport,Memanbetsu,Japan,MMB,RJCM,43.880599975600006,144.164001465,Asia
2291,2,2,2,2,1.0,7.178182736615438e-05,1.612159563532784e-05,1.6015746115493863e-05,0.0002867516043810756,1.9364919089898704e-05,Nakashibetsu Airport,Nakashibetsu,Japan,SHB,RJCN,43.5774993896,144.960006714,Asia
2294,2,2,2,2,1.0,7.178182736615438e-05,1.612159563532784e-05,1.6015746115493863e-05,0.0002867516043810756,1.9364919089898704e-05,Wakkanai Airport,Wakkanai,Japan,WKJ,RJCW,45.4042015076,141.80099487299998,Asia
2340,5,5,5,5,1.0,0.00011767011785105856,5.249488984075928e-05,5.211576878059435e-05,0.00093699071322492,0.0008201116729077544,Aomori Airport,Aomori,Japan,AOJ,RJSA,40.73469924926758,140.69099426269528,Asia
2344,4,4,4,4,1.0,0.00010476340779225842,1.2929949525968546e-05,1.3031588486023724e-05,0.00023125315298793434,0.00015819285339314416,Hanamaki Airport,Hanamaki,Japan,HNA,RJSI,39.4286003112793,141.13499450683594,Asia
2345,5,5,8,8,1.0,0.00014135283566608345,7.744692643896338e-05,7.69050645063929e-05,0.0013793568156375937,1.7760033470466314e-05,Akita Airport,Akita,Japan,AXT,RJSK,39.6156005859375,140.218994140625,Asia
5999,2,2,4,4,1.0,9.546205729182017e-05,1.2176371880868166e-05,1.235490511386382e-05,0.00021947484030429326,0.0,Fukushima Airport,Fukushima,Japan,FKS,RJSF,37.22740173339844,140.43099975585938,Asia
2295,1,1,2,2,1.0,8.001483217703632e-05,1.7662682918696311e-06,1.7819390657210076e-06,3.137606681569961e-05,0.0,Iki Airport,Iki,Japan,IKI,RJDB,33.7490005493,129.785003662,Asia
2313,11,11,17,17,1.0,0.00032989781007741666,0.00015766944633720917,0.00015582866862916294,0.0027805487146470766,0.0010031823742399455,Nagasaki Airport,Nagasaki,Japan,NGS,RJFU,32.916900634799994,129.914001465,Asia
2296,2,2,3,3,1.0,8.35179500123063e-05,5.7517801249712905e-05,5.685805115383911e-05,0.00102348019836705,0.0,Yamaguchi Ube Airport,Yamaguchi,Japan,UBJ,RJDC,33.930000305200004,131.279006958,Asia
2297,2,2,3,3,1.0,8.971267462902598e-05,8.594072146556158e-06,8.622226393169331e-06,0.00015264527591289502,6.459850671507937e-08,Tsushima Airport,Tsushima,Japan,TSJ,RJDT,34.2849006653,129.33099365200002,Asia
2298,1,1,1,1,1.0,6.091339750151651e-05,1.112505708023563e-05,1.0933583531820253e-05,0.00019647342903286895,0.0,Monbetsu Airport,Monbetsu,Japan,MBE,RJEB,44.303901672399995,143.404006958,Asia
2304,2,2,4,4,1.0,9.941051708101564e-05,1.5421876001242685e-05,1.546251372061764e-05,0.00027391448501009046,0.0,Fukue Airport,Fukue,Japan,FUJ,RJFE,32.66630172729492,128.83299255371094,Asia
2311,1,1,3,3,1.0,8.862611909726435e-05,3.3375171240706895e-05,3.280075059546076e-05,0.0005894202870986069,0.0,Kitakyūshū Airport,Kitakyushu,Japan,KKJ,RJFR,33.8459014893,131.035003662,Asia
2312,6,6,9,9,1.0,0.00016267686734350637,0.00010730625590418815,0.00010628946834108718,0.0019100038573362946,2.961764363659177e-05,Kumamoto Airport,Kumamoto,Japan,KMJ,RJFT,32.83729934692383,130.85499572753906,Asia
5997,6,6,6,6,1.0,0.00016779427720379423,2.4507026033371665e-06,2.463188953194551e-06,4.369264277924224e-05,0.0002475536339247531,Nagoya Airport,Nagoya,Japan,NKM,RJNA,35.255001068115234,136.92399597167972,Asia
2316,2,2,2,2,1.0,7.424747793096742e-05,1.2216704465577503e-05,1.2028873505078557e-05,0.00021593267383680892,1.971450996171217e-05,Amami Airport,Amami,Japan,ASJ,RJKA,28.430599212646484,129.71299743652344,Asia
2328,1,1,1,1,1.0,6.091339750151651e-05,1.112505708023563e-05,1.0933583531820253e-05,0.00019647342903286895,0.0,Izumo Airport,Izumo,Japan,IZO,RJOC,35.4136009216,132.88999939,Asia
2332,3,3,4,4,1.0,0.00011190985707137873,2.335572127666107e-05,2.29763056385423e-05,0.0004126526266082701,1.6957108012708335e-07,Kōchi Ryōma Airport,Kochi,Japan,KCZ,RJOK,33.546101,133.669006,Asia
2341,3,3,3,3,1.0,9.805349627350481e-05,1.2230664196425439e-05,1.2042722106722051e-05,0.0002161791975754012,4.3150225290495595e-05,Yamagata Airport,Yamagata,Japan,GAJ,RJSC,38.4118995667,140.371002197,Asia
2346,2,2,2,2,1.0,7.424747793096742e-05,1.2216704465577503e-05,1.2028873505078557e-05,0.00021593267383680892,1.971450996171217e-05,Misawa Air Base,Misawa,Japan,MSJ,RJSM,40.7032012939,141.367996216,Asia
2335,1,1,1,1,1.0,6.091339750151651e-05,1.112505708023563e-05,1.0933583531820253e-05,0.00019647342903286895,0.0,Tottori Airport,Tottori,Japan,TTJ,RJOR,35.530101776100004,134.167007446,Asia
2336,1,1,2,2,1.0,7.476975829939043e-05,2.225011416047126e-05,2.1867167063640505e-05,0.0003929468580657379,0.0,Tokushima Airport/JMSDF Air Base,Tokushima,Japan,TKS,RJOS,34.132801,134.60699499999998,Asia
2352,1,1,1,1,1.0,6.091339750151651e-05,1.112505708023563e-05,1.0933583531820253e-05,0.00019647342903286895,0.0,Hachijojima Airport,Hachijojima,Japan,HAC,RJTH,33.1150016785,139.785995483,Asia
2356,1,1,1,1,1.0,6.091339750151651e-05,1.112505708023563e-05,1.0933583531820253e-05,0.00019647342903286895,0.0,Oshima Airport,Oshima,Japan,OIM,RJTO,34.7820014954,139.36000061,Asia
2390,3,3,5,5,1.0,0.00010430316140102425,2.5657938826774207e-05,2.538587610529178e-05,0.00045224077563250627,6.282649552316686e-06,Miyako Airport,Miyako,Japan,MMY,ROMY,24.7828006744,125.294998169,Asia
3409,1,1,1,1,1.0,6.091339750151651e-05,1.112505708023563e-05,1.0933583531820253e-05,0.00019647342903286895,0.0,Noto Airport,Wajima,Japan,NTQ,RJNW,37.2930984497,136.962005615,Asia
5996,2,3,2,3,1.5,6.966158921443238e-05,8.179832143206516e-05,4.592446762201886e-05,0.00144636236410454,0.00017814215656229444,Saga Airport,Saga,Japan,HSG,RJFS,33.149700164799995,130.302001953,Asia
5998,1,1,1,1,1.0,6.091339750151651e-05,1.112505708023563e-05,1.0933583531820253e-05,0.00019647342903286895,0.0,Iwami Airport,Iwami,Japan,IWJ,RJOW,34.676399231,131.789993286,Asia
6000,1,1,1,1,1.0,6.091339750151651e-05,1.112505708023563e-05,1.0933583531820253e-05,0.00019647342903286895,0.0,Odate Noshiro Airport,Odate Noshiro,Japan,ONJ,RJSR,40.1918983459,140.371002197,Asia
6001,1,1,1,1,1.0,6.091339750151651e-05,1.112505708023563e-05,1.0933583531820253e-05,0.00019647342903286895,0.0,Shonai Airport,Shonai,Japan,SYO,RJSY,38.81219863889999,139.787002563,Asia
11922,1,1,1,1,1.0,6.091339750151651e-05,1.112505708023563e-05,1.0933583531820253e-05,0.00019647342903286895,0.0,Iwakuni Marine Corps Air Station,Iwakuni,Japan,IWK,RJOI,34.143902000000004,132.23599199999998,Asia
2361,2,2,4,4,1.0,9.228916453295005e-05,1.2009165967700027e-05,1.2031722796567906e-05,0.00021239006225468856,0.0,Gwangju Airport,Kwangju,South Korea,KWJ,RKJJ,35.123173,126.805444,Asia
2365,2,2,3,3,1.0,8.135384201172036e-05,8.113366782047317e-06,8.127568917085847e-06,0.00014346692579807538,0.0,Yeosu Airport,Yeosu,South Korea,RSU,RKJY,34.842300415039055,127.61699676513672,Asia
2374,2,2,3,3,1.0,8.135384201172036e-05,8.113366782047317e-06,8.127568917085847e-06,0.00014346692579807538,0.0,Ulsan Airport,Ulsan,South Korea,USN,RKPU,35.59349823,129.352005005,Asia
2380,2,2,3,3,1.0,8.135384201172036e-05,8.113366782047317e-06,8.127568917085847e-06,0.00014346692579807538,0.0,Pohang Airport (G-815/K-3),Pohang,South Korea,KPO,RKTH,35.987955,129.42038300000002,Asia
2381,4,4,6,6,1.0,0.00010442287993691569,0.00012007170464457653,0.00011913308094023781,0.002124437427710838,2.1280780515223525e-05,Daegu Airport,Taegu,South Korea,TAE,RKTN,35.896871999999995,128.65531,Asia
4189,5,5,6,6,1.0,9.587615000019174e-05,0.00013278415590528957,0.0001319637482874534,0.0023424499574213166,9.107745217948973e-05,Muan International Airport,Muan,South Korea,MWX,RKJB,34.991406,126.382814,Asia
6003,1,1,2,2,1.0,6.892768174610198e-05,7.791598371305422e-06,7.808307758964077e-06,0.00013784627291322634,0.0,Kunsan Air Base,Kunsan,South Korea,KUV,RKJK,35.90380096435547,126.61599731445312,Asia
6005,1,1,1,1,1.0,5.7992359224872284e-05,3.895799185652711e-06,3.904153879482039e-06,6.892313645661317e-05,0.0,Wonju/Hoengseong Air Base (K-38/K-46),Wonju,South Korea,WJU,RKNW,37.441201,127.963858,Asia
6007,2,2,3,3,1.0,8.060842313952602e-05,9.900382169502724e-06,9.92001527776601e-06,0.00017511816758395747,0.0,Sacheon Air Base/Airport,Sacheon,South Korea,HIN,RKPS,35.088591,128.071747,Asia
6008,4,4,9,9,1.0,0.00012655115921569293,0.00014005752532596658,0.00013905358248484759,0.0024660105841800384,0.0,Cheongju International Airport/Cheongju Air Base (K-59/G-513),Chongju,South Korea,CJJ,RKTU,36.717008,127.498741,Asia
2388,1,1,1,1,1.0,5.756371805488801e-05,4.570759755319609e-06,4.5439963101994275e-06,8.04235283552097e-05,0.0,Kumejima Airport,Kumejima,Japan,UEO,ROKJ,26.36350059509277,126.71399688720705,Asia
2399,1,1,3,3,1.0,8.848984121893495e-05,3.4847470839726894e-05,3.479968693650558e-05,0.0006174809903566658,0.0,Awang Airport,Cotabato,Philippines,CBO,RPMC,7.165239810943604,124.20999908447266,Asia
2400,5,5,7,7,1.0,0.00015618247494635803,3.9505857354727796e-05,3.950994086031065e-05,0.000700269655817756,2.7724828847962463e-05,Cagayan De Oro Airport,Ladag,Philippines,,RPML,8.41562,124.611,Asia
2401,2,2,2,2,1.0,7.562047266308203e-05,1.493832301460883e-05,1.4974032100589284e-05,0.00026498723141247946,7.113605786243379e-05,Pagadian Airport,Pagadian,Philippines,PAG,RPMP,7.830731447869999,123.461179733,Asia
2402,3,3,5,5,1.0,0.00011984657589802754,3.8724386250646746e-05,3.872843096694795e-05,0.0006864455594206905,0.0,General Santos International Airport,Romblon,Philippines,GES,RPMR,6.058000087740001,125.096000671,Asia
2404,4,4,6,6,1.0,0.0001818530144114395,3.873189095105331e-05,3.873644664502756e-05,0.0006865910966208159,0.0006338794114140305,Zamboanga International Airport,Zamboanga,Philippines,ZAM,RPMZ,6.922420024871826,122.05999755859376,Asia
2409,1,1,1,1,1.0,6.086797154207337e-05,1.16158236132423e-05,1.1599895645501856e-05,0.00020582699678555526,0.0,San Jose Airport,San Jose,Philippines,SJI,RPUH,12.361499786399998,121.04699707,Asia
2422,2,2,5,5,1.0,0.00011705327717837437,4.9785793854335734e-05,4.977371903709488e-05,0.0008824682217691452,0.0,Daniel Z. Romualdez Airport,Tacloban,Philippines,TAC,RPVA,11.228035,125.027761,Asia
2423,4,4,6,6,1.0,0.00013887209152937496,3.8954566839921294e-05,3.895844855594738e-05,0.0006905203337248658,2.0419692394278934e-05,Bacolod-Silay Airport,Bacolod,Philippines,BCD,RPVB,10.7764,123.014999,Asia
2425,2,2,4,4,1.0,0.00010324234233994358,3.816997024109343e-05,3.817382339159301e-05,0.00067664122498359,0.0,Sibulan Airport,Dumaguete,Philippines,DGT,RPVD,9.3337097168,123.300003052,Asia
2426,2,2,4,4,1.0,0.00010324234233994358,3.816997024109343e-05,3.817382339159301e-05,0.00067664122498359,0.0,Godofredo P. Ramos Airport,Caticlan,Philippines,MPH,RPVE,11.9245,121.954002,Asia
2429,8,8,10,10,1.0,0.00019520897140882105,9.814552138487979e-05,9.782648426976691e-05,0.0017376652968549137,0.0011665004767608376,Iloilo International Airport,Iloilo,Philippines,ILO,RPVI,10.833017,122.493358,Asia
2433,5,5,9,9,1.0,0.0001771108439077295,6.686438288228949e-05,6.685080161299689e-05,0.0011851785932061529,9.562468498393132e-05,Puerto Princesa Airport,Puerto Princesa,Philippines,PPS,RPVP,9.742119789123535,118.75900268554688,Asia
3266,20,20,24,24,1.0,0.0006755668389172672,8.791880504310219e-05,8.735566393475528e-05,0.0015525820259617476,0.006267315941452232,Miri Airport,Miri,Malaysia,MYY,WBGR,4.322010040283203,113.98699951171876,Asia
3994,1,1,3,3,1.0,8.848984121893495e-05,3.4847470839726894e-05,3.479968693650558e-05,0.0006174809903566658,0.0,Tagbilaran Airport,Tagbilaran,Philippines,TAG,RPVT,9.665442,123.853533,Asia
3999,20,20,44,46,1.0,0.0010176645441462675,0.0002725052664647428,0.00027246279576026916,0.004898456346385828,0.0032143657615199203,Darwin International Airport,Darwin,Australia,DRW,YPDN,-12.41469955444336,130.87699890136722,Oceania
4090,9,9,14,14,1.0,0.00027407352066964277,9.934447442801794e-05,9.893181679237097e-05,0.0017595983846009412,4.762838790767141e-05,Francisco Bangoy International Airport,Davao,Philippines,DVO,RPMD,7.1255202293396,125.64600372314452,Asia
4199,2,2,3,3,1.0,8.943140750151279e-05,2.655414662785113e-05,2.657392774609114e-05,0.0004708142281980347,0.0,Francisco B. Reyes Airport,Busuanga,Philippines,USU,RPVV,12.1215000153,120.099998474,Asia
4200,2,2,4,4,1.0,0.00010324234233994358,3.816997024109343e-05,3.817382339159301e-05,0.00067664122498359,0.0,Bancasi Airport,Butuan,Philippines,BXU,RPME,8.9515,125.4788,Asia
4201,3,3,4,4,1.0,0.00010608819466655995,2.7114826933325802e-05,2.713531044914255e-05,0.00048074224058178983,2.9358385197178278e-05,Dipolog Airport,Dipolog,Philippines,DPL,RPMG,8.60198349877,123.341875076,Asia
4202,1,1,2,2,1.0,7.467890638050416e-05,2.32316472264846e-05,2.3199791291003712e-05,0.00041165399357111053,0.0,Laoag International Airport,Laoag,Philippines,LAO,RPLI,18.1781005859375,120.53199768066406,Asia
4203,2,2,4,4,1.0,0.00010324234233994358,3.816997024109343e-05,3.817382339159301e-05,0.00067664122498359,0.0,Legazpi City International Airport,Legazpi,Philippines,LGP,RPLP,13.1575,123.735,Asia
4204,2,2,4,4,1.0,0.00010324234233994358,3.816997024109343e-05,3.817382339159301e-05,0.00067664122498359,0.0,Labo Airport,Ozamis,Philippines,OZC,RPMO,8.178509712219237,123.84200286865234,Asia
6016,2,2,3,3,1.0,8.943140750151279e-05,2.655414662785113e-05,2.657392774609114e-05,0.0004708142281980347,0.0,Surigao Airport,Sangley Point,Philippines,SUG,RPMS,9.755838325629998,125.480947495,Asia
6018,1,1,2,2,1.0,7.467890638050416e-05,2.32316472264846e-05,2.3199791291003712e-05,0.00041165399357111053,0.0,Naga Airport,Naga,Philippines,WNP,RPUN,13.58489990234375,123.2699966430664,Asia
6019,1,1,2,2,1.0,7.467890638050416e-05,2.32316472264846e-05,2.3199791291003712e-05,0.00041165399357111053,0.0,Basco Airport,Basco,Philippines,BSO,RPUO,20.4513,121.980003,Asia
6021,1,1,3,3,1.0,8.848984121893495e-05,3.4847470839726894e-05,3.479968693650558e-05,0.0006174809903566658,0.0,Tuguegarao Airport,Tuguegarao,Philippines,TUG,RPUT,17.6433676823,121.733150482,Asia
6022,1,1,1,1,1.0,6.086797154207337e-05,1.16158236132423e-05,1.1599895645501856e-05,0.00020582699678555526,0.0,Virac Airport,Virac,Philippines,VRC,RPUV,13.57639980316162,124.20600128173828,Asia
6023,1,1,1,1,1.0,6.086797154207337e-05,1.16158236132423e-05,1.1599895645501856e-05,0.00020582699678555526,0.0,Calbayog Airport,Calbayog City,Philippines,CYP,RPVC,12.072699546813965,124.54499816894533,Asia
6024,1,1,2,2,1.0,7.467890638050416e-05,2.32316472264846e-05,2.3199791291003712e-05,0.00041165399357111053,0.0,Catarman National Airport,Catarman,Philippines,CRM,RPVF,12.502400398254396,124.63600158691406,Asia
6025,1,1,1,1,1.0,6.086797154207337e-05,1.16158236132423e-05,1.1599895645501856e-05,0.00020582699678555526,0.0,Moises R. Espinosa Airport,Masbate,Philippines,MBT,RPVJ,12.369682,123.630095,Asia
6026,1,1,3,3,1.0,8.848984121893495e-05,3.4847470839726894e-05,3.479968693650558e-05,0.0006174809903566658,0.0,Roxas Airport,Roxas City,Philippines,RXS,RPVR,11.597700119018556,122.7519989013672,Asia
6733,1,1,1,1,1.0,6.086797154207337e-05,1.16158236132423e-05,1.1599895645501856e-05,0.00020582699678555526,0.0,Cauayan Airport,Cauayan,Philippines,CYZ,RPUY,16.9298992157,121.752998352,Asia
6013,1,1,1,1,1.0,7.281506844630333e-05,2.1953263815541418e-07,2.1886887782721818e-07,3.873912550763525e-06,0.0,Jolo Airport,Jolo,Philippines,JOL,RPMJ,6.0536699295043945,121.01100158691406,Asia
4140,8,8,13,13,1.0,0.00017510526907729836,0.0003021380109713836,0.00030077911706999686,0.005365035766088902,0.0008097031040881266,Diosdado Macapagal International Airport,Angeles City,Philippines,CRK,RPLC,15.186,120.559998,Asia
2439,1,1,2,2,1.0,0.00011720006609439878,7.823428959581407e-07,7.645825699323225e-07,1.3949450774439961e-05,0.0,General Urquiza Airport,Parana,Argentina,PRA,SAAP,-31.7948,-60.4804,South America
2442,42,43,63,65,1.0238095238095237,0.002663222327426501,6.765175801986746e-05,6.902204633906157e-05,0.0012367287013273984,0.01216124597357533,Jorge Newbery Airpark,Buenos Aires,Argentina,AEP,SABE,-34.5592,-58.4156,South America
2440,5,5,7,7,1.0,0.00022654955611919625,3.5435253521111e-05,3.5303769482423984e-05,0.0006297699847040867,0.0005896457977126088,Islas Malvinas Airport,Rosario,Argentina,ROS,SAAR,-32.9036,-60.785,South America
6777,2,2,3,3,1.0,0.0001448030566049502,9.82421383340566e-07,9.648225784433834e-07,1.7501163516937584e-05,0.0,Capitan Corbeta CA Curbelo International Airport,Punta del Este,Uruguay,PDP,SULS,-34.855098724365234,-55.09429931640625,South America
2441,1,1,2,2,1.0,0.00011720006609439878,7.823428959581407e-07,7.645825699323225e-07,1.3949450774439961e-05,0.0,Sauce Viejo Airport,Santa Fe,Argentina,SFN,SAAV,-31.7117,-60.8117,South America
2452,8,7,11,10,0.875,0.00040016137948792313,1.4627600507020641e-05,1.4606369213026492e-05,0.00026011756669956155,0.0005527852784933571,El Plumerillo Airport,Mendoza,Argentina,MDZ,SAME,-32.831699371300004,-68.7929000854,South America
2454,2,2,2,2,1.0,0.00015198301687957357,3.9335062012587305e-07,3.8230352839139763e-07,7.053842182791544e-06,0.0003065845128697667,Suboficial Ay Santiago Germano Airport,San Rafael,Argentina,AFA,SAMR,-34.588299,-68.4039,South America
2455,1,1,1,1,1.0,8.212855139902068e-05,3.9117144797907033e-07,3.8229128496616127e-07,6.974725387219981e-06,0.0,Catamarca Airport,Catamarca,Argentina,CTC,SANC,-28.5956001282,-65.751701355,South America
2456,1,1,1,1,1.0,8.212855139902068e-05,3.9117144797907033e-07,3.8229128496616127e-07,6.974725387219981e-06,0.0,Vicecomodoro Angel D. La Paz Aragonés Airport,Santiago Del Estero,Argentina,SDE,SANE,-27.7655563354,-64.3099975586,South America
2458,1,1,1,1,1.0,8.212855139902068e-05,3.9117144797907033e-07,3.8229128496616127e-07,6.974725387219981e-06,0.0,Capitan V A Almonacid Airport,La Rioja,Argentina,IRJ,SANL,-29.381599426300003,-66.7957992554,South America
2460,1,1,2,2,1.0,0.00011720006609439878,7.823428959581407e-07,7.645825699323225e-07,1.3949450774439961e-05,0.0,Teniente Benjamin Matienzo Airport,Tucuman,Argentina,TUC,SANT,-26.8409,-65.104897,South America
2461,1,2,2,2,2.0,0.00011720006609439878,4.7395071776062996e-07,7.645825699323225e-07,8.441690017081644e-06,0.0,Domingo Faustino Sarmiento Airport,San Juan,Argentina,UAQ,SANU,-31.571501,-68.418198,South America
2467,2,1,2,1,0.5,0.00014694640413349816,3.9117144797907033e-07,3.8451405815656064e-07,7.014505617259564e-06,0.0,Brigadier Mayor D Cesar Raul Ojeda Airport,San Luis,Argentina,LUQ,SAOU,-33.2732009888,-66.3563995361,South America
2469,1,1,1,1,1.0,8.212855139902068e-05,3.9117144797907033e-07,3.8229128496616127e-07,6.974725387219981e-06,0.0,Resistencia International Airport,Resistencia,Argentina,RES,SARE,-27.45,-59.0561,South America
2470,1,1,1,1,1.0,8.212855139902068e-05,3.9117144797907033e-07,3.8229128496616127e-07,6.974725387219981e-06,0.0,Formosa Airport,Formosa,Argentina,FMA,SARF,-26.2127,-58.2281,South America
2471,3,3,4,4,1.0,0.00016624004311874575,7.990196779671194e-06,7.942538457490265e-06,0.00014194307360896905,5.5519630601530454e-05,Cataratas Del Iguazú International Airport,Iguazu Falls,Argentina,IGR,SARI,-25.737301,-54.4734,South America
2474,1,1,1,1,1.0,8.212855139902068e-05,3.9117144797907033e-07,3.8229128496616127e-07,6.974725387219981e-06,0.0,Libertador Gral D Jose De San Martin Airport,Posadas,Argentina,PSS,SARP,-27.3858,-55.9707,South America
2476,4,4,6,6,1.0,0.0002482872735331205,1.5738319775005763e-06,1.5455983823370737e-06,2.801843529531037e-05,2.508615128292067e-06,Martin Miguel De Guemes International Airport,Salta,Argentina,SLA,SASA,-24.856000900300003,-65.4861984253,South America
2477,2,2,2,2,1.0,0.00010848756910129982,6.636967408098395e-07,6.532055818813475e-07,1.180151133576534e-05,4.641328376310419e-06,Gobernador Horacio Guzman International Airport,Jujuy,Argentina,JUJ,SASJ,-24.392799,-65.097801,South America
2487,6,4,8,6,0.6666666666666666,0.00034618910000156476,8.406123309692655e-07,8.730115749776138e-07,1.588857131030362e-05,4.801686746171072e-05,General E. Mosconi Airport,Comodoro Rivadavia,Argentina,CRD,SAVC,-45.7853,-67.4655,South America
2488,3,3,3,3,1.0,0.00015184461565240147,4.433447724475923e-07,4.726718055285393e-07,8.671063480122042e-06,7.459389475665829e-06,Brigadier Antonio Parodi Airport,Esquel,Argentina,EQS,SAVE,-42.908000946,-71.139503479,South America
2490,5,6,5,6,1.2,0.00025751767074618984,7.649721353335067e-06,7.561033688137488e-06,0.0001359161512648409,0.001724931860178249,Almirante Marco Andres Zar Airport,Trelew,Argentina,REL,SAVT,-43.2105,-65.2703,South America
2491,1,1,1,1,1.0,8.212855139902068e-05,4.285095346895629e-08,3.8229128496616127e-07,7.741244990419123e-06,0.0,Gobernador Castello Airport,Viedma,Argentina,VDM,SAVV,-40.8692,-63.0004,South America
2492,1,1,1,1,1.0,8.212855139902068e-05,3.9117144797907033e-07,3.8229128496616127e-07,6.974725387219981e-06,0.0,El Tehuelche Airport,Puerto Madryn,Argentina,PMY,SAVY,-42.7592,-65.1027,South America
2495,2,2,2,2,1.0,0.00011740294981627222,3.9594212667652227e-07,3.870097161772646e-07,7.0657619318517884e-06,6.984684273486665e-05,Hermes Quijada International Airport,Rio Grande,Argentina,RGA,SAWE,-53.7777,-67.7494,South America
2496,4,5,5,6,1.25,0.00024808142490805073,8.349920049984058e-07,8.417843577937305e-07,1.6142643619835036e-05,0.0003451850088343266,Piloto Civil N. Fernández Airport,Rio Gallegos,Argentina,RGL,SAWG,-51.6089,-69.3126,South America
2497,4,3,6,4,0.75,0.00023428030164201655,8.06512124781283e-06,8.025174617399249e-06,0.00014341491204848287,0.00038615769386702675,Malvinas Argentinas Airport,Ushuaia,Argentina,USH,SAWH,-54.8433,-68.2958,South America
2501,3,3,4,4,1.0,0.0001992140555605804,8.295535660837824e-07,8.122570810908251e-07,1.479510903559225e-05,0.00024254362687051978,Comandante Espora Airport,Bahia Blanca,Argentina,BHI,SAZB,-38.725,-62.1693,South America
2508,2,2,3,3,1.0,0.0001596627439312964,7.869462335204716e-07,7.692702692325075e-07,1.4032887984801543e-05,0.0,Ástor Piazzola International Airport,Mar Del Plata,Argentina,MDQ,SAZM,-37.9342,-57.5733,South America
2509,3,3,6,6,1.0,0.0002842790664127724,9.577967434699382e-07,9.394002874623753e-07,1.7062587512929132e-05,0.0,Presidente Peron Airport,Neuquen,Argentina,NQN,SAZN,-38.949001,-68.15570100000001,South America
2512,1,1,1,1,1.0,8.212855139902068e-05,2.166644321638116e-09,3.8229128496616127e-07,7.014505617259564e-06,0.0,Santa Rosa Airport,Santa Rosa,Argentina,RSA,SAZR,-36.588299,-64.27570300000001,South America
2513,6,6,7,7,1.0,0.00027135670692239773,8.344368355869953e-06,8.332950766430028e-06,0.00014898383801594873,0.00039833197542792515,San Carlos De Bariloche Airport,San Carlos De Bariloche,Argentina,BRC,SAZS,-41.151199,-71.157501,South America
2517,1,1,1,1,1.0,8.212855139902068e-05,3.9117144797907033e-07,3.8229128496616127e-07,6.974725387219981e-06,0.0,Aviador C. Campos Airport,San Martin Des Andes,Argentina,CPC,SAZY,-40.075401,-71.137299,South America
2545,24,23,43,43,0.9583333333333334,0.0009038588860861344,9.201066638926619e-05,0.00018615931616274784,0.0030277191408240767,0.0018870884930704778,Afonso Pena Airport,Curitiba,Brazil,CWB,SBCT,-25.5284996033,-49.175800323500006,South America
2555,12,12,21,21,1.0,0.0004822232942280214,7.77610600392273e-05,7.866950009471458e-05,0.001409322372318458,0.0009504355040122747,Hercílio Luz International Airport,Florianopolis,Brazil,FLN,SBFL,-27.670278549194336,-48.5525016784668,South America
4061,3,3,4,4,1.0,0.0001596044669938929,7.681228695609516e-06,1.4765990971619915e-05,0.00013642795618586183,2.4459155729476058e-05,El Calafate Airport,El Calafate,Argentina,FTE,SAWC,-50.2803,-72.053101,South America
8914,1,1,1,1,1.0,8.212855139902068e-05,3.9117144797907033e-07,3.8229128496616127e-07,6.974725387219981e-06,0.0,Termas de Río Hondo international Airport,Rio Hondo,Argentina,RHD,SANR,-27.4966,-64.93595,South America
2518,1,1,1,1,1.0,0.00010416678970207579,8.600791121421237e-24,3.794015427265341e-22,4.825479264882965e-09,0.00030716589943020244,Conceição do Araguaia Airport,Conceicao Do Araguaia,Brazil,CDJ,SBAA,-8.348349571228027,-49.30149841308594,South America
7369,1,0,1,0,0.0,0.0001356616026266648,-0.0,1.5176061709061364e-21,2.7211274319116837e-11,0.0,Santana do Araguaia Airport,Santana do Araguaia,Brazil,CMP,SNKE,-9.31997013092041,-50.32849884033203,South America
2521,1,1,1,1,1.0,6.845238266373917e-05,3.732332824257349e-07,3.7979089406679453e-07,6.728910424448199e-06,0.0,Araraquara Airport,Araracuara,Brazil,AQA,SBAQ,-21.812000274699997,-48.13299942020001,South America
2522,8,8,13,13,1.0,0.00026157500140256074,4.800272256253339e-05,4.815499088545196e-05,0.000856855099860306,0.00015881826390615729,Santa Maria Airport,Aracaju,Brazil,AJU,SBAR,-10.984000206,-37.0703010559,South America
2590,7,7,13,13,1.0,0.00025556782078548277,6.754330903383834e-05,6.789946013821519e-05,0.0012088134480463559,5.666789564223548e-07,Zumbi dos Palmares Airport,Maceio,Brazil,MCZ,SBMO,-9.510809898376465,-35.79169845581055,South America
2612,18,18,31,30,1.0,0.0006716680564019663,4.514278609420836e-05,4.513689341529082e-05,0.0008127193964883343,0.0003003196653785497,Santos Dumont Airport,Rio De Janeiro,Brazil,SDU,SBRJ,-22.910499572800003,-43.1631011963,South America
2524,1,1,1,1,1.0,7.023021073690282e-05,4.2703858057675874e-07,4.2526159010760456e-07,7.5741845122330975e-06,0.0,Piloto Osvaldo Marques Dias Airport,Alta Floresta,Brazil,AFL,SBAT,-9.8663892746,-56.104999542200005,South America
2548,18,18,33,33,1.0,0.0008970335072131532,7.525595094758822e-05,7.53507876134998e-05,0.0013430197431100412,0.003197929312830395,Marechal Rondon Airport,Cuiaba,Brazil,CGB,SBCY,-15.6528997421,-56.1166992188,South America
2525,2,2,2,2,1.0,8.251367681522943e-05,1.3961144733887085e-05,1.3926620250246836e-05,0.0002482586289044448,7.73205992252206e-05,Araçatuba Airport,Aracatuba,Brazil,ARU,SBAU,-21.1413002014,-50.4247016907,South America
2526,17,17,33,35,1.0,0.0007484996840532988,9.172483335731128e-05,9.293448432893026e-05,0.0016529088709528834,0.0036978195824014844,Val de Cans/Júlio Cezar Ribeiro International Airport,Belem,Brazil,BEL,SBBE,-1.3792500495900002,-48.476299285900005,South America
2566,2,3,3,4,1.5,0.00010848713551613596,1.0876631100393754e-06,1.0736128452480226e-06,1.9377722231737985e-05,0.0009186348728882099,Altamira Airport,Altamira,Brazil,ATM,SBHT,-3.2539100646973,-52.254001617432,South America
2572,5,4,7,6,0.8,0.00016877467858366144,6.994097506298978e-06,7.091368039885991e-06,0.00012648854408889472,4.452183511000128e-05,Prefeito Renato Moreira Airport,Imperatriz,Brazil,IMP,SBIZ,-5.53129,-47.459999,South America
2584,4,8,10,12,2.0,0.00028241374114451265,8.535916236345797e-06,8.972510109029395e-06,0.00015172164179497676,0.001536893647089842,João Correa da Rocha Airport,Maraba,Brazil,MAB,SBMA,-5.36858987808,-49.1380004883,South America
2591,1,1,3,3,1.0,0.00010185049337332774,1.580074138495767e-06,1.5549753073899988e-06,2.7965274605943027e-05,0.0,Alberto Alcolumbre Airport,Macapa,Brazil,MCP,SBMQ,0.0506640002131,-51.0722007751,South America
2616,8,8,15,16,1.0,0.00029881499053666577,5.118238124666259e-05,5.114059493390943e-05,0.0009196821813099523,3.87410284463206e-06,Marechal Cunha Machado International Airport,Sao Luis,Brazil,SLZ,SBSL,-2.585360050201416,-44.23410034179688,South America
4092,5,6,12,13,1.2,0.00037793973173091966,6.5410531108943375e-06,6.005645417310078e-06,0.00012935253387306013,0.0012476013659483906,Maestro Wilson Fonseca Airport,Santarem,Brazil,STM,SBSN,-2.424721956253052,-54.78583145141602,South America
7370,1,0,1,0,0.0,6.532152226020431e-05,-0.0,5.183251024633337e-07,9.32175820198101e-06,0.0,Breves Airport,Breves,Brazil,BVS,SNVS,-1.6365300416946411,-50.44359970092773,South America
7532,4,3,4,4,0.75,0.0001933279115613897,1.922717677843413e-06,1.937160066533224e-06,3.54220895468606e-05,0.0006818222138351691,Carajás Airport,Parauapebas,Brazil,CKS,SBCJ,-6.11527776718,-50.0013885498,South America
2528,11,12,12,13,1.0909090909090908,0.0004818250024348309,1.5112025841103236e-05,1.5076740040451602e-05,0.00026875519571386907,0.003639206586469899,Pampulha - Carlos Drummond de Andrade Airport,Belo Horizonte,Brazil,PLU,SBBH,-19.85120010375977,-43.95059967041016,South America
2570,3,3,3,3,1.0,0.00010954525451199303,1.496768222900094e-05,1.5002763021922987e-05,0.0002674285314433044,3.462520842956014e-05,Usiminas Airport,Ipatinga,Brazil,IPN,SBIP,-19.470699310302997,-42.487598419189,South America
2587,2,2,3,3,1.0,0.00011233224021997391,2.674096533593494e-06,2.8264712391102993e-06,5.028192777433092e-05,0.0,Mário Ribeiro Airport,Montes Claros,Brazil,MOC,SBMK,-16.706899642899998,-43.818901061999995,South America
2613,12,12,19,19,1.0,0.0004121780886409069,5.700823143652605e-05,5.663355054551733e-05,0.0010169739881180832,0.00027668641163533855,Leite Lopes Airport,Ribeirao Preto,Brazil,RAO,SBRP,-21.136388778686523,-47.77666854858398,South America
2615,2,2,3,3,1.0,0.00011681773348820839,5.970573219324858e-07,5.955881171812006e-07,1.068256705126686e-05,0.0,Professor Urbano Ernesto Stumpf Airport,Sao Jose Dos Campos,Brazil,SJK,SBSJ,-23.22920036315918,-45.86149978637695,South America
2633,9,9,15,15,1.0,0.0003275112547183752,4.997130137050341e-05,4.99536895742906e-05,0.00089069091722873,2.2156504934143017e-06,Ten. Cel. Aviador César Bombonato Airport,Uberlandia,Brazil,UDI,SBUL,-18.883612,-48.225277,South America
6039,4,4,6,6,1.0,0.0001611231552871246,2.04177126163666e-05,2.0450426349638254e-05,0.0003639323559276991,3.462520842956014e-05,Vitória da Conquista Airport,Vitória Da Conquista,Brazil,VDC,SBQV,-14.8627996445,-40.8630981445,South America
6735,1,1,1,1,1.0,7.863568050103158e-05,8.544502148569108e-08,8.539609237561277e-08,1.5156981522847405e-06,0.0,Coronel Altino Machado de Oliveira Airport,Governador Valadares,Brazil,GVR,SBGV,-18.89520072937,-41.982200622559,South America
7364,3,3,3,3,1.0,0.00011912205295471656,7.144844541348233e-07,7.202829988452056e-07,1.2828043026223999e-05,8.22015997949385e-07,Cabo Frio Airport,Cabo Frio,Brazil,CFB,SBCB,-22.921699523900003,-42.0742988586,South America
7395,1,1,1,1,1.0,7.863568050103158e-05,4.839842442447551e-10,8.539609237561277e-08,1.5242945102673972e-06,0.0,Romeu Zema Airport,Araxa,Brazil,AAX,SBAX,-19.563199996948,-46.960399627686,South America
8237,2,1,2,1,0.5,0.0001455625195889551,8.544502148569108e-08,8.539882730762225e-08,1.5242945102673972e-06,0.0003065845128697667,Patos de Minas Airport,Patos de Minas,Brazil,POJ,SNPD,-18.67280006408691,-46.4911994934082,South America
2538,10,10,17,17,1.0,0.0004065162973658445,5.800194716056031e-05,5.7573099073257505e-05,0.001033842565812888,0.0006838376598969881,Campo Grande Airport,Campo Grande,Brazil,CGR,SBCG,-20.4687004089,-54.6725006104,South America
2562,11,11,22,21,1.0,0.000455502598593273,5.8604202229734406e-05,6.115371542901483e-05,0.0010489751779327082,0.0005429872787635081,Santa Genoveva Airport,Goiania,Brazil,GYN,SBGO,-16.631999969482422,-49.22069931030274,South America
2569,7,7,9,9,1.0,0.00020552693162733,2.3490218602277475e-05,2.3517245842375708e-05,0.0004187079260793108,0.00038561144530012805,Bahia - Jorge Amado Airport,Ilheus,Brazil,IOS,SBIL,-14.815999984741,-39.03319931030301,South America
2575,6,6,11,11,1.0,0.00022000627132992578,5.798369711916163e-05,5.864855602179141e-05,0.0010435511750473715,1.1199371340413412e-06,Presidente Castro Pinto International Airport,Joao Pessoa,Brazil,JPA,SBJP,-7.145833015440002,-34.9486122131,South America
2604,4,4,5,5,1.0,0.00014594480256199482,8.667257760890113e-06,7.3637614095735825e-06,0.0001552780478481803,2.782798203346631e-05,Senador Nilo Coelho Airport,Petrolina,Brazil,PNZ,SBPL,-9.362409591674805,-40.56909942626953,South America
2607,4,4,9,9,1.0,0.00026890826238831035,7.908855153634472e-06,8.175842138385785e-06,0.00014571670607387116,1.8072686986443308e-06,Governador Jorge Teixeira de Oliveira Airport,Porto Velho,Brazil,PVH,SBPV,-8.70928955078125,-63.90230178833008,South America
2609,3,3,5,5,1.0,0.0002022419418767015,4.686238670591848e-06,4.665353286966146e-06,8.320083897645744e-05,0.0006134597190197513,Plácido de Castro Airport,Rio Branco,Brazil,RBR,SBRB,-9.868888854980469,-67.89805603027344,South America
2618,26,26,47,47,1.0,0.0009992375807637828,4.059882013779187e-05,4.0972049520843243e-05,0.0007450220169607534,0.00010590275728814179,Congonhas Airport,Sao Paulo,Brazil,CGH,SBSP,-23.626110076904297,-46.65638732910156,South America
2619,6,6,8,8,1.0,0.00019668607740777724,1.787997975626927e-05,1.783564882100555e-05,0.00031801792834706527,0.0003839049828631416,Prof. Eribelto Manoel Reino State Airport,Sao Jose Do Rio Preto,Brazil,SJP,SBSR,-20.8166007996,-49.40650177,South America
2623,6,6,10,10,1.0,0.00020577308574208606,3.63347935874226e-05,3.625509793892399e-05,0.0006458112296835457,1.8320573110090395e-05,Senador Petrônio Portela Airport,Teresina,Brazil,THE,SBTE,-5.0599398613,-42.8235015869,South America
2638,9,9,16,16,1.0,0.00032565570583917655,5.1282887314543985e-05,5.185060332690946e-05,0.000923085079705067,0.0003974938465594672,Eurico de Aguiar Salles Airport,Vitoria,Brazil,VIX,SBVT,-20.258057,-40.286388,South America
4214,3,3,7,7,1.0,0.00019201814487666504,7.610739324966713e-06,7.55355865593849e-06,0.00013465043096098122,6.921268576615647e-09,Brigadeiro Lysias Rodrigues Airport,Palmas,Brazil,PMW,SBPJ,-10.2915000916,-48.3569984436,South America
6034,5,5,5,5,1.0,0.00012933353848746382,1.8645198546992793e-05,1.8603218702055196e-05,0.00033133840326886945,0.00011058096338613161,Orlando Bezerra de Menezes Airport,Juazeiro Do Norte,Brazil,JDO,SBJU,-7.21895980835,-39.2700996399,South America
7367,2,2,3,3,1.0,0.00011076350929352345,3.1507861747220617e-06,3.1384332070325326e-06,5.592569842797842e-05,0.0,Presidente João Batista Figueiredo Airport,Sinop,Brazil,OPS,SWSI,-11.885000228881836,-55.58610916137695,South America
7373,2,2,6,6,1.0,0.00015071531104885542,1.234015742807129e-05,1.2311393408167238e-05,0.00021883581269493139,0.0,Barreiras Airport,Barreiras,Brazil,BRA,SNBR,-12.078900337219238,-45.00899887084961,South America
7376,3,3,4,4,1.0,0.000131234510179973,2.4331764645444487e-06,2.422159975146212e-06,4.315168377432901e-05,0.002095381309563184,Araguaína Airport,Araguaina,Brazil,AUX,SWGN,-7.227869999999999,-48.240501,South America
2533,1,1,3,3,1.0,0.00012014674277235852,2.972161638360786e-06,3.4069119961061987e-06,6.0751608738561066e-05,0.0,Atlas Brasil Cantanhede Airport,Boa Vista,Brazil,BVB,SBBV,2.8413889408099995,-60.69222259520001,South America
2535,3,3,3,3,1.0,0.00010043859778025472,1.5016172991097194e-05,1.4446560557994857e-05,0.0002653337474798725,0.00014879292648340252,Cascavel Airport,Cascavel,Brazil,CAC,SBCA,-25.0002994537,-53.5008010864,South America
2577,2,2,2,2,1.0,8.109795015482429e-05,1.858409740056899e-06,3.1864253492724202e-06,5.742675424553371e-05,4.6572618289128765e-06,Presidente João Suassuna Airport,Campina Grande,Brazil,CPV,SBKG,-7.26992,-35.8964,South America
2635,4,4,4,4,1.0,0.00011797835904416633,1.553857506477034e-05,1.5579539147788356e-05,0.00027766495038316177,0.0002776344428905414,Mário de Almeida Franco Airport,Uberaba,Brazil,UBA,SBUR,-19.764722824097,-47.966110229492,South America
4209,6,6,10,11,1.0,0.00021873202738269165,3.684772151254343e-05,3.5701352542568003e-05,0.0006604417180940662,2.418382509919968e-06,Porto Seguro Airport,Porto Seguro,Brazil,BPS,SBPS,-16.438601000000002,-39.080898,South America
8180,2,2,2,2,1.0,8.530066252321034e-05,1.6675590384796364e-06,1.7503284674341275e-06,3.111202523547129e-05,2.5146232766744248e-06,Zona da Mata Regional Airport,Juiz de Fora,Brazil,IZA,SDZY,-21.5130558014,-43.1730575562,South America
2544,1,1,1,1,1.0,6.743415949559322e-05,3.2628636390317157e-07,3.277614589710848e-07,5.830527687483432e-06,0.0,Corumbá International Airport,Corumba,Brazil,CMG,SBCR,-19.0119438171,-57.6713905334,South America
2586,8,8,10,10,1.0,0.00023785333363817088,1.913045710123267e-05,1.792250202841493e-05,0.00034304713478121757,0.0005350105577468869,Regional de Maringá - Sílvio Nane Junior Airport,Maringa,Brazil,MGF,SBMG,-23.4794445038,-52.01222229,South America
7380,3,3,3,3,1.0,0.00010289079960718007,1.4287431097790257e-05,1.425438170921793e-05,0.0002540891565919282,0.00010905318649714175,Dourados Airport,Dourados,Brazil,DOU,SSDO,-22.2019,-54.926601,South America
2539,4,4,5,5,1.0,0.00014469154295247314,3.1583482056669687e-06,3.0482749544754875e-06,6.237702173573137e-05,2.0731973930103195e-06,Serafin Enoss Bertaso Airport,Chapeco,Brazil,XAP,SBCH,-27.134199142456,-52.656600952148,South America
2541,2,2,2,2,1.0,8.802467658731441e-05,8.19080137105609e-07,8.192085298065178e-07,1.4677009013330504e-05,0.0,Diomício Freitas Airport,Criciuma,Brazil,CCM,SBCM,-28.724443435700003,-49.4213905334,South America
2543,3,3,3,4,1.0,0.00011124757496717722,8.105371258096292e-07,5.499066964257048e-07,1.4462854357964873e-05,1.0178338584254066e-06,Bartolomeu Lisandro Airport,Campos,Brazil,CAW,SBCP,-21.698299408,-41.301700592,South America
6037,3,3,4,4,1.0,0.00013032271246612453,8.879620914390469e-07,8.945631587420963e-07,1.5977342443352154e-05,3.10273916327211e-05,Macaé Airport,Macaé,Brazil,MEA,SBME,-22.343000412,-41.7659988403,South America
2547,3,3,3,3,1.0,0.00010451322678931346,1.66046410081474e-06,1.1291498536409456e-06,2.8005623026320933e-05,5.051090422317301e-06,Hugo Cantergiani Regional Airport,Caxias Do Sul,Brazil,CXJ,SBCX,-29.197099685700003,-51.1875,South America
2554,7,7,12,12,1.0,0.0002475580394662103,6.440070864468668e-05,6.375844022039712e-05,0.0011574300396902804,1.698727613820376e-05,Cataratas International Airport,Foz Do Iguacu,Brazil,IGU,SBFI,-25.60027885437012,-54.48500061035156,South America
2581,7,7,12,11,1.0,0.0002671691122167485,3.25455505406244e-05,3.1815121937100966e-05,0.0005816025349157635,2.4799685853344627e-06,Governador José Richa Airport,Londrina,Brazil,LDB,SBLO,-23.3335990906,-51.1301002502,South America
7383,1,1,1,1,1.0,6.498195766866787e-05,1.0550282572101107e-06,5.199403077480155e-07,1.7075118575427717e-05,0.0,Tancredo Thomas de Faria Airport,Guarapuava,Brazil,GPB,SBGU,-25.3875007629,-51.520198822,South America
8244,2,2,2,2,1.0,0.00011591246457380146,1.0575555248793003e-06,5.225200412061877e-07,1.712126185748602e-05,3.981597390391622e-06,Caçador Airport,Cacador,Brazil,CFC,SBCD,-26.78840065,-50.9398002625,South America
2637,1,1,1,1,1.0,7.023021073690282e-05,4.2703858057675874e-07,4.2526159010760456e-07,7.5741845122330975e-06,0.0,Brigadeiro Camarão Airport,Vilhena,Brazil,BVH,SBVH,-12.694399833678998,-60.098300933838,South America
6073,1,1,2,2,1.0,9.340338477016304e-05,8.540771611535175e-07,8.505231802152091e-07,1.5148369024466195e-05,0.0,Ji-Paraná Airport,Ji-Paraná,Brazil,JPR,SWJI,-10.8708000183,-61.8465003967,South America
7382,1,1,1,1,1.0,7.023021073690282e-05,4.2703858057675874e-07,4.2526159010760456e-07,7.5741845122330975e-06,0.0,Maestro Marinho Franco Airport,Rondonopolis,Brazil,ROO,SWRD,-16.586,-54.7248,South America
9771,1,1,1,1,1.0,7.023021073690282e-05,4.2703858057675874e-07,4.2526159010760456e-07,7.5741845122330975e-06,0.0,Cacoal Airport,Cacoal,Brazil,OAL,SSKW,-11.496,-61.4508,South America
2549,1,1,1,1,1.0,8.149952861648708e-05,2.6440146263291368e-08,2.64813251787616e-08,4.692106188866908e-07,0.0,Cruzeiro do Sul Airport,Cruzeiro do Sul,Brazil,CZS,SBCZ,-7.59990978241,-72.7695007324,South America
2550,2,2,2,2,1.0,8.65883058242882e-05,6.054358436046292e-07,6.092095458929292e-07,1.093050445089322e-05,1.9870087536495515e-06,Presidente Prudente Airport,President Prudente,Brazil,PPB,SBDN,-22.1751003265,-51.4245986938,South America
2624,5,5,5,5,1.0,0.0005420925160354947,9.908474752861066e-07,1.1357828276545477e-06,2.0253112616185336e-05,0.0024526761029581338,Tefé Airport,Tefe,Brazil,TFF,SBTF,-3.38294005394,-64.7240982056,South America
2628,1,1,1,1,1.0,7.142027205988123e-05,9.907205461202618e-07,1.1356373320353989e-06,2.0250536246187026e-05,0.0,Tabatinga Airport,Tabatinga,Brazil,TBT,SBTT,-4.2556700706482,-69.93579864502,South America
7372,1,1,1,1,1.0,7.142027205988123e-05,9.907205461202618e-07,1.1356373320353989e-06,2.0250536246187026e-05,0.0,Parintins Airport,Parintins,Brazil,PIN,SWPI,-2.6730198860168457,-56.777198791503906,South America
7398,1,1,1,1,1.0,7.142027205988123e-05,9.907205461202618e-07,1.1356373320353989e-06,2.0250536246187026e-05,0.0,Coari Airport,Coari,Brazil,CIZ,SWKO,-4.1340599060058585,-63.13259887695313,South America
7399,1,1,1,1,1.0,7.142027205988123e-05,9.907205461202618e-07,1.1356373320353989e-06,2.0250536246187026e-05,0.0,Barcelos Airport,Barcelos,Brazil,BAZ,SWBC,-0.981292,-62.919601,South America
7384,3,3,3,3,1.0,0.00017920292369404223,4.5651970246579283e-07,4.459353745658694e-07,8.18214143212186e-06,6.428787433768779e-06,Santa Terezinha Airport,Joacaba,Brazil,JCB,SSJA,-27.1714000702,-51.5532989502,South America
2556,2,2,3,3,1.0,9.286246698356391e-05,3.761439416471633e-06,3.760577232836475e-06,6.661115354858996e-05,0.0,Fernando de Noronha Airport,Fernando Do Noronha,Brazil,FEN,SBFN,-3.85493,-32.423302,South America
2595,5,5,7,7,1.0,0.00016521925917920658,3.5841942729551397e-05,3.64458390984554e-05,0.0006494594488875151,5.385826893958798e-05,Ministro Victor Konder International Airport,Navegantes,Brazil,NVT,SBNF,-26.879999,-48.651402,South America
2576,4,4,5,5,1.0,0.0001379551746128857,1.526394281291625e-05,1.5655166035080326e-05,0.00027933861251542566,0.00011380882985014183,Lauro Carneiro de Loyola Airport,Joinville,Brazil,JOI,SBJV,-26.22450065612793,-48.797401428222656,South America
2602,4,4,5,5,1.0,0.00018409567472531049,1.564564219595324e-05,1.6466578842722775e-05,0.0002937497085209774,0.0005448555688495672,Lauro Kurtz Airport,Passo Fundo,Brazil,PFB,SBPF,-28.243999,-52.326599,South America
2759,7,6,9,8,0.8571428571428571,0.00033078661523905145,3.0851656601670845e-06,1.664113309846132e-05,0.00031255981131868553,0.001909984926589314,Jorge Wilsterman International Airport,Cochabamba,Bolivia,CBB,SLCB,-17.421100616455078,-66.17710113525389,South America
4305,2,2,4,4,1.0,0.0001083156924185556,2.915487750314461e-05,2.9054626578381875e-05,0.0005180850303261916,0.0,Guarani International Airport,Ciudad del Este,Paraguay,AGT,SGES,-25.454516,-54.842682,South America
8259,2,0,2,0,0.0,9.50196354944728e-05,-0.0,4.310888308160108e-08,8.387554923765415e-07,0.0,Oriximiná Airport,Oriximina,Brazil,ORX,SNOX,-1.714079976081848,-55.83620071411133,South America
2568,1,1,2,2,1.0,9.685929210238249e-05,6.80720766346955e-08,7.392528064271242e-08,1.4589517557611704e-06,0.0,Itaituba Airport,Itaituba,Brazil,ITB,SBIH,-4.2423400878906,-56.00070190429699,South America
4215,2,2,2,2,1.0,8.65883058242882e-05,6.054358436046292e-07,6.092095458929292e-07,1.093050445089322e-05,1.9870087536495515e-06,Nelson Ribeiro Guimarães Airport,Caldas Novas,Brazil,CLV,SBCN,-17.725299835205,-48.607498168945,South America
6038,2,2,2,2,1.0,0.00010580464172500184,3.766979443449963e-07,3.832244061854397e-07,6.790768907580376e-06,0.0,Frank Miloye Milenkowichi–Marília State Airport,Marília,Brazil,MII,SBML,-22.1968994141,-49.926399231000005,South America
7394,1,1,1,1,1.0,6.845238266373917e-05,3.732332824257349e-07,3.7979089406679453e-07,6.728910424448199e-06,0.0,General Leite de Castro Airport,Rio Verde,Brazil,RVD,SWLC,-17.8347225189209,-50.95611190795898,South America
8238,3,3,3,3,1.0,0.000131618124339374,6.076077068544101e-07,6.113382169785427e-07,1.0968801367011619e-05,2.1808042737947897e-06,Bauru - Arealva Airport,Bauru,Brazil,JTC,SJTC,-22.1668591409,-49.0502866745,South America
8242,1,1,1,1,1.0,6.845238266373917e-05,3.732332824257349e-07,3.7979089406679453e-07,6.728910424448199e-06,0.0,Bonito Airport,Bointo,Brazil,BYO,SJDB,-21.247299,-56.452499,South America
2582,1,1,1,1,1.0,6.424967029535312e-05,6.7193680636103415e-25,1.8158877759050897e-06,3.235038488758746e-05,0.0003068752061499846,Bom Jesus da Lapa Airport,Bom Jesus Da Lapa,Brazil,LAZ,SBLP,-13.2621002197,-43.4081001282,South America
7407,1,1,1,1,1.0,0.00010171809064585724,1.8166767957885524e-06,1.1856298210204192e-22,3.235038488758746e-05,0.0003065845128697667,Guanambi Airport,Guanambi,Brazil,GNM,SNGI,-14.208200454711914,-42.74610137939453,South America
2629,1,1,1,1,1.0,6.710509478905439e-05,5.26691379498589e-07,4.823535236731601e-08,1.0177390533779134e-05,6.524263064934585e-06,Tucuruí Airport,Tucurui,Brazil,TUR,SBTU,-3.7860100269318,-49.72029876709001,South America
8239,2,1,2,1,0.5,0.00010710446518527155,1.0978545962990294e-08,4.8236897173464923e-08,1.0554273000860522e-06,0.00030668141062983927,Ourilândia do Norte Airport,Ourilandia do Norte,Brazil,OIA,SDOW,-6.763100147250001,-51.0499000549,South America
8240,1,1,1,1,1.0,6.710509478905439e-05,2.150197780355309e-24,4.823535236731601e-08,8.556595430724441e-07,0.0006141380033402596,Redenção Airport,Redencao,Brazil,RDC,SNDC,-8.033289909362793,-49.97990036010742,South America
2596,2,2,2,2,1.0,0.0001530224915243685,8.528124710686146e-07,9.476209521901222e-09,2.30619271373549e-05,0.0006130721279794607,Santo Ângelo Airport,Santo Angelo,Brazil,GEL,SBNM,-28.2817,-54.169102,South America
6040,3,3,4,4,1.0,0.00023280292935308797,1.6768933214374205e-06,2.544317577509659e-06,4.548509506318986e-05,0.0006134597190197512,Santa Maria Airport,Santa Maria,Brazil,RIA,SBSM,-29.711399,-53.688202,South America
2603,1,1,1,3,1.0,6.62266881802008e-05,2.5151788700141246e-06,1.269708481181228e-06,6.803038667427251e-05,0.0,João Simões Lopes Neto International Airport,Pelotas,Brazil,PET,SBPK,-31.718399,-52.327702,South America
6069,1,1,1,1,1.0,6.62266881802008e-05,5.3704907296226556e-11,1.269708481181228e-06,2.280685295170691e-05,0.0003066814106298393,Santa Rosa Airport,Santa Rosa,Brazil,SRA,SSZR,-27.9067,-54.520401,South America
6477,3,2,3,2,0.6666666666666666,0.00014854616210986188,9.584897907611588e-08,1.3606997036276777e-06,2.437959237786306e-05,4.5346994829246565e-05,Erechim Airport,Erechim,Brazil,ERM,SSER,-27.66189956665039,-52.2682991027832,South America
2631,1,1,1,1,1.0,6.424967029535312e-05,1.8166767957885524e-06,1.8158877759050897e-06,3.216794149479824e-05,0.0,Paulo Afonso Airport,Paulo Alfonso,Brazil,PAV,SBUF,-9.4008798599243,-38.250598907471,South America
6036,1,1,1,1,1.0,6.424967029535312e-05,1.8166767957885524e-06,1.8158877759050897e-06,3.216794149479824e-05,0.0,Coronel Horácio de Mattos Airport,Lençóis,Brazil,LEC,SBLE,-12.4822998047,-41.2770004272,South America
2622,1,1,1,1,1.0,7.195816440301253e-05,3.403603831734775e-08,3.696264032135621e-08,7.294758778805852e-07,0.0,Trombetas Airport,Oriximina,Brazil,TMT,SBTB,-1.489599943161,-56.396800994873,South America
2630,1,1,1,1,1.0,0.000146986836310169,6.436868172538637e-09,5.5991502012572816e-09,1.1421614665072243e-07,0.0,São Gabriel da Cachoeira Airport,Sao Gabriel,Brazil,SJL,SBUA,-0.14835,-66.9855,South America
8247,1,1,1,1,1.0,0.000146986836310169,6.436868172538637e-09,5.5991502012572816e-09,1.1421614665072243e-07,0.0,Eirunepé Airport,Eirunepe,Brazil,ERN,SWEI,-6.6395301818847665,-69.87979888916016,South America
8256,1,1,1,1,1.0,0.000146986836310169,6.436868172538637e-09,5.5991502012572816e-09,1.1421614665072243e-07,0.0,Senadora Eunice Micheles Airport,Sao Paulo de Olivenca,Brazil,OLC,SDCG,-3.46792950765,-68.9204120636,South America
8258,1,1,1,1,1.0,0.000146986836310169,6.436868172538637e-09,5.5991502012572816e-09,1.1421614665072243e-07,0.0,Tapuruquara Airport,Santa Isabel do Rio Negro,Brazil,IRZ,SWTP,-0.3786,-64.9923,South America
2632,1,1,1,1,1.0,9.665341411128956e-05,1.4419514397239844e-08,9.475906042456603e-09,2.565126275417755e-07,0.0,Rubem Berta Airport,Uruguaiana,Brazil,URG,SBUG,-29.7821998596,-57.0382003784,South America
2641,3,4,4,5,1.3333333333333333,0.00013899094712800064,7.126752753664967e-06,6.531019217373293e-06,0.00012650419635960386,0.0002867750328808148,Chacalluta Airport,Arica,Chile,ARI,SCAR,-18.348499,-70.338699,South America
2649,5,5,10,9,1.0,0.0002590611729377648,2.008748301137967e-05,2.0267004861902165e-05,0.00036722319927210453,8.177882897641254e-06,Diego Aracena Airport,Iquique,Chile,IQQ,SCDA,-20.535200119018555,-70.18129730224611,South America
2651,6,5,11,11,0.8333333333333334,0.00028850572206690447,2.805270292292379e-05,3.4095527588009845e-05,0.0004992043014435202,0.00023259324503021277,Andrés Sabella Gálvez International Airport,Antofagasta,Chile,ANF,SCFA,-23.444501,-70.445099,South America
2762,16,16,25,26,1.0,0.0007719761201108355,4.294020126210686e-05,0.00011810161394956725,0.002146666882331494,0.005571177616216567,El Alto International Airport,La Paz,Bolivia,LPB,SLLP,-16.513299942016598,-68.19229888916016,South America
2642,3,3,4,4,1.0,0.00015662846014995955,6.2812771432200855e-06,6.339000502191952e-06,0.00011240093511384418,0.0007006083488171794,Balmaceda Airport,Balmaceda,Chile,BBA,SCBA,-45.91609954833984,-71.68949890136719,South America
2665,5,5,10,10,1.0,0.00035487750312942107,1.8354705325623598e-05,1.856955497677098e-05,0.0003291809927292674,0.0006136696641665753,El Tepual Airport,Puerto Montt,Chile,PMC,SCTE,-41.43889999389648,-73.09400177001953,South America
2645,4,4,7,6,1.0,0.00020854764900276349,1.2475079701745822e-05,1.2651921433348975e-05,0.00022145183476215434,8.4109308072705e-06,El Loa Airport,Calama,Chile,CJC,SCCF,-22.498199462890625,-68.90360260009766,South America
2662,4,4,7,7,1.0,0.00021535596064710174,1.266833542711355e-05,1.2649737307415217e-05,0.00022423574908249515,2.626069729504313e-07,La Florida Airport,La Serena,Chile,LSC,SCSE,-29.916201,-71.199501,South America
4312,3,3,4,4,1.0,0.00013782398016558487,1.2212352455431093e-05,1.2264774604453728e-05,0.0002173948006008058,9.689776007261906e-08,Chamonate Airport,Copiapo,Chile,,SCHA,-27.296899795500003,-70.4131011963,South America
2656,4,4,5,6,1.0,0.00019896186346095123,1.8278553200888906e-05,1.2329502382051714e-05,0.0003260203444431618,0.0004089431800837883,Carriel Sur Airport,Concepcion,Chile,CCP,SCIE,-36.772701,-73.063103,South America
2657,2,2,2,2,1.0,0.00010335429145870537,8.639204456732155e-06,8.731108741309495e-06,0.00015453230719987153,0.0007198090487518804,Mataveri Airport,Easter Island,Chile,IPC,SCIP,-27.1648006439,-109.42199707,South America
2658,1,1,1,1,1.0,6.450406272235875e-05,5.853968124351543e-10,6.061346218008283e-06,0.0001080603789415592,0.00030648761510969406,Cañal Bajo Carlos - Hott Siebert Airport,Osorno,Chile,ZOS,SCJO,-40.61119842529297,-73.06099700927734,South America
2664,2,2,3,3,1.0,0.00011020423278212846,1.2138834826566232e-05,1.222598216262556e-05,0.00021671992648979998,0.0,Maquehue Airport,Temuco,Chile,PZS,SCTC,-38.766799926758,-72.637100219727,South America
2667,2,2,2,2,1.0,0.00013021387822816162,6.104355158217223e-06,1.0329303461023577e-07,0.0001098886939753578,0.0008165371479785989,Pichoy Airport,Valdivia,Chile,ZAL,SCVD,-39.6500015259,-73.08609771729999,South America
9774,1,1,1,1,1.0,7.735131870738096e-05,1.0523999350740226e-07,1.0372005236061236e-07,1.8564500130583987e-06,0.0,Mocopulli Airport,Castro,Chile,MHC,SCPQ,-42.340388,-73.715693,South America
2670,2,2,3,3,1.0,0.000129124897515075,5.631819107522312e-06,4.620138226975481e-06,9.78808006988212e-05,3.4837341609537114e-07,Francisco De Orellana Airport,Coca,Ecuador,OCC,SECO,-0.4628860056400299,-76.98680114746094,South America
2678,2,2,2,2,1.0,0.00010210941296641613,2.1351473360745616e-06,2.5520930359767246e-06,4.5361661037972646e-05,0.00011121710441601596,Cotopaxi International Airport,Latacunga,Ecuador,LTX,SELT,-0.906833,-78.615799,South America
2671,2,2,3,3,1.0,0.00010407391468998457,7.726318965911441e-06,7.12834114584483e-06,0.0001424346299990309,0.0,Mariscal Lamar Airport,Cuenca,Ecuador,CUE,SECU,-2.88947,-78.984398,South America
2672,1,1,2,2,1.0,8.38511670352512e-05,4.217926877916205e-06,5.0405367174849555e-06,8.961930944220707e-05,0.0,Seymour Airport,Galapagos,Ecuador,GPS,SEGS,-0.4537580013275146,-90.26589965820312,South America
6045,1,1,4,4,1.0,0.0001206452973668598,8.43585375583241e-06,1.0081073434969911e-05,0.00017923861888441414,0.0,San Cristóbal Airport,San Cristóbal,Ecuador,SCY,SEST,-0.910206,-89.617401,South America
6046,2,2,2,2,1.0,8.476400827971573e-05,4.917641202434773e-06,4.824304752293647e-06,9.362214236006722e-05,1.6141363429546684e-06,Camilo Ponce Enriquez Airport,La Toma (Catamayo),Ecuador,LOH,SETM,-3.99589,-79.371902,South America
6047,3,3,3,3,1.0,0.00010164812727473139,6.582815871976542e-06,6.6446778732930274e-06,0.0001260774563865141,3.9608658612502e-06,General Rivadeneira Airport,Esmeraldas,Ecuador,ESM,SETN,0.9785190224647522,-79.62660217285156,South America
2680,1,1,1,1,1.0,6.636694311391142e-05,-5.375494450888273e-24,2.3040363935511767e-06,4.9089330660065935e-05,0.0003068752061499846,Coronel E Carvajal Airport,Macas,Ecuador,XMS,SEMC,-2.299170017242432,-78.12079620361328,South America
10792,1,1,1,1,1.0,0.0001035275850361855,2.80867776347667e-06,-9.485038568163353e-22,4.9089330660065935e-05,0.0003065845128697668,Jumandy Airport,Tena,Ecuador,TNW,SEJD,-1.0597219999999998,-77.583333,South America
2683,1,1,1,1,1.0,6.636694311391142e-05,2.80867776347667e-06,2.3040363935511767e-06,4.8812487638963686e-05,0.0,Eloy Alfaro International Airport,Manta,Ecuador,MEC,SEMT,-0.9460780024528505,-80.67880249023438,South America
2690,1,1,1,1,1.0,6.636694311391142e-05,2.80867776347667e-06,2.3040363935511767e-06,4.8812487638963686e-05,0.0,Santa Rosa International Airport,Santa Rosa,Ecuador,ETR,SERO,-3.441986,-79.996957,South America
2697,1,0,1,0,0.0,6.636694311391142e-05,-0.0,2.3040363935511767e-06,4.8812487638963686e-05,0.0,Teniente Coronel Luis a Mantilla Airport,Tulcan,Ecuador,TUA,SETU,0.8095059990882874,-77.70809936523438,South America
2705,2,2,2,2,1.0,7.645789210903097e-05,3.1355698883849603e-05,3.1301153025040214e-05,0.000557868898033835,9.765778076594169e-05,El Eden Airport,Armenia,Colombia,AXM,SKAR,4.452780000000001,-75.7664,South America
2706,3,3,4,4,1.0,0.0001744679155861323,2.138351077107587e-05,2.1503540401753305e-05,0.0003829789092627707,0.0006134597190197513,Tres De Mayo Airport,Puerto Asis,Colombia,PUU,SKAS,0.505228,-76.5008,South America
6051,1,1,1,1,1.0,8.412131048405453e-05,1.21867888331064e-07,1.208354379698682e-07,2.159817001789502e-06,0.0,Caucaya Airport,Puerto Leguízamo,Colombia,LQM,SKLG,-0.182278,-74.7708,South America
2712,1,1,2,2,1.0,8.587680725878914e-05,1.9717651285946256e-05,1.968247862116858e-05,0.0003505114152865255,0.0,Gerardo Tobar López Airport,Buenaventura,Colombia,BUN,SKBU,3.81963,-76.9898,South America
2717,1,1,2,2,1.0,8.587680725878914e-05,1.9717651285946256e-05,1.968247862116858e-05,0.0003505114152865255,0.0,Las Brujas Airport,Corozal,Colombia,CZU,SKCZ,9.33274,-75.2856,South America
2718,1,1,1,1,1.0,6.646692198121587e-05,9.858825642973128e-06,9.84123931058429e-06,0.00017525570764326276,0.0,Yariguíes Airport,Barrancabermeja,Colombia,EJA,SKEJ,7.02433,-73.8068,South America
2719,1,1,2,2,1.0,8.587680725878914e-05,1.9717651285946256e-05,1.968247862116858e-05,0.0003505114152865255,0.0,Gustavo Artunduaga Paredes Airport,Florencia,Colombia,FLA,SKFL,1.58919,-75.5644,South America
2724,2,2,3,3,1.0,0.00012286825537526864,1.9778966871735984e-05,1.9743737272536598e-05,0.00035159788360964974,0.0,Perales Airport,Ibague,Colombia,IBE,SKIB,4.42161,-75.1333,South America
2725,1,1,1,1,1.0,6.646692198121587e-05,9.858825642973128e-06,9.84123931058429e-06,0.00017525570764326276,0.0,San Luis Airport,Ipiales,Colombia,IPI,SKIP,0.861925,-77.6718,South America
2726,2,2,4,4,1.0,0.00017744126633065433,1.0042772400342314e-05,1.0025015264688337e-05,0.0001785151126126355,0.0,Antonio Roldan Betancourt Airport,Carepa,Colombia,APO,SKLC,7.811960000000001,-76.7164,South America
2728,2,2,4,4,1.0,0.0001775777873095946,2.957742415790009e-05,2.952466347105124e-05,0.0005257838445936632,0.0006134597190197513,Alfredo Vásquez Cobo International Airport,Leticia,Colombia,LET,SKLT,-4.19355,-69.9432,South America
2729,8,8,11,11,1.0,0.00046910742135377746,1.0840570062536055e-05,1.0819110713601453e-05,0.00019265288033430854,0.0018765012760704606,Enrique Olaya Herrera Airport,Medellin,Colombia,EOH,SKMD,6.220549,-75.590582,South America
2731,2,2,3,3,1.0,0.00012286825537526864,1.9778966871735984e-05,1.9743737272536598e-05,0.00035159788360964974,0.0,Los Garzones Airport,Monteria,Colombia,MTR,SKMR,8.823739999999999,-75.8258,South America
2732,2,2,3,3,1.0,0.00012538158328705633,1.0197321413043988e-05,1.0179351963923654e-05,0.00018125389437301289,0.0001532680319948652,Fabio Alberto Leon Bentley Airport,Mitu,Colombia,MVP,SKMU,1.25366,-70.2339,South America
2733,1,1,1,1,1.0,6.646692198121587e-05,9.858825642973128e-06,9.84123931058429e-06,0.00017525570764326276,0.0,La Nubia Airport,Manizales,Colombia,MZL,SKMZ,5.0296,-75.4647,South America
2734,1,1,2,2,1.0,8.587680725878914e-05,1.9717651285946256e-05,1.968247862116858e-05,0.0003505114152865255,0.0,Benito Salas Airport,Neiva,Colombia,NVA,SKNV,2.95015,-75.294,South America
2738,2,2,3,3,1.0,0.00011533413791170937,1.9886899170981686e-05,1.985153494783826e-05,0.00035351050865140054,0.0001532680319948652,German Olano Airport,Puerto Carreno,Colombia,PCR,SKPC,6.18472,-67.4932,South America
2741,1,1,1,1,1.0,6.646692198121587e-05,9.858825642973128e-06,9.84123931058429e-06,0.00017525570764326276,0.0,Guillermo León Valencia Airport,Popayan,Colombia,PPN,SKPP,2.4544,-76.6093,South America
2742,2,2,3,3,1.0,0.0001027609262538048,2.1382825955488028e-05,2.150285174216798e-05,0.00038296672931297237,0.0,Antonio Narino Airport,Pasto,Colombia,PSO,SKPS,1.39625,-77.2915,South America
2746,1,1,1,1,1.0,6.646692198121587e-05,9.858825642973128e-06,9.84123931058429e-06,0.00017525570764326276,0.0,Almirante Padilla Airport,Rio Hacha,Colombia,RCH,SKRH,11.5262,-72.926,South America
2747,1,1,2,2,1.0,8.587680725878914e-05,1.9717651285946256e-05,1.968247862116858e-05,0.0003505114152865255,0.0,Jorge E. Gonzalez Torres Airport,San Jose Del Guaviare,Colombia,SJE,SKSJ,2.5796900000000003,-72.6394,South America
2748,2,2,4,4,1.0,0.00011940058632536183,3.217212821403903e-05,3.212580586350022e-05,0.0005720102484902374,0.0,Simón Bolívar International Airport,Santa Marta,Colombia,SMR,SKSM,11.1196,-74.2306,South America
2750,2,2,2,2,1.0,0.00016750580008383323,9.859141385966697e-06,9.84155449035041e-06,0.00017526128153122104,0.0006134597190197513,Eduardo Falla Solano Airport,San Vincente De Caguan,Colombia,SVI,SKSV,2.15217,-74.7663,South America
2751,2,2,2,2,1.0,0.00011570223130328902,9.914916827648677e-06,9.89726721592359e-06,0.00017624967258117385,0.0,Gustavo Vargas Airport,Tame,Colombia,TME,SKTM,6.45108,-71.7603,South America
2752,1,1,2,2,1.0,8.587680725878914e-05,1.9717651285946256e-05,1.968247862116858e-05,0.0003505114152865255,0.0,Santiago Perez Airport,Arauca,Colombia,AUC,SKUC,7.06888,-70.7369,South America
2753,3,3,6,6,1.0,0.0001961537077643371,3.136428277004061e-05,3.1466608355488286e-05,0.0005603953736024836,9.745678561149956e-07,El Caraño Airport,Quibdo,Colombia,UIB,SKUI,5.69076,-76.6412,South America
2755,1,1,2,2,1.0,8.587680725878914e-05,1.9717651285946256e-05,1.968247862116858e-05,0.0003505114152865255,0.0,Alfonso López Pumarejo Airport,Valledupar,Colombia,VUP,SKVP,10.435,-73.2495,South America
2756,4,4,7,7,1.0,0.0002418709217469447,2.991686746036387e-05,2.9863721966559922e-05,0.0005317987583055264,3.8759104029047624e-07,Vanguardia Airport,Villavicencio,Colombia,VVC,SKVV,4.16787,-73.6138,South America
6054,2,2,3,3,1.0,0.00011533413791170937,1.9886899170981686e-05,1.985153494783826e-05,0.00035351050865140054,0.0001532680319948652,Obando Airport,Puerto Inírida,Colombia,PDA,SKPD,3.85353,-67.9062,South America
6055,1,1,2,2,1.0,8.587680725878914e-05,1.9717651285946256e-05,1.968247862116858e-05,0.0003505114152865255,0.0,El Yopal Airport,Yopal,Colombia,EYP,SKYP,5.31911,-72.384,South America
7355,2,2,2,2,1.0,0.00011570223130328902,9.914916827648677e-06,9.897267215923597e-06,0.00017624967258117385,0.0,Los Colonizadores Airport,Saravena,Colombia,RVE,SKSA,6.951867999999999,-71.857179,South America
7359,1,1,1,1,1.0,6.646692198121587e-05,9.858825642973128e-06,9.84123931058429e-06,0.00017525570764326276,0.0,Villa Garzón Airport,Villa Garzon,Colombia,VGZ,SKVG,0.978767,-76.6056,South America
2711,1,1,1,1,1.0,8.404848482012208e-05,6.131558578972862e-08,6.125865136801466e-08,1.0864683231242443e-06,0.0,José Celestino Mutis Airport,Bahia Solano,Colombia,BSC,SKBS,6.20292,-77.3947,South America
2716,1,1,1,1,1.0,6.394115569865826e-05,1.6651746695417693e-06,1.820373120999386e-06,3.24553140264469e-05,0.0,La Florida Airport,Tumaco,Colombia,TCO,SKCO,1.81442,-78.7492,South America
2722,1,1,2,2,1.0,8.082527469367392e-05,3.3303493390835387e-06,3.640746241998772e-06,6.49106280528938e-05,0.0,Juan Casiano Airport,Guapi,Colombia,GPI,SKGP,2.57013,-77.8986,South America
6052,1,1,1,1,1.0,8.476445330013625e-05,1.6732632504594186e-07,1.6713817671954636e-07,2.965173149858364e-06,0.0,La Pedrera Airport,La Pedrera,Colombia,LPD,SKLP,-1.32861,-69.5797,South America
6053,1,1,1,1,1.0,8.404848482012208e-05,6.131558578972862e-08,6.125865136801466e-08,1.0864683231242443e-06,0.0,Reyes Murillo Airport,Nuquí,Colombia,NQU,SKNQ,5.6964,-77.2806,South America
2743,1,1,1,1,1.0,6.877932764280414e-05,2.776990099577119e-07,2.745541116557341e-07,4.9203289828950915e-06,0.0,El Embrujo Airport,Providencia,Colombia,PVA,SKPV,13.3569,-81.3583,South America
6740,1,1,1,1,1.0,0.00011834168038455105,5.577544168198061e-08,5.571272557318237e-08,9.883910499527884e-07,0.0,Araracuara Airport,Araracuara,Colombia,ACR,SKAC,-0.5833,-72.4083,South America
2761,3,2,3,2,0.6666666666666666,0.0001599282518621518,9.585270355853112e-08,2.644313363763273e-07,1.394881753519614e-05,8.540216217309475e-07,Capitán Aníbal Arab Airport,Cobija,Bolivia,CIJ,SLCO,-11.0403995514,-68.78299713130001,South America
2767,4,4,6,6,1.0,0.0002030025281058513,3.1589298739829082e-06,3.0889972846303614e-06,7.222700873781649e-05,0.0,Juana Azurduy De Padilla Airport,Sucre,Bolivia,SRE,SLSU,-19.007099151611328,-65.2886962890625,South America
2768,5,5,8,8,1.0,0.0002860891948555368,3.159418389672756e-06,3.0894225367077697e-06,7.22376995563105e-05,0.0002698061688757615,Capitan Oriel Lea Plaza Airport,Tarija,Bolivia,TJA,SLTJ,-21.5557003021,-64.7013015747,South America
2769,7,7,8,8,1.0,0.00048474279495581263,7.694345417081296e-07,2.720383022674266e-07,1.4155738938059251e-05,0.001616492395609798,Teniente Av. Jorge Henrich Arauz Airport,Trinidad,Bolivia,TDD,SLTR,-14.8186998367,-64.9179992676,South America
2764,1,1,2,2,1.0,9.781691880821902e-05,1.3386441517649594e-06,4.85298984022701e-07,2.4212511023146208e-05,0.0,Capitan Nicolas Rojas Airport,Potosi,Bolivia,POI,SLPO,-19.5431003571,-65.72370147710001,South America
2802,5,5,10,10,1.0,0.0002666100320785948,4.770282048132134e-05,2.8858322758685034e-05,0.000852184088111409,2.0274821629024e-05,Rodríguez Ballón International Airport,Arequipa,Peru,AQP,SPQU,-16.3411006927,-71.5830993652,South America
2812,5,5,11,11,1.0,0.0002825917522627009,3.8395105361110936e-05,4.7588302566827427e-05,0.0006857636729374195,3.4306421244758218e-06,Alejandro Velasco Astete International Airport,Cuzco,Peru,CUZ,SPZO,-13.535699844400003,-71.9387969971,South America
4247,3,3,5,5,1.0,0.0002614188933757236,6.728964690705404e-07,2.5177345365388256e-07,1.2276666494351145e-05,0.00034345975462384454,El Trompillo Airport,Santa Cruz,Bolivia,SRZ,SLET,-17.8115997314,-63.1715011597,South America
7313,1,1,1,1,1.0,7.24369777559308e-05,6.693220758824797e-07,2.426494920113505e-07,1.2106255511573104e-05,0.0,Uyuni Airport,Uyuni,Bolivia,UYU,SLUY,-20.4463005066,-66.8483963013,South America
7317,2,2,2,2,1.0,0.0001246406533936062,6.708638096073966e-07,2.4699746652460466e-07,1.2186085450630294e-05,0.0,Rurenabaque Airport,Rerrenabaque,Bolivia,RBQ,SLRQ,-14.4279003143,-67.4968032837,South America
2772,2,2,4,4,1.0,0.00019615656888115487,3.7871391616274747e-08,4.331182557926431e-08,9.532327359506395e-07,0.0,Yacuiba Airport,Yacuiba,Bolivia,BYC,SLYA,-21.960899353027344,-63.65169906616211,South America
6056,1,1,1,1,1.0,9.926071234131801e-05,1.5417337249170304e-09,4.347974513253637e-09,7.982993905719152e-08,0.0,Capitán de Av. Emilio Beltrán Airport,Guayaramerín,Bolivia,GYA,SLGY,-10.820599556,-65.34559631350001,South America
6058,1,1,1,1,1.0,9.926071234131801e-05,1.5417337249170304e-09,4.347974513253637e-09,7.982993905719152e-08,0.0,Capitán Av. Selin Zeitun Lopez Airport,Riberalta,Bolivia,RIB,SLRI,-11.0,-66.0,South America
2781,3,3,6,6,1.0,0.0001662937176529032,2.8457352052452083e-05,2.8606029325675392e-05,0.0005074317550755973,0.0,Cap FAP David Abenzur Rengifo International Airport,Pucallpa,Peru,PCL,SPCL,-8.37794017791748,-74.57430267333984,South America
2806,3,3,6,6,1.0,0.0001662937176529032,2.8457352052452083e-05,2.860602932567537e-05,0.0005074317550755973,0.0,Cadete FAP Guillermo Del Castillo Paredes Airport,Tarapoto,Peru,TPP,SPST,-6.508739948272705,-76.37319946289062,South America
2785,1,1,1,1,1.0,6.380561177246575e-05,9.317897619755013e-06,9.36917757166439e-06,0.00016617785560541726,0.0,Capitan FAP Jose A Quinones Gonzales International Airport,Chiclayo,Peru,CIX,SPHI,-6.787479877471924,-79.8281021118164,South America
2786,1,1,2,2,1.0,8.05541868412889e-05,1.8635795239510026e-05,1.873835514332878e-05,0.00033235571121083453,0.0,Coronel FAP Alfredo Mendivil Duarte Airport,Ayacucho,Peru,AYP,SPHO,-13.154800415039062,-74.20439910888672,South America
2787,1,1,1,1,1.0,6.380561177246575e-05,9.317897619755013e-06,9.36917757166439e-06,0.00016617785560541726,0.0,Andahuaylas Airport,Andahuaylas,Peru,ANS,SPHY,-13.70639991760254,-73.35040283203125,South America
2788,1,1,1,1,1.0,6.380561177246575e-05,9.317897619755013e-06,9.36917757166439e-06,0.00016617785560541726,0.0,Comandante FAP German Arias Graziani Airport,Anta,Peru,ATA,SPHZ,-9.347439765930176,-77.59839630126953,South America
2792,3,3,6,7,1.0,0.00017490533539527283,1.0511495642598461e-05,1.0559199677929739e-05,0.0001931366359503275,5.814814766747408e-06,Inca Manco Capac International Airport,Juliaca,Peru,JUL,SPJL,-15.467100143432615,-70.158203125,South America
2796,1,1,1,1,1.0,6.380561177246575e-05,9.317897619755013e-06,9.36917757166439e-06,0.00016617785560541726,0.0,Capitan FAP Pedro Canga Rodriguez Airport,Tumbes,Peru,TBP,SPME,-3.55253005027771,-80.38140106201172,South America
2804,1,1,1,1,1.0,6.380561177246575e-05,9.317897619755013e-06,9.36917757166439e-06,0.00016617785560541726,0.0,Capitan FAP Carlos Martinez De Pinillos International Airport,Trujillo,Peru,TRU,SPRU,-8.08141040802002,-79.10880279541016,South America
2807,2,2,2,2,1.0,8.652081113574457e-05,9.481447565004516e-06,9.638740005399782e-06,0.00017098383417464894,0.0003360005286392071,Coronel FAP Carlos Ciriani Santa Rosa International Airport,Tacna,Peru,TCQ,SPTN,-18.0533008575,-70.2758026123,South America
2808,2,2,3,3,1.0,0.0001075851617032987,9.857295861600448e-06,9.803109064194093e-06,0.00017391272167340072,1.2194257109641315e-05,Padre Aldamiz International Airport,Puerto Maldonado,Peru,PEM,SPTU,-12.6135997772,-69.2285995483,South America
2809,1,1,2,2,1.0,8.05541868412889e-05,1.8635795239510026e-05,1.873835514332878e-05,0.00033235571121083453,0.0,Capitán FAP Guillermo Concha Iberico International Airport,Piura,Peru,PIU,SPUR,-5.20574998856,-80.61640167239999,South America
6066,1,1,2,2,1.0,8.05541868412889e-05,1.8635795239510026e-05,1.873835514332878e-05,0.00033235571121083453,0.0,Mayor General FAP Armando Revoredo Iglesias Airport,Cajamarca,Peru,CJA,SPJR,-7.1391801834106445,-78.4894027709961,South America
6067,1,1,2,2,1.0,8.05541868412889e-05,1.8635795239510026e-05,1.873835514332878e-05,0.00033235571121083453,0.0,Alferez Fap David Figueroa Fernandini Airport,Huánuco,Peru,HUU,SPNC,-9.878809928894045,-76.20480346679688,South America
9768,1,1,1,1,1.0,6.380561177246575e-05,9.317897619755013e-06,9.36917757166439e-06,0.00016617785560541726,0.0,Tingo Maria Airport,Tingo Maria,Peru,TGI,SPGM,-9.133000373840332,-75.94999694824219,South America
2856,6,6,11,11,1.0,0.0003314502606920671,2.1449998538844503e-05,2.155612619842446e-05,0.00038152561065734,0.0012267256425193575,General Manuel Carlos Piar International Airport,Guayana,Venezuela,PZO,SVPR,8.288530349731445,-62.7603988647461,South America
2822,1,1,2,2,1.0,8.209023987987894e-05,9.642230331423797e-06,9.666516010507064e-06,0.00017098729605194218,0.0,Barinas Airport,Barinas,Venezuela,BNS,SVBI,8.615,-70.21416667,South America
2824,3,3,5,5,1.0,0.0001306315824916048,1.6708867607511222e-05,1.6573112891420457e-05,0.0002936698542223607,1.2640970221049913e-05,Barquisimeto International Airport,Barquisimeto,Venezuela,BRM,SVBM,10.042746543884276,-69.35861968994139,South America
2830,1,1,1,1,1.0,7.270589273643854e-05,1.2216590995340104e-07,1.212111516973239e-07,2.1516387676002817e-06,0.0,Canaima Airport,Canaima,Venezuela,CAJ,SVCN,6.2319889068603525,-62.85443115234375,South America
2833,1,1,1,1,1.0,6.457363829176076e-05,4.821115165711898e-06,4.833258005253532e-06,8.549364802597109e-05,0.0,José Leonardo Chirinos Airport,Coro,Venezuela,CZE,SVCR,11.41494369506836,-69.68090057373047,South America
2835,1,1,1,1,1.0,6.457363829176076e-05,4.821115165711898e-06,4.833258005253532e-06,8.549364802597109e-05,0.0,Cumaná (Antonio José de Sucre) Airport,Cumana,Venezuela,CUM,SVCU,10.450332641601562,-64.13047027587889,South America
2844,3,3,4,4,1.0,0.00010650551201165672,1.7950211846902063e-05,1.7549027449336746e-05,0.00031164157683753063,9.645305609259823e-07,Josefa Camejo International Airport,Paraguana,Venezuela,LSP,SVJC,11.78077507019043,-70.15149688720703,South America
2846,1,1,1,1,1.0,6.457363829176076e-05,4.821115165711898e-06,4.833258005253532e-06,8.549364802597109e-05,0.0,La Fria Airport,La Fria,Venezuela,LFR,SVLF,8.239167213439941,-72.27102661132812,South America
2854,2,2,2,2,1.0,8.279634007155219e-05,6.654471212955897e-07,6.922351407480023e-07,1.2273671082585197e-05,0.0,General Bartolome Salom International Airport,Puerto Cabello,Venezuela,PBL,SVPC,10.48050022125244,-68.072998046875,South America
2849,1,1,2,2,1.0,8.209023987987894e-05,9.642230331423797e-06,9.666516010507064e-06,0.00017098729605194218,0.0,Alberto Carnevalli Airport,Merida,Venezuela,MRD,SVMD,8.582078,-71.161041,South America
2852,2,2,4,4,1.0,0.00011824597573478778,1.463528877637825e-05,1.4698213124733203e-05,0.00026003563820336373,0.0,Maturín Airport,Maturin,Venezuela,MUN,SVMT,9.75452995300293,-63.14739990234375,South America
2861,2,2,4,4,1.0,0.00011824597573478778,1.463528877637825e-05,1.4698213124733203e-05,0.00026003563820336373,0.0,Mayor Buenaventura Vivas International Airport,Santo Domingo,Venezuela,STD,SVSO,7.56538,-72.035103,South America
6072,2,2,3,3,1.0,0.00010072937414666962,9.81417361066635e-06,9.864955119479669e-06,0.00017454199017739267,0.0,Juan Pablo Pérez Alfonso Airport,El Vigía,Venezuela,VIG,SVVG,8.624139,-71.672668,South America
2853,1,1,1,1,1.0,6.457363829176076e-05,4.821115165711898e-06,4.833258005253532e-06,8.549364802597109e-05,0.0,Cacique Aramare Airport,Puerto Ayacucho,Venezuela,PYH,SVPA,5.619989871978801,-67.606101989746,South America
2858,1,1,1,1,1.0,6.457363829176076e-05,4.821115165711898e-06,4.833258005253532e-06,8.549364802597109e-05,0.0,San Antonio Del Tachira Airport,San Antonio,Venezuela,SVZ,SVSA,7.840829849243164,-72.439697265625,South America
2864,1,1,1,1,1.0,6.457363829176076e-05,4.821115165711898e-06,4.833258005253532e-06,8.549364802597109e-05,0.0,San Tomé Airport,San Tome,Venezuela,SOM,SVST,8.9451465606689,-64.151084899902,South America
2870,1,1,2,2,1.0,8.209023987987894e-05,9.642230331423797e-06,9.666516010507064e-06,0.00017098729605194218,0.0,Dr. Antonio Nicolás Briceño Airport,Valera,Venezuela,VLV,SVVL,9.34047794342041,-70.58406066894531,South America
2860,1,1,1,1,1.0,7.270589273643854e-05,1.2216590995340104e-07,1.212111516973239e-07,2.1516387676002817e-06,0.0,Santa Elena de Uairen Airport,Santa Ana De Uairen,Venezuela,SNV,SVSE,4.554999828338623,-61.1500015258789,South America
2877,8,8,18,17,1.0,0.00025073511263510017,8.748938299519487e-05,9.340002320356715e-05,0.0016204922445357292,3.1507782346557195e-05,Douglas-Charles Airport,Dominica,Dominica,DOM,TDPD,15.547,-61.299999,North America
2891,5,6,11,11,1.2,0.00017185762643422495,0.00011596555219233436,0.0001466647884308403,0.0020877666825571514,2.319566241953223e-06,Robert L. Bradshaw International Airport,Basse Terre,Saint Kitts and Nevis,SKB,TKPK,17.311199188232422,-62.71870040893555,North America
2893,6,6,10,11,1.0,0.00017567481610509552,1.733515998134752e-05,2.1906396040734834e-05,0.0004278988721463795,9.288966665862863e-06,George F. L. Charles Airport,Castries,Saint Lucia,SLU,TLPC,14.0202,-60.992901,North America
2900,4,4,6,6,1.0,0.00011021690501590873,4.391437919245663e-05,4.492316109228158e-05,0.0008199753997284143,4.169414058412665e-07,Clayton J Lloyd International Airport,The Valley,Anguilla,AXA,TQPF,18.2048,-63.055099,
6079,6,5,9,8,0.8333333333333334,0.0001488964013651287,5.2401547080558795e-05,5.3897248128261585e-05,0.0009810263621400056,0.00026335533995931054,Vance W. Amory International Airport,Charlestown,Saint Kitts and Nevis,NEV,TKPN,17.205699920654293,-62.58990097045898,North America
6460,6,7,10,11,1.1666666666666667,0.00016438713284552557,4.2735991959050006e-05,4.295715792749309e-05,0.000795574554222956,0.0006197802839416274,Gustaf III Airport,Gustavia,France,SBH,TFFJ,17.904399871826172,-62.84360122680664,Europe
2907,5,4,5,4,0.8,0.00011122811829697535,6.633307736734122e-06,7.5079216909188955e-06,0.00013502255966182263,1.644508854318672e-05,Argyle International Airport,Kingstown,Saint Vincent and the Grenadines,SVD,TVSA,13.156695,-61.149944999999995,North America
4306,1,1,1,1,1.0,5.992257176270252e-05,1.914158342714423e-06,2.305292623883828e-06,4.129916071525046e-05,0.0,Eugene F. Correira International Airport,Georgetown,Guyana,OGL,SYGO,6.80628,-58.1059,South America
2883,19,18,32,34,0.9473684210526315,0.000396194895157411,0.0009659093383897593,0.0008356795857569408,0.01781370669816927,0.0018138683164342026,Cyril E. King Airport,St. Thomas,Virgin Islands,STT,TIST,18.337299346923828,-64.97339630126953,
2903,4,5,12,12,1.25,0.00017783926820887994,7.11480547266842e-05,8.477252990080708e-05,0.0013241662118279314,0.0,Terrance B. Lettsome International Airport,Tortola,British Virgin Islands,EIS,TUPJ,18.444799423217773,-64.54299926757811,
2879,2,2,4,4,1.0,9.471991391800754e-05,4.487070722871013e-06,3.5996653021746037e-06,8.019467419236825e-05,0.0,L'Espérance Airport,St. Martin,Guadeloupe,SFG,TFFG,18.099899291992,-63.047199249268,
2884,5,5,9,9,1.0,0.00014531662144552047,0.00012839886302724854,0.00013049211834545234,0.0023439739861958503,0.0006134597190197513,Henry E Rohlsen Airport,St. Croix Island,Virgin Islands,STX,TISX,17.701900482177734,-64.79859924316406,
6080,2,2,4,4,1.0,8.850824519994279e-05,4.2283590781436766e-05,4.367560157358319e-05,0.0007945649913991882,0.0,Virgin Gorda Airport,Spanish Town,British Virgin Islands,VIJ,TUPW,18.446399688720703,-64.42749786376953,
6788,2,2,6,6,1.0,0.00011337381556366925,6.331872646264386e-05,6.442118784080886e-05,0.0011700569611426555,0.0,Vieques Airport,Vieques Island,Puerto Rico,VQS,TJCG,18.1158008575,-65.4226989746,North America
2885,4,4,4,4,1.0,8.298627741926213e-05,0.0001446275155770031,0.00014323786830570568,0.002571973024207116,1.1250624313183472e-05,Rafael Hernandez Airport,Aguadilla,Puerto Rico,BQN,TJBQ,18.49489974975586,-67.12940216064453,North America
2888,1,1,1,1,1.0,5.757722905633579e-05,1.251583663554026e-05,1.2739124513389526e-05,0.00023136762379399796,0.0,Eugenio Maria De Hostos Airport,Mayaguez,Puerto Rico,MAZ,TJMZ,18.255699157714844,-67.14849853515625,North America
2889,2,2,2,2,1.0,6.458306794759484e-05,9.060817024259176e-05,8.927794118981278e-05,0.001613504244808558,4.593193343616936e-06,Mercedita Airport,Ponce,Puerto Rico,PSE,TJPS,18.00830078125,-66.56300354003906,North America
6814,1,1,1,1,1.0,5.757722905633579e-05,1.251583663554026e-05,1.2739124513389526e-05,0.00023136762379399796,0.0,Benjamin Rivera Noriega Airport,Culebra Island,Puerto Rico,CPX,TJCP,18.313289,-65.304324,North America
2898,1,1,1,1,1.0,5.802445054026742e-05,5.691067378049771e-06,5.4776983834145284e-06,0.0001013323015818533,0.0,F. D. Roosevelt Airport,Oranjestad,Netherlands Antilles,EUX,TNCE,17.49650001525879,-62.97940063476562,
4249,2,1,2,1,0.5,7.071778310740684e-05,5.691067378049771e-06,5.719193915216227e-06,0.00010581895589626943,2.2209010249480104e-06,Juancho E. Yrausquin Airport,Saba,Netherlands Antilles,SAB,TNCS,17.645000457763672,-63.22000122070313,
2911,2,4,2,4,2.0,7.018308448111124e-05,2.191669668558392e-05,6.8610257788198256e-06,0.00038739080985458974,6.773529877128856e-07,Taraz Airport,Dzhambul,Kazakhstan,DMB,UADD,42.85359954833984,71.30359649658203,Asia
2917,3,3,3,3,1.0,8.198805901065795e-05,1.8744258710046867e-05,1.8679417941066316e-05,0.00033135232693747637,2.924050920014419e-07,Pavlodar Airport,Pavlodar,Kazakhstan,PWQ,UASP,52.19499969482422,77.07389831542969,Asia
2918,3,3,3,3,1.0,8.804514840936713e-05,7.0677908641186196e-06,7.00767497482862e-06,0.00012467104877464762,8.606037643875815e-06,Semipalatinsk Airport,Semiplatinsk,Kazakhstan,PLX,UASS,50.351295,80.234398,Asia
2920,4,4,7,7,1.0,0.000130066801140769,3.7902267096839326e-05,3.777268786848307e-05,0.0006700283359991828,0.0,Aktobe Airport,Aktyubinsk,Kazakhstan,AKX,UATT,50.2458,57.206699,Asia
4358,4,4,4,4,1.0,0.00010040033201240802,7.581390240383489e-06,7.520481391228922e-06,0.00013375677005374544,3.837591636067828e-06,Kzyl-Orda Southwest Airport,Kzyl-Orda,Kazakhstan,KZO,UAOO,44.706902,65.592499,Asia
4375,6,6,7,7,1.0,0.0001406103379963263,4.346297635425495e-05,4.344442626029366e-05,0.000770885930527803,5.2794182279728485e-05,Sary-Arka Airport,Karaganda,Kazakhstan,KGF,UAKK,49.670799255371094,73.33439636230469,Asia
6083,2,2,2,2,1.0,7.019460820887997e-05,1.5844255367163094e-05,1.581271388641713e-05,0.0002803037187344805,0.0,Kokshetau Airport,Kokshetau,Kazakhstan,KOV,UACK,53.329102,69.594597,Asia
6084,2,2,2,2,1.0,7.018308448111124e-05,6.921426201296662e-06,6.8610257788198256e-06,0.00012208482025627488,2.924050920014419e-07,Petropavlosk South Airport,Petropavlosk,Kazakhstan,PPK,UACP,54.77470016479492,69.18389892578125,Asia
6085,2,2,2,2,1.0,7.018308448111124e-05,6.921426201296662e-06,6.8610257788198256e-06,0.00012208482025627488,2.924050920014419e-07,Zhezkazgan Airport,Zhezkazgan,Kazakhstan,DZN,UAKD,47.708302,67.733299,Asia
6086,5,5,7,7,1.0,0.0001471275418703992,2.5951614154831635e-05,2.582598651279573e-05,0.00045848868161653704,1.1748422692156755e-05,Ust-Kamennogorsk Airport,Ust Kamenogorsk,Kazakhstan,UKK,UASK,50.036598205566406,82.49420166015625,Asia
6088,3,3,3,3,1.0,8.163882597094491e-05,1.2144478550738984e-05,1.2066586621689599e-05,0.00021472066780158544,2.924050920014419e-07,Kostanay West Airport,Kostanay,Kazakhstan,KSN,UAUU,53.20690155029297,63.55030059814453,Asia
2916,3,3,3,3,1.0,8.67601355733036e-05,3.7619507672255814e-06,3.730249743125213e-06,6.634498744753197e-05,9.072433475707851e-07,Uralsk Airport,Uralsk,Kazakhstan,URA,UARR,51.15079879760742,51.54309844970703,Asia
2958,15,15,17,17,1.0,0.00023822148419344944,8.925994871399492e-05,8.979918261696789e-05,0.0015927837710015425,8.604907276497085e-05,Omsk Central Airport,Omsk,Russia,OMS,UNOO,54.96699905395508,73.31050109863281,Europe
2937,26,26,39,39,1.0,0.0006775590710247024,0.00015606669691588208,0.00014808948731448739,0.0027725978390388093,0.0026429646091739273,Irkutsk Airport,Irkutsk,Russia,IKT,UIII,52.268001556396,104.38899993896,Europe
6156,9,9,11,11,1.0,0.00016739212234762437,5.3139562126286376e-05,5.315995389628243e-05,0.0009444679370326694,7.1167036706395225e-06,Belgorod International Airport,Belgorod,Russia,EGO,UUOB,50.643798828125,36.5900993347168,Europe
2923,20,20,33,33,1.0,0.0006185036636908634,0.0001539160175891675,0.00015371629638792668,0.0027310782728949177,0.002281129272294201,Yakutsk Airport,Yakutsk,Russia,YKS,UEEE,62.093299865722656,129.77099609375,Europe
2925,6,6,8,9,1.0,0.00015961372314390225,2.343237720918267e-05,2.0188834107912948e-05,0.00041335996535251437,6.594452213234362e-06,Mirny Airport,Mirnyj,Russia,MJZ,UERR,62.53469848632813,114.03900146484376,Europe
2926,5,5,5,5,1.0,0.00011248787294490176,1.7348145495971974e-05,1.7362102713460103e-05,0.0003074474158031473,1.5702345211081654e-05,Ignatyevo Airport,Blagoveschensk,Russia,BQS,UHBB,50.42539978027344,127.41200256347656,Europe
2930,4,4,6,6,1.0,0.00012409656185940788,2.000767061108239e-05,2.0080899961443002e-05,0.0003553542258877614,1.2779773578751616e-05,Sokol Airport,Magadan,Russia,GDX,UHMM,59.9109992980957,150.72000122070312,Europe
2938,10,10,11,11,1.0,0.0001811294655173246,8.427384266458825e-05,8.39823933149336e-05,0.0014922672742920774,7.420239498614509e-05,Ulan-Ude Airport (Mukhino),Ulan-ude,Russia,UUD,UIUU,51.80780029296875,107.43800354003906,Europe
6092,4,4,5,5,1.0,0.00011648554688597527,1.656308951951941e-05,1.6495914159716753e-05,0.00029246124195723825,2.061681420967238e-06,Polyarny Airport,Yakutia,Russia,PYJ,UERP,66.4003982544,112.029998779,Europe
6093,1,1,2,2,1.0,7.894277269212616e-05,1.74232522578851e-06,1.7395187904431336e-06,3.0816067714447606e-05,0.0,Chokurdakh Airport,Chokurdah,Russia,CKH,UESO,70.62310028076172,147.90199279785156,Europe
6094,1,1,2,2,1.0,7.894277269212616e-05,1.74232522578851e-06,1.7395187904431336e-06,3.0816067714447606e-05,0.0,Cherskiy Airport,Cherskiy,Russia,CYX,UESS,68.7406005859375,161.33799743652344,Europe
6095,1,1,2,2,1.0,7.894277269212616e-05,1.74232522578851e-06,1.7395187904431336e-06,3.0816067714447606e-05,0.0,Tiksi Airport,Tiksi,Russia,IKS,UEST,71.69770050048801,128.90299987793,Europe
9026,2,2,6,6,1.0,0.00013920620509802283,5.131308546231225e-06,5.255015998725254e-06,9.315159138456015e-05,0.0,Lensk Airport,Lensk,Russia,ULK,UERL,60.7206001282,114.825996399,Europe
2935,9,9,11,11,1.0,0.00018969177729338458,4.6573438083539134e-05,4.662087064167025e-05,0.0008255226347905661,0.0003759344648843879,Chita-Kadala Airport,Chita,Russia,HTA,UIAA,52.026299,113.306,Europe
2932,4,4,6,6,1.0,0.00011430205899876734,3.456818849461804e-05,3.464319695528203e-05,0.000613184139067877,3.3446882730162016e-07,Yelizovo Airport,Petropavlovsk,Russia,PKC,UHPP,53.16790008544922,158.45399475097656,Europe
6098,2,2,2,2,1.0,7.036806495366434e-05,1.3980966482168573e-05,1.3988670762120288e-05,0.00024761290292954805,0.0,Ugolny Airport,Anadyr,Russia,DYR,UHMA,64.734902,177.740997,Europe
6411,7,7,10,10,1.0,0.00012547944789189158,0.00021192103914405893,0.00021092840344104043,0.003739843906164242,8.431461799780861e-05,Jiamusi Airport,Jiamusi,China,JMU,ZYJM,46.84339904789999,130.464996338,Asia
2931,1,1,1,1,1.0,5.8512778193476264e-05,5.223052349442322e-06,5.205560842869776e-06,9.263584754531053e-05,0.0,Pevek Airport,Pevek,Russia,PWE,UHMP,69.783302307129,170.59700012207,Europe
8782,1,1,1,1,1.0,6.227283596720392e-05,1.0755788021653371e-06,9.134345747345474e-07,1.627808245950902e-05,0.0,Cooma Hospital Helipad,Yuzhno-Kurilsk,Russia,,YXCM,-36.242155,149.130147,Europe
3377,4,4,5,5,1.0,9.162208802077746e-05,0.00010546299608361384,0.00010503602755549096,0.001864782166064681,4.569776530170371e-05,Pyongyang Sunan International Airport,Pyongyang,North Korea,FNJ,ZKPY,39.224098,125.669998,Asia
3366,9,9,18,18,1.0,0.00023207564713792473,0.00023276064082080095,0.0002322260196644025,0.004120336910321043,0.000450076920303765,Dongshan Airport,Hailar,China,HLD,ZBLA,49.2050018311,119.824996948,Asia
6954,10,10,11,11,1.0,0.000179716196987819,6.221635195402166e-05,6.204523546378426e-05,0.0011026800001021143,0.0006551893535299685,Manzhouli Xijiao Airport,Manzhouli,China,NZH,ZBMZ,49.566666999999995,117.33,Asia
2936,4,4,4,4,1.0,9.574985738472162e-05,2.076867321242812e-05,2.071145550078558e-05,0.00036759170698640086,9.999415485804404e-06,Bratsk Airport,Bratsk,Russia,BTK,UIBB,56.37060165405274,101.697998046875,Europe
2955,4,4,4,4,1.0,9.50867967277153e-05,2.695153698898393e-05,2.703411543418091e-05,0.0004784323558507738,1.3197104351342762e-05,Abakan Airport,Abakan,Russia,ABA,UNAA,53.7400016784668,91.38500213623048,Europe
6118,1,1,1,1,1.0,6.183055817419421e-05,8.392735691828201e-07,8.819126043535228e-07,1.5642496604296246e-05,0.0,Kyzyl Airport,Kyzyl,Russia,KYZ,UNKY,51.66939926147461,94.40059661865234,Europe
6924,1,1,2,2,1.0,7.660407964474585e-05,1.6785471383656402e-06,1.7638252087070456e-06,3.128499320859249e-05,0.0,Ust-Kut Airport,Ust-Kut,Russia,UKX,UITT,56.8567008972168,105.7300033569336,Europe
8944,1,1,2,2,1.0,7.660407964474585e-05,1.6785471383656402e-06,1.7638252087070456e-06,3.128499320859249e-05,0.0,Bodaybo Airport,Bodaibo,Russia,ODO,UIKB,57.8661003113,114.242996216,Europe
2942,5,5,7,7,1.0,0.00012098268724392204,6.883880245545512e-05,6.892617447614083e-05,0.0012211114830826377,1.8390244661806282e-06,Simferopol International Airport,Simferopol,Ukraine,SIP,UKFF,45.05220031738281,33.975101470947266,Europe
6106,1,1,2,2,1.0,6.422311837087693e-05,1.7029884627885548e-05,1.7160687063807156e-05,0.000302997607217007,0.0,Ivano-Frankivsk International Airport,Ivano-Frankivsk,Ukraine,IFO,UKLI,48.88420104980469,24.68610000610352,Europe
7863,2,2,2,2,1.0,6.744505206680648e-05,2.0337774822692977e-05,2.0398735694150077e-05,0.000360766310289705,1.420629155753274e-06,Belbek Airport,Sevastopol,Ukraine,UKS,UKFB,44.688999176,33.570999145500004,Europe
6103,2,2,2,2,1.0,7.04387163694414e-05,6.0777449415212045e-06,6.061849766816992e-06,0.00010775872788400155,3.6253466827750834e-06,Zaporizhzhia International Airport,Zaporozhye,Ukraine,OZH,UKDE,47.86700057983398,35.31570053100586,Europe
6109,1,1,1,1,1.0,5.8982974879607744e-05,8.546925920788821e-07,8.562889239472209e-07,1.512288033869102e-05,0.0,Uzhhorod International Airport,Uzhgorod,Ukraine,UDJ,UKLU,48.6343002319336,22.263399124145508,Europe
2961,4,4,4,4,1.0,9.261766721965012e-05,2.340813764391007e-05,2.347544183598433e-05,0.0004184269620997631,3.1071882806943615e-06,Uytash Airport,Makhachkala,Russia,MCX,URML,42.81679916381836,47.65230178833008,Europe
2966,7,7,8,8,1.0,0.00013583847410148658,5.643211064398707e-05,5.641620143934221e-05,0.0010003751363165509,7.879906721697045e-06,Astrakhan Airport,Astrakhan,Russia,ASF,URWA,46.2832984924,48.0063018799,Europe
2980,4,3,7,6,0.75,0.00012920581272550546,5.894660676489338e-05,5.9408421137319615e-05,0.0010618012232261316,0.0,Bukhara Airport,Bukhara,Uzbekistan,BHK,UTSB,39.775001525878906,64.48329925537111,Asia
2981,5,6,7,8,1.2,0.00012421553054908847,5.270958462651087e-05,4.956761432707071e-05,0.0009393205899386173,1.5771888796709798e-06,Samarkand Airport,Samarkand,Uzbekistan,SKD,UTSS,39.70050048828125,66.98380279541016,Asia
2989,6,6,8,8,1.0,0.00019169821838665492,5.0147385166159444e-05,5.0191744497534125e-05,0.0008912492203655842,0.00017582913950454644,Syktyvkar Airport,Syktyvkar,Russia,SCW,UUYY,61.64699935913086,50.84510040283203,Europe
2991,5,5,6,7,1.0,0.0001112912123252489,4.005846209960301e-05,3.825021342097616e-05,0.0007110586761336033,2.858056091123912e-06,Orenburg Central Airport,Orenburg,Russia,REN,UWOO,51.795799255371094,55.45669937133789,Europe
4111,19,18,23,22,0.9473684210526315,0.00038781077596714193,6.990137288206631e-05,7.182864595931593e-05,0.0012748417521253805,0.00015093552540920024,Roshchino International Airport,Tyumen,Russia,TJM,USTR,57.1896018982,65.3243026733,Europe
4352,10,11,14,15,1.1,0.00021301846567734254,5.8494941368657985e-05,5.715960718391942e-05,0.001034656650379189,1.2974251140693861e-05,Norilsk-Alykel Airport,Norilsk,Russia,NSK,UOOO,69.31109619140625,87.33219909667969,Europe
4353,3,3,3,3,1.0,7.875047534704766e-05,3.523114484481839e-05,3.5266292165822254e-05,0.0006254727625280247,1.0551408698347213e-06,Anapa Vityazevo Airport,Anapa,Russia,AAQ,URKA,45.002101898193,37.347301483154,Europe
4362,6,6,9,9,1.0,0.00027397498267073365,4.710192131181272e-05,4.7180313326834434e-05,0.0008374498419821576,0.0006300615860220491,Talagi Airport,Arkhangelsk,Russia,ARH,ULAA,64.60030364990234,40.71670150756836,Europe
4368,4,4,4,4,1.0,0.00013238871361815656,1.4952317764269269e-05,1.4935563120866559e-05,0.00026621712354751815,0.0006497510405341145,Ukhta Airport,Ukhta,Russia,UCT,UUYH,63.56689834594727,53.8046989440918,Europe
6141,3,3,4,4,1.0,9.280376680915087e-05,3.626092738257091e-05,3.6219356463570826e-05,0.0006430925734396913,5.586078480863639e-07,Izhevsk Airport,Izhevsk,Russia,IJK,USII,56.82809829711914,53.45750045776367,Europe
6142,3,3,3,3,1.0,0.00010042518817182457,1.4670969489211027e-05,1.4655296173969392e-05,0.0002612448783077556,0.000449038334544022,Pobedilovo Airport,Kirov,Russia,KVX,USKK,58.50329971313501,49.348300933838,Europe
6147,19,19,33,33,1.0,0.0004257200693537584,0.00010238704635347471,0.0001019630421271267,0.0018246925680611707,4.208658394329315e-05,Khudzhand Airport,Khudzhand,Tajikistan,LBD,UTDL,40.21540069580078,69.6947021484375,Asia
6148,3,3,3,3,1.0,7.922494397888472e-05,2.5858117357859513e-05,2.6056483889551583e-05,0.00046287752171108145,9.149059844998628e-07,Andizhan Airport,Andizhan,Uzbekistan,AZN,UTKA,40.7276992798,72.2939987183,Asia
6149,6,6,7,7,1.0,0.000122655278699394,4.3122853930016635e-05,4.330221622601453e-05,0.0007701793582060246,2.1259037464306443e-06,Fergana International Airport,Fergana,Uzbekistan,FEG,UTKF,40.3587989807,71.7450027466,Asia
6150,9,9,12,12,1.0,0.00017919988694670884,6.105732667819179e-05,6.100308967413692e-05,0.0010886139622816988,2.779212995849208e-06,Namangan Airport,Namangan,Uzbekistan,NMA,UTKN,40.9846000671,71.5567016602,Asia
6153,3,3,5,5,1.0,0.00010153662336182318,4.712377425614318e-05,4.731951269290914e-05,0.0008406641055524578,0.0,Karshi Khanabad Airport,Khanabad,Uzbekistan,KSQ,UTSL,38.8335990906,65.9215011597,Asia
6160,3,3,4,4,1.0,9.747236272613134e-05,2.1879648263701998e-05,2.1878513868495057e-05,0.0003886308996354089,7.206720425331012e-07,Bugulma Airport,Bugulma,Russia,UUA,UWKB,54.63999938964844,52.80170059204102,Europe
6162,2,2,2,2,1.0,6.936871608658105e-05,2.1265656898283663e-05,2.1263028803357543e-05,0.0003777865838413763,7.206720425331012e-07,Cheboksary Airport,Cheboksary,Russia,CSY,UWKS,56.09030151367188,47.3473014831543,Europe
6166,2,2,2,2,1.0,6.936871608658105e-05,2.1265656898283663e-05,2.1263028803357543e-05,0.0003777865838413763,7.206720425331012e-07,Saransk Airport,Saransk,Russia,SKX,UWPS,54.12512969970703,45.212257385253906,Europe
6485,3,3,6,6,1.0,0.00011334159789136989,5.894660676489338e-05,5.9137904855155606e-05,0.0010499316122336592,0.0,Navoi Airport,Navoi,Uzbekistan,NVI,UTSA,40.1171989440918,65.17079925537111,Asia
6940,1,1,1,1,1.0,5.756374155703434e-05,9.44282438953346e-06,9.444636641111082e-06,0.00016851907716017487,0.0,Tunoshna Airport,Yaroslavl,Russia,IAR,UUDL,57.56069946289063,40.15739822387695,Europe
7563,3,4,6,7,1.3333333333333333,0.00011511544619208932,5.1461643846489314e-05,5.7482385266928396e-05,0.0009129820865233236,6.03366983211946e-07,Kulob Airport,Kulyab,Tajikistan,TJU,UTDK,37.98809814453125,69.80500030517578,Asia
8774,2,2,2,2,1.0,6.936871608658105e-05,2.1265656898283663e-05,2.1263028803357543e-05,0.0003777865838413763,7.206720425331012e-07,Lankaran International Airport,Lankaran,Azerbaijan,LLK,UBBL,38.7463989258,48.818000793500005,Asia
2956,2,2,3,3,1.0,8.004874502320263e-05,3.761115296403513e-05,3.764004768695767e-05,0.0006662211920490513,0.0,Barnaul Airport,Barnaul,Russia,BAX,UNBB,53.36380004882813,83.53849792480469,Europe
2957,2,2,3,3,1.0,8.004874502320263e-05,3.761115296403513e-05,3.764004768695767e-05,0.0006662211920490513,0.0,Kemerovo Airport,Kemorovo,Russia,KEJ,UNEE,55.27009963989258,86.1072006225586,Europe
2972,9,9,14,14,1.0,0.00023143272907884645,5.445931980271405e-05,5.4169266052817265e-05,0.0009612486038856374,1.317222292039668e-05,Nizhnevartovsk Airport,Nizhnevartovsk,Russia,NJC,USNN,60.94929885864258,76.48359680175781,Europe
4364,10,10,16,16,1.0,0.0002460406605133135,7.375250984888067e-05,7.362561955541104e-05,0.001307704036007201,9.552415822909386e-06,Novy Urengoy Airport,Novy Urengoy,Russia,NUX,USMU,66.06939697265625,76.52030181884766,Europe
6138,8,8,8,8,1.0,0.00015871869967475183,1.9700293483789237e-05,1.956848995587002e-05,0.0003476097189761998,5.270503714913194e-05,Khanty Mansiysk Airport,Khanty-Mansiysk,Russia,HMA,USHH,61.02849960327149,69.08609771728516,Europe
2963,3,3,4,4,1.0,9.013611341540496e-05,4.480166843826034e-05,4.47918078342959e-05,0.0007931666613203154,6.493686303822582e-07,Stavropol Shpakovskoye Airport,Stavropol,Russia,STW,URMT,45.10919952392578,42.11280059814453,Europe
2969,2,2,2,2,1.0,6.806887215713232e-05,1.713792592207178e-05,1.7141198860431452e-05,0.0003037246616037618,0.0,Magnitogorsk International Airport,Magnetiogorsk,Russia,MQF,USCM,53.39310073852539,58.75569915771485,Europe
4297,4,4,5,5,1.0,0.00010437387928163205,3.94395266576644e-05,3.9309356228456346e-05,0.0006984821243822162,2.210626434506973e-07,Bogashevo Airport,Tomsk,Russia,TOF,UNTT,56.380298614502,85.208297729492,Europe
4365,5,5,5,5,1.0,0.00011908433562254515,1.6251885796865864e-05,1.6195785796344043e-05,0.0002875104519609001,4.603163958696456e-06,Noyabrsk Airport,Noyabrsk,Russia,NOJ,USRO,63.18330001831055,75.2699966430664,Europe
4373,1,1,1,1,1.0,5.868711289666571e-05,3.1724379755370525e-06,3.137935497966772e-06,5.6038482917113424e-05,0.0,Kogalym International Airport,Kogalym,Russia,KGP,USRK,62.19039916992188,74.53379821777344,Europe
4377,3,3,3,3,1.0,9.054077886417244e-05,3.690416677899143e-06,3.6442628599261154e-06,6.51901013892643e-05,1.529322506909378e-07,Uray Airport,Uraj,Russia,URJ,USHU,60.10329818725586,64.82669830322266,Europe
6137,8,8,8,8,1.0,0.00020544933048704172,1.898407619440026e-05,1.885457686829496e-05,0.00033488092471238687,0.0006331172635460527,Salekhard Airport,Salekhard,Russia,SLY,USDD,66.59079742431639,66.61100006103516,Europe
6139,3,3,4,4,1.0,0.0001132827531853734,4.034296891648557e-06,3.975799202005475e-06,7.126609988838789e-05,0.0,Nyagan Airport,Nyagan,Russia,NYA,USHN,62.110001,65.614998,Europe
6140,5,5,5,5,1.0,0.00012717469921005287,9.038828884807456e-06,8.974805271568244e-06,0.0001600407979524557,3.684126551864015e-06,Sovetskiy Airport,Sovetskiy,Russia,OVS,USHS,61.326622009277344,63.60191345214844,Europe
6143,7,7,8,8,1.0,0.0001639695582642658,3.334863393367177e-05,3.3270816047789115e-05,0.0005903165100744242,1.977358127554148e-05,Nadym Airport,Nadym,Russia,NYM,USMM,65.48090362548828,72.69889831542969,Europe
6146,2,2,2,2,1.0,7.049208742621242e-05,1.4995270484287254e-05,1.4956327660213254e-05,0.0002653059895983149,1.8538580201267294e-06,Kurgan Airport,Kurgan,Russia,KRO,USUU,55.47529983520508,65.41560363769531,Europe
7003,2,2,2,2,1.0,7.049208742621242e-05,1.4995270484287254e-05,1.4956327660213254e-05,0.0002653059895983149,1.8538580201267294e-06,Ulyanovsk Baratayevka Airport,Ulyanovsk,Russia,ULV,UWLL,54.268299102799986,48.226699829100006,Europe
8428,4,4,4,4,1.0,0.0001158474793812663,8.468885811969814e-06,8.417370874150785e-06,0.00014997903836247813,2.7432459700597434e-05,Beloyarskiy Airport,Beloyarsky,Russia,EYK,USHY,63.686901,66.698601,Europe
3081,6,6,9,9,1.0,0.0001463514412133647,9.332601514691409e-05,9.383697976407971e-05,0.0016595198044268217,0.0008718176287763067,Sri Guru Ram Dass Jee International Airport,Amritsar,India,ATQ,VIAR,31.7096004486,74.7973022461,Asia
6151,3,3,4,4,1.0,9.197895514487336e-05,3.3461177826518576e-05,3.363580025355678e-05,0.0005962617987774185,0.0,Nukus Airport,Nukus,Uzbekistan,NCU,UTNN,42.48839950561523,59.62329864501953,Asia
6154,2,2,2,2,1.0,6.871823912549298e-05,1.6415292968326056e-05,1.661184724844051e-05,0.0002943584445509066,0.0,Termez Airport,Termez,Uzbekistan,TMJ,UTST,37.28670120239258,67.30999755859375,Asia
6119,2,2,2,2,1.0,6.824377049365591e-05,2.5788320455284932e-05,2.582165552471117e-05,0.0004569536853678498,3.3446882730162016e-07,Spichenkovo Airport,Novokuznetsk,Russia,NOZ,UNWW,53.811401,86.877197,Europe
6933,1,1,1,1,1.0,5.64387959641092e-05,1.3965487946534729e-05,1.4003263362464682e-05,0.0002476861786866484,0.0,Gelendzhik Airport,Gelendzhik,Russia,GDZ,URKG,44.5820926295,38.0124807358,Europe
6157,1,1,1,1,1.0,5.8512778193476264e-05,5.223052349442322e-06,5.205560842869776e-06,9.263584754531053e-05,0.0,Kursk East Airport,Kursk,Russia,URS,UUOK,51.7505989074707,36.29560089111328,Europe
6466,1,1,1,1,1.0,5.8512778193476264e-05,5.223052349442322e-06,5.205560842869776e-06,9.263584754531053e-05,0.0,Donskoye Airport,Tambow,Russia,TBW,UUOT,52.806098937988,41.482799530029,Europe
4371,3,3,4,4,1.0,0.0001477236209547239,9.022840825528116e-07,8.986137524774289e-07,1.594778987916341e-05,9.219968685697693e-07,Naryan Mar Airport,Naryan-Mar,Russia,NNM,ULAM,67.63999938964844,53.12189865112305,Europe
6159,2,2,2,2,1.0,7.923836056747391e-05,1.2107286221919595e-05,1.2101768513046312e-05,0.0002142945928384814,2.5390892756574968e-05,Vorkuta Airport,Vorkuta,Russia,VKT,UUYW,67.48860168457031,63.99309921264648,Europe
2996,2,2,5,5,1.0,0.00010193488674927751,6.475412263744902e-05,6.473007008224872e-05,0.0011476338910316355,0.0,Aurangabad Airport,Aurangabad,India,IXU,VAAU,19.862699508666992,75.39810180664062,Asia
2999,1,1,2,2,1.0,6.892657127160131e-05,2.384584960853759e-05,2.378375532957492e-05,0.0004223227653901023,0.0,Bhuj Airport,Bhuj,India,BHJ,VABJ,23.2877998352,69.6701965332,Asia
3001,2,2,5,5,1.0,0.00010193488674927751,6.475412263744902e-05,6.473007008224872e-05,0.0011476338910316355,0.0,Vadodara Airport,Baroda,India,BDQ,VABO,22.336201000000003,73.226303,Asia
3002,3,2,8,6,0.6666666666666666,0.00013604109068662707,7.924679674977033e-05,8.024431461633747e-05,0.0014223113410343506,0.0,Raja Bhoj International Airport,Bhopal,India,BHO,VABP,23.2875003815,77.33740234380001,Asia
3003,1,1,2,2,1.0,6.892657127160131e-05,2.384584960853759e-05,2.378375532957492e-05,0.0004223227653901023,0.0,Bhavnagar Airport,Bhaunagar,India,BHU,VABV,21.752199173,72.18520355220001,Asia
3008,6,6,15,15,1.0,0.00021378845951741318,0.0001346688521346814,0.00013355434982335567,0.0023853051001857437,5.258583451535281e-07,Devi Ahilyabai Holkar Airport,Indore,India,IDR,VAID,22.7217998505,75.8011016846,Asia
3009,2,2,3,3,1.0,8.006535218131879e-05,4.0908273028911425e-05,4.094631475267383e-05,0.0007253111256415332,0.0,Jabalpur Airport,Jabalpur,India,JLR,VAJB,23.17779922485352,80.052001953125,Asia
3010,1,1,1,1,1.0,5.7991803987621955e-05,1.1922924804268794e-05,1.189187766478746e-05,0.00021116138269505115,0.0,Jamnagar Airport,Jamnagar,India,JGA,VAJM,22.465499877929688,70.01260375976561,Asia
3019,1,1,3,3,1.0,7.986133855558068e-05,3.5768774412806383e-05,3.567563299436241e-05,0.0006334841480851534,0.0,Rajkot Airport,Rajkot,India,RAJ,VARK,22.3092002869,70.77950286869998,Asia
3020,5,6,9,11,1.2,0.00014926847139715927,8.733398598213329e-05,8.37335675746532e-05,0.0015602106338688155,0.0001836352796961661,Raipur Airport,Raipur,India,RPR,VARP,21.180401,81.7388,Asia
3022,2,2,3,3,1.0,8.006535218131879e-05,4.0908273028911425e-05,4.094631475267383e-05,0.0007253111256415332,0.0,Surat Airport,Surat,India,STV,VASU,21.1140995026,72.7417984009,Asia
3023,2,2,7,7,1.0,0.00012400843494297437,9.373947086209165e-05,9.378450717013518e-05,0.0016617836339781176,0.0,Maharana Pratap Airport,Udaipur,India,UDR,VAUD,24.617700576799997,73.89610290530001,Asia
3042,5,6,7,8,1.2,0.0001259154037744564,6.211338292639671e-05,6.190213846654787e-05,0.0011033388655445008,0.0003215163370711999,Biju Patnaik Airport,Bhubaneswar,India,BBI,VEBS,20.2444000244,85.8178024292,Asia
3061,5,4,13,12,0.8,0.00019679385687655177,8.70155515333443e-05,0.0001106330939416717,0.0019596285847287534,0.00022902557220735032,Lok Nayak Jayaprakash Airport,Patina,India,PAT,VEPT,25.591299056999997,85.08799743649999,Asia
3066,8,7,15,15,0.875,0.00021238960528442623,0.00014179156548899092,0.0001296966654686297,0.0025189998381475,0.00013594354776724684,Vishakhapatnam Airport,Vishakhapatnam,India,VTZ,VEVZ,17.721200943,83.22450256350001,Asia
3079,2,2,2,2,1.0,7.685844177322549e-05,1.1923306652990551e-05,1.2420707794071232e-05,0.00022058293936081855,0.0003068752061499846,Agra Airport,Agra,India,AGR,VIAG,27.155799865722656,77.96089935302734,Asia
3080,2,2,2,2,1.0,6.902857808447038e-05,2.641559891659011e-05,2.641909620873064e-05,0.00046823625416829223,1.9750211353372502e-05,Allahabad Airport,Allahabad,India,IXD,VIAL,25.440099716186523,81.73390197753906,Asia
3084,5,5,10,10,1.0,0.0002219535530706909,9.35838439086831e-05,9.364601771610932e-05,0.0016595401948170778,0.00032241555787925136,Lal Bahadur Shastri Airport,Varanasi,India,VNS,VIBN,25.4524002075,82.85929870609999,Asia
3089,3,3,9,9,1.0,0.00014928765459581403,0.00010631250250548775,0.00010625647228991798,0.0018832125453409647,0.0,Chandigarh Airport,Chandigarh,India,IXC,VICG,30.67350006103516,76.78849792480469,Asia
3094,1,1,1,1,1.0,5.7991803987621955e-05,1.1922924804268794e-05,1.189187766478746e-05,0.00021116138269505115,0.0,Gwalior Airport,Gwalior,India,GWL,VIGR,26.29330062866211,78.22779846191406,Asia
3097,2,2,6,6,1.0,0.00011297166084612594,7.924679674977033e-05,7.925728862619189e-05,0.0014047087625048765,0.0,Jodhpur Airport,Jodhpur,India,JDH,VIJO,26.25110054016113,73.04889678955078,Asia
3100,4,4,12,12,1.0,0.00019853417085472159,0.00010181526784698973,0.00010171005458854924,0.0018005966557152774,0.00036092727906273005,Jammu Airport,Jammu,India,IXJ,VIJU,32.6890983582,74.83740234380001,Asia
3112,6,6,15,14,1.0,0.00023625687024546262,0.00010265454034398173,0.0001147110930703371,0.0018201402438020168,0.0008619964997417988,Sheikh ul Alam Airport,Srinagar,India,SXR,VISR,33.987098693847656,74.77420043945312,Asia
5711,1,1,2,2,1.0,6.892657127160131e-05,-6.880632897136989e-23,2.378375532957492e-05,0.00042714176583679304,0.0003068752061499846,Diu Airport,Diu,India,DIU,VA1P,20.71310043334961,70.92109680175781,Asia
6168,2,2,2,2,1.0,6.887190494464529e-05,1.7101474428743003e-05,1.7039046047942054e-05,0.00030265096525493524,4.699749183393395e-06,Hubli Airport,Hubli,India,HBX,VAHB,15.361700058,75.08489990230001,Asia
6173,12,12,32,31,1.0,0.000511560850404385,0.00015234159912311395,0.0001521754676898653,0.002705589601350318,0.0011627225065972667,Lokpriya Gopinath Bordoloi International Airport,Guwahati,India,GAU,VEGT,26.10610008239746,91.58589935302734,Asia
3000,1,1,1,1,1.0,5.793713766066592e-05,5.1785496244742115e-06,5.14716838315459e-06,9.148958255988413e-05,0.0,Belgaum Airport,Belgaum,India,IXG,VABM,15.8592996597,74.6183013916,Asia
3012,1,1,1,1,1.0,7.972476667693723e-05,5.307238815774323e-07,6.737705500688577e-08,1.0606032621917273e-05,4.844888003630953e-08,Khajuraho Airport,Khajuraho,India,HJR,VAKJ,24.817199706999997,79.91860198970001,Asia
3018,1,1,2,2,1.0,0.00010564371535620565,2.384584960853759e-05,-6.070424683624546e-21,0.00042714176583679304,0.0003065845128697667,Porbandar Airport,Porbandar,India,PBD,VAPR,21.6487007141,69.65720367429999,Asia
3142,2,2,7,7,1.0,0.00011628778047232923,4.49738702491453e-05,4.48405787701208e-05,0.0007964558887864998,0.0,Madurai Airport,Madurai,India,IXM,VOMD,9.83450984955,78.09339904790002,Asia
3152,4,4,9,9,1.0,0.000138231077306593,0.00011846343433875808,0.00011751955236506907,0.002092612611841568,0.0,Tiruchirapally Civil Airport Airport,Tiruchirappalli,India,TRZ,VOTR,10.765399932861328,78.70970153808594,Asia
6169,1,1,1,1,1.0,5.749164291642741e-05,7.354641021107697e-06,7.307102003667751e-06,0.0001299955064021116,0.0,Koggala Airport,Koggala,Sri Lanka,KCT,VCCK,5.993680000305176,80.32029724121094,Asia
6183,3,3,3,3,1.0,0.00010672173688876002,1.0647538399142038e-05,1.0704770785516892e-05,0.00019034120883477498,1.1713070932675575e-05,Gan International Airport,Gan Island,Maldives,GAN,VRMG,-0.693342,73.155602,Asia
8949,3,4,6,7,1.3333333333333333,0.00010987037947541762,0.00011683170304785517,3.283149710231061e-05,0.0023915852827580734,0.0,Mattala Rajapaksa International Airport,Mattala,Sri Lanka,HRI,VCRI,6.284467,81.124128,Asia
9229,2,2,2,2,1.0,0.00015298933603146708,7.354876564006692e-06,7.30733602406171e-06,0.00012999964389231772,0.0006134597190197513,Sigiriya Air Force Base,Sigiriya,Sri Lanka,GIU,VCCS,7.956669807430002,80.7285003662,Asia
3030,1,1,1,1,1.0,0.00011237324612266178,4.141316238814813e-08,4.156145079919311e-08,7.333808458622643e-07,0.0,China Bay Airport,Trinciomalee,Sri Lanka,TRR,VCCT,8.538510322570799,81.18190002441406,Asia
3120,16,16,24,24,1.0,0.0004503493013518344,0.00031267007316631266,0.0003113960041050267,0.00556109358443134,0.0021651019453232494,Wattay International Airport,Vientiane,Laos,VTE,VLVT,17.988300323500003,102.56300354,Asia
3157,48,48,67,67,1.0,0.0014550786096344513,0.0004115391223715256,0.0004143343336160838,0.0073324350106019846,0.009131350039906685,Don Mueang International Airport,Bangkok,Thailand,DMK,VTBD,13.9125995636,100.607002258,Asia
3115,7,7,13,13,1.0,0.00020190735570358226,0.000141281797822844,0.00014075281583160056,0.002517010787107074,6.384007855438307e-06,Luang Phabang International Airport,Luang Prabang,Laos,LPQ,VLLB,19.897300720214844,102.16100311279295,Asia
3116,5,5,5,5,1.0,0.0001246530158342693,1.5122887275586335e-05,1.5158019274735184e-05,0.0002687988881819132,6.638392809347178e-05,Pakse International Airport,Pakse,Laos,PKZ,VLPS,15.132100105285645,105.78099822998048,Asia
3196,20,20,33,33,1.0,0.00040408018778585286,0.0004844215694781708,0.0004827063013804084,0.008588171844586665,0.001966932957757475,Da Nang International Airport,Danang,Vietnam,DAD,VVDN,16.043899536132812,108.1989974975586,Asia
4093,1,1,1,1,1.0,5.698171242612168e-05,3.8344025612755275e-06,3.899592787660898e-06,6.897547863892462e-05,0.0,Sihanoukville International Airport,Sihanoukville,Cambodia,KOS,VDSV,10.57970047,103.637001038,Asia
3038,3,3,8,8,1.0,0.00015199457149771373,1.736080070039545e-05,1.7355390617129993e-05,0.00030779408689090686,2.858303783207e-06,Agartala Airport,Agartala,India,IXA,VEAT,23.8869991302,91.2404022217,Asia
3050,5,5,9,9,1.0,0.00017873707228253713,9.910975292108042e-06,9.903266943881648e-06,0.00017561236491491115,0.00040882616760652067,Imphal Airport,Imphal,India,IMF,VEIM,24.760000228899997,93.896697998,Asia
3039,3,3,6,6,1.0,0.00012800241919148786,1.112887466454913e-05,1.1124326672178061e-05,0.00019728332516599998,2.858303783207e-06,Lengpui Airport,Aizwal,India,AJL,VELP,23.8405990601,92.6196975708,Asia
3040,5,5,16,16,1.0,0.00024288269309091022,0.00013443506084603437,0.00013443969447322999,0.0023862797056055764,1.0001601339821872e-05,Bagdogra Airport,Baghdogra,India,IXB,VEBD,26.68120002746582,88.32859802246094,Asia
3155,5,5,5,5,1.0,0.00011555694792638924,1.2797038693879531e-05,1.2893544751253206e-05,0.00022859467075953585,3.6080177742009106e-05,Paro Airport,Thimphu,Bhutan,PBH,VQPR,27.4032001495,89.42459869380001,Asia
3146,3,3,11,11,1.0,0.0001678253635093285,5.8709923184214875e-05,4.4577745458977625e-05,0.0010476625414236951,1.675837939455976e-05,Vir Savarkar International Airport,Port Blair,India,IXZ,VOPB,11.641200065612791,92.72969818115234,Asia
3055,3,3,7,7,1.0,0.00014203566126125004,1.1991304876350151e-05,1.1985189233435797e-05,0.00021254652392229382,0.0,Silchar Airport,Silchar,India,IXS,VEKU,24.912900924699997,92.9786987305,Asia
3057,4,3,6,6,0.75,0.00014392710356957226,8.837156465711764e-06,2.249833603144321e-05,0.0004137001484118252,6.665618782095774e-05,Dibrugarh Airport,Mohanbari,India,DIB,VEMN,27.4839000702,95.0168991089,Asia
3063,3,4,10,11,1.3333333333333333,0.0001661111934553082,0.00010628410465286656,8.296611576398814e-05,0.0018845178436005861,1.081448215096195e-07,Birsa Munda Airport,Ranchi,India,IXR,VERC,23.314300537100006,85.3217010498,Asia
6172,1,1,1,1,1.0,5.9053112856755535e-05,3.1159630179231587e-06,3.1155319724759707e-06,5.525538086245345e-05,0.0,Shillong Airport,Shillong,India,SHL,VEBI,25.70359992980957,91.97869873046876,Asia
6174,2,2,2,2,1.0,7.94496409326151e-05,3.2434687519506177e-06,3.1654695941964795e-06,5.758922255637007e-05,0.0001561702051690198,Dimapur Airport,Dimapur,India,DMU,VEMR,25.8838996887,93.7711029053,Asia
3068,1,1,3,3,1.0,8.469727233458905e-05,1.5484499386967186e-05,1.582047251968061e-05,0.0002802738066344823,0.0,Cox's Bazar Airport,Cox's Bazar,Bangladesh,CXB,VGCB,21.45219993591309,91.96389770507812,Asia
3071,1,1,3,3,1.0,8.469727233458905e-05,1.5484499386967186e-05,1.582047251968061e-05,0.0002802738066344823,0.0,Jessore Airport,Jessore,Bangladesh,JSR,VGJR,23.183799743652344,89.16079711914062,Asia
3072,1,1,1,1,1.0,7.239152306745311e-05,5.161499795655729e-06,2.9167898092037085e-08,9.395467619657473e-05,0.0,Shah Mokhdum Airport,Rajshahi,Bangladesh,RJH,VGRJ,24.43720054626465,88.61650085449219,Asia
3073,1,2,1,2,2.0,5.960378191395808e-05,5.161665100069845e-06,5.273490839893541e-06,9.395467619657473e-05,0.0003068752061499846,Saidpur Airport,Saidpur,Bangladesh,SPD,VGSD,25.75919914245605,88.90889739990234,Asia
6176,1,1,1,1,1.0,5.960378191395808e-05,5.161499795655729e-06,5.273490839893541e-06,9.342460221149411e-05,0.0,Barisal Airport,Barisal,Bangladesh,BZL,VGBR,22.80100059509277,90.30120086669922,Asia
3177,10,10,18,18,1.0,0.00026291108385204874,0.0002784019322802644,0.0002772005937290837,0.00494049057854375,0.00010742404491669934,Samui Airport,Ko Samui,Thailand,USM,VTSM,9.547789573669997,100.06199646,Asia
4302,24,23,36,35,0.9583333333333334,0.0003096371536943212,0.0005532909684747741,0.0005865280917645145,0.010391794853960065,0.000395179749706047,Jieyang Chaoshan International Airport,Shantou,China,SWA,ZGOW,23.552,116.5033,Asia
6357,13,13,19,19,1.0,0.0001905770999941763,0.0003834524242709284,0.0003822215800350171,0.006770731192855127,9.460993624598935e-05,Zhanjiang Airport,Zhanjiang,China,ZHA,ZGZJ,21.214399,110.358002,Asia
6361,14,14,24,24,1.0,0.00021842548876815216,0.0004889705444286282,0.0004888652194697002,0.008648091789169168,8.694514616233227e-05,Yichang Sanxia Airport,Yichang,China,YIH,ZHYC,30.55655,111.479988,Asia
6383,13,13,16,16,1.0,0.0001696426323272256,0.0002241394812116064,0.00022348595573797175,0.00395226976287646,0.0001935892915831552,Lianyungang Airport,Lianyungang,China,LYG,ZSLG,34.571667,118.873611,Asia
6391,9,9,15,15,1.0,0.0001543897261811329,0.00031202491992133273,0.00031185769774640814,0.005515009166380402,6.3411528625383e-05,Nanping Wuyishan Airport,Wuyishan,China,WUS,ZSWY,27.7019,118.000999,Asia
7898,12,12,12,12,1.0,0.00013334945069903698,0.00020468186801258047,0.00020490667857908605,0.003619087363556427,0.00034708239373156793,Lianshui Airport,Huai An,China,HIA,ZSSH,33.7908333333,119.125,Asia
3085,1,1,1,1,1.0,5.809381080049101e-05,1.4492674112321317e-05,1.4527218543943193e-05,0.000257074871473241,0.0,Kullu Manali Airport,Kulu,India,KUU,VIBR,31.87669944763184,77.15440368652344,Asia
3092,2,2,5,5,1.0,0.00010306575677908049,5.9118630870813345e-05,5.925939452744964e-05,0.0010485786040713475,0.0,Dehradun Airport,Dehra Dun,India,DED,VIDN,30.189698999999997,78.180298,Asia
3101,1,1,1,1,1.0,5.809381080049101e-05,1.4492674112321317e-05,1.4527218543943193e-05,0.000257074871473241,0.0,Kanpur Civil Airport,Kanpur,India,,VIKA,26.441401000000003,80.364899,Asia
3103,1,1,1,1,1.0,5.809381080049101e-05,1.4492674112321317e-05,1.4527218543943193e-05,0.000257074871473241,0.0,Ludhiana Airport,Ludhiaha,India,LUH,VILD,30.854700088500977,75.95259857177734,Asia
3104,3,3,6,6,1.0,0.0001196105982296144,5.919722881384526e-05,5.926430646604895e-05,0.0010487242944536709,2.906932802178572e-07,Leh Kushok Bakula Rimpochee Airport,Leh,India,IXL,VILH,34.135898590100005,77.5465011597,Asia
6741,1,1,2,2,1.0,6.913058489733943e-05,2.8985348224642634e-05,2.9054437087886386e-05,0.000514149742946482,0.0,Gorakhpur Airport,Gorakhpur,India,GOP,VEGK,26.739700317399997,83.44969940189999,Asia
6760,1,1,2,2,1.0,6.913058489733943e-05,2.8985348224642634e-05,2.9054437087886386e-05,0.000514149742946482,0.0,Kangra Airport,Kangra,India,DHM,VIGG,32.16510009765625,76.26339721679688,Asia
3381,9,9,24,24,1.0,0.0002469837362067345,0.0002878723049931866,0.00029063354298531296,0.005133623829490204,4.570626888284405e-05,Xishuangbanna Gasa Airport,Jinghonggasa,China,JHG,ZPJH,21.973899841308594,100.76000213623048,Asia
3118,3,3,3,3,1.0,9.410225221587301e-05,2.8835998417321462e-05,2.864146723382639e-05,0.000513376878733093,5.763679965972644e-05,Savannakhet Airport,Savannakhet,Laos,ZVK,VLSK,16.55660057067871,104.76000213623048,Asia
4081,1,1,1,1,1.0,6.300137830007267e-05,1.7647872278704733e-06,1.7668579138195748e-06,3.137813350860395e-05,0.0,Xieng Khouang Airport,Phon Savan,Laos,XKH,VLXK,19.450001,103.157997,Asia
4142,1,1,1,1,1.0,6.300137830007267e-05,1.7647872278704733e-06,1.7668579138195748e-06,3.137813350860395e-05,0.0,Luang Namtha Airport,Luang Namtha,Laos,LXG,VLLN,20.966999,101.400002,Asia
4143,1,1,1,1,1.0,6.300137830007267e-05,1.7647872278704733e-06,1.7668579138195748e-06,3.137813350860395e-05,0.0,Oudomsay Airport,Muang Xay,Laos,ODY,VLOS,20.68269920349121,101.99400329589844,Asia
6195,5,5,7,7,1.0,0.00013607678689892065,3.8046258614463796e-05,3.793869066885297e-05,0.0006727112152741012,7.76132787069425e-05,Vinh Airport,Vinh,Vietnam,VII,VVVH,18.7376003265,105.67099762,Asia
3122,1,1,1,1,1.0,6.407496512339708e-05,2.8952301249554496e-06,2.8839843350315023e-06,5.118955269053254e-05,0.0,Gautam Buddha Airport,Bhairawa,Nepal,BWA,VNBW,27.505684999999996,83.41629300000001,Asia
3127,1,1,1,1,1.0,6.407496512339708e-05,2.8952301249554496e-06,2.8839843350315023e-06,5.118955269053254e-05,0.0,Pokhara Airport,Pokhara,Nepal,PKR,VNPK,28.20089912414551,83.98210144042969,Asia
3129,1,1,1,1,1.0,6.407496512339708e-05,2.8952301249554496e-06,2.8839843350315023e-06,5.118955269053254e-05,0.0,Biratnagar Airport,Biratnagar,Nepal,BIR,VNVT,26.48150062561035,87.26399993896484,Asia
4097,15,15,30,30,1.0,0.00033929850424708433,0.0004233621946077973,0.0004229359592444644,0.007468299328555891,0.00180669659912786,Lhasa Gonggar Airport,Lhasa,China,LXA,ZULS,29.2978000641,90.9119033813,Asia
4183,1,1,1,1,1.0,6.407496512339708e-05,2.8952301249554496e-06,2.8839843350315023e-06,5.118955269053254e-05,0.0,Tumling Tar Airport,Tumling Tar,Nepal,TMI,VNTR,27.315001,87.193298,Asia
4188,1,1,1,1,1.0,6.407496512339708e-05,2.8952301249554496e-06,2.8839843350315023e-06,5.118955269053254e-05,0.0,Dhangarhi Airport,Dhangarhi,Nepal,DHI,VNDH,28.75329971313477,80.58190155029297,Asia
6179,1,1,1,1,1.0,6.407496512339708e-05,2.8952301249554496e-06,2.8839843350315023e-06,5.118955269053254e-05,0.0,Bharatpur Airport,Bharatpur,Nepal,BHR,VNBP,27.678101,84.42939799999999,Asia
6180,1,1,1,1,1.0,6.407496512339708e-05,2.8952301249554496e-06,2.8839843350315023e-06,5.118955269053254e-05,0.0,Bhadrapur Airport,Chandragarhi,Nepal,BDP,VNCG,26.5708007812,88.07959747310001,Asia
6182,1,1,1,1,1.0,6.407496512339708e-05,2.8952301249554496e-06,2.8839843350315023e-06,5.118955269053254e-05,0.0,Nepalgunj Airport,Nepalgunj,Nepal,KEP,VNNG,28.103599548339844,81.66699981689453,Asia
3130,1,1,1,1,1.0,5.705925005064386e-05,3.392939682241777e-06,3.3890696123805102e-06,5.9958308832936354e-05,0.0,Agatti Airport,Agatti Island,India,AGX,VOAT,10.823699951171877,72.1760025024414,Asia
3134,1,1,1,1,1.0,5.793713766066592e-05,5.1785496244742115e-06,5.14716838315459e-06,9.148958255988413e-05,0.0,Vijayawada Airport,Vijayawada,India,VGA,VOBZ,16.530399322509766,80.79679870605469,Asia
7774,1,1,1,1,1.0,5.793713766066592e-05,5.1785496244742115e-06,5.14716838315459e-06,9.148958255988413e-05,0.0,Mysore Airport,Mysore,India,MYQ,VOMY,12.23,76.655833,Asia
6184,2,2,2,2,1.0,0.00010041172687192078,2.45625135402497e-06,2.4519305731986127e-06,4.339960271854266e-05,9.238057416245731e-07,Hanimaadhoo Airport,Haa Dhaalu Atoll,Maldives,HAQ,VRMH,6.744229793548584,73.17050170898438,Asia
4235,2,2,2,2,1.0,8.87923323672752e-05,3.3340749975234954e-06,3.438996212254354e-06,6.10749457883195e-05,0.0,Kaadedhdhoo Airport,Kaadedhdhoo,Maldives,KDM,VRMT,0.4881309866905213,72.99690246582031,Asia
6185,2,2,2,2,1.0,0.0001018395611042024,3.2926618351353474e-06,3.397434761455158e-06,6.0341564942457226e-05,0.0,Kadhdhoo Airport,Laamu Atoll,Maldives,KDO,VRMK,1.8591699600219729,73.52189636230469,Asia
8892,2,2,2,2,1.0,0.0001018395611042024,3.2926618351353474e-06,3.397434761455161e-06,6.0341564942457226e-05,0.0,Kooddoo Airport,Kooddoo,Maldives,GKK,VRMO,0.7324,73.4336,Asia
11257,2,2,2,2,1.0,0.00010123668017188335,3.287303340827982e-06,3.392708314620049e-06,6.0245962490817586e-05,9.295865837086804e-05,Dharavandhoo Airport,DHARAVANDHOO,Maldives,DRV,VRMD,5.1561,73.1302,Asia
3164,1,1,1,1,1.0,6.554501969559379e-05,2.3481738056833493e-06,2.3255540507764486e-06,4.137877614248501e-05,0.0,Phrae Airport,Phrae,Thailand,PRH,VTCP,18.132200241088867,100.16500091552734,Asia
3170,2,2,3,3,1.0,9.546524387022841e-05,9.891712942480035e-06,1.0010543700546064e-05,0.0001777255730363062,0.0,Phitsanulok Airport,Phitsanulok,Thailand,PHS,VTPP,16.782899856567386,100.27899932861328,Asia
3173,1,1,1,1,1.0,6.554501969559379e-05,2.3481738056833493e-06,2.3255540507764486e-06,4.137877614248501e-05,0.0,Narathiwat Airport,Narathiwat,Thailand,NAW,VTSC,6.519919872283936,101.74299621582033,Asia
3174,6,6,16,16,1.0,0.00022904199166320536,0.0003139168392856113,0.0003116128654045634,0.0055772269844158945,3.0940946094969584e-07,Krabi Airport,Krabi,Thailand,KBV,VTSG,8.09912014008,98.9861984253,Asia
3180,1,1,1,1,1.0,6.554501969559379e-05,2.3481738056833493e-06,2.3255540507764486e-06,4.137877614248501e-05,0.0,Ranong Airport,Ranong,Thailand,UNN,VTSR,9.777620315551758,98.58550262451172,Asia
3181,5,5,6,6,1.0,0.0001263067952916824,8.016286442692603e-05,7.965764244582134e-05,0.0014220924410082085,5.433638321297726e-05,Hat Yai International Airport,Hat Yai,Thailand,HDY,VTSS,6.933209896089999,100.392997742,Asia
3182,1,1,2,2,1.0,8.403300268754497e-05,4.696347611366699e-06,4.651108101552897e-06,8.275755228497002e-05,0.0,Trang Airport,Trang,Thailand,TST,VTST,7.508739948272705,99.6166000366211,Asia
3183,4,4,6,6,1.0,0.00012452312794950635,7.138095085894223e-05,7.16276026913204e-05,0.0012811093423848545,2.609279201609017e-06,Udon Thani Airport,Udon Thani,Thailand,UTH,VTUD,17.386400222800006,102.788002014,Asia
3184,1,1,1,1,1.0,6.554501969559379e-05,2.3481738056833493e-06,2.3255540507764486e-06,4.137877614248501e-05,0.0,Sakon Nakhon Airport,Sakon Nakhon,Thailand,SNO,VTUI,17.195100784301758,104.11900329589844,Asia
3186,1,1,1,1,1.0,6.554501969559379e-05,2.3481738056833493e-06,2.3255540507764486e-06,4.137877614248501e-05,0.0,Loei Airport,Loei,Thailand,LOE,VTUL,17.43910026550293,101.72200012207033,Asia
3222,8,8,16,17,1.0,0.00035812448600250324,0.00010934055818185589,0.00010898772706222518,0.0019478501038167337,6.947237511841802e-05,Mandalay International Airport,Mandalay,Burma,MDL,VYMD,21.70219993591309,95.97789764404295,Asia
3932,3,3,11,11,1.0,0.0001707589180701031,0.0002381660126674583,0.0002368371627981268,0.004242239823929793,0.0,Chiang Rai International Airport,Chiang Rai,Thailand,CEI,VTCT,19.952299118,99.8828964233,Asia
3933,1,1,2,2,1.0,8.403300268754497e-05,4.696347611366699e-06,4.651108101552897e-06,8.275755228497002e-05,0.0,Nakhon Si Thammarat Airport,Nakhon Si Thammarat,Thailand,NST,VTSF,8.539620399475098,99.9447021484375,Asia
3936,1,1,2,2,1.0,8.403300268754497e-05,4.696347611366699e-06,4.651108101552897e-06,8.275755228497002e-05,0.0,Nakhon Phanom Airport,Nakhon Phanom,Thailand,KOP,VTUW,17.383800506591793,104.64299774169922,Asia
3937,2,2,3,3,1.0,9.394473694418313e-05,3.16816531422247e-05,3.144025995263055e-05,0.0005632396343307618,0.0,Ubon Ratchathani Airport,Ubon Ratchathani,Thailand,UBP,VTUU,15.2512998581,104.870002747,Asia
3938,2,2,2,2,1.0,7.545675395223194e-05,2.933347933654135e-05,2.9114705901854127e-05,0.0005218608581882768,2.38089483852739e-05,Khon Kaen Airport,Khon Kaen,Thailand,KKC,VTUK,16.466600418099993,102.783996582,Asia
4000,3,3,4,4,1.0,0.00010435643577448162,4.8578399929593465e-05,4.816730179922372e-05,0.0008602685708034415,1.9352924716272048e-05,Surat Thani Airport,Surat Thani,Thailand,URT,VTSB,9.13259983063,99.135597229,Asia
4131,2,2,2,2,1.0,7.697726087827722e-05,7.5435391367966865e-06,7.684989649769613e-06,0.0001363467968938212,1.6517353323927728e-06,Nan Airport,Nan,Thailand,NNT,VTCN,18.807899475097656,100.78299713134766,Asia
4132,1,1,1,1,1.0,6.554501969559379e-05,2.3481738056833493e-06,2.3255540507764486e-06,4.137877614248501e-05,0.0,Roi Et Airport,Roi Et,Thailand,ROI,VTUV,16.11680030822754,103.77400207519533,Asia
4133,1,1,1,1,1.0,6.554501969559379e-05,2.3481738056833493e-06,2.3255540507764486e-06,4.137877614248501e-05,0.0,Buri Ram Airport,Buri Ram,Thailand,BFV,VTUO,15.229499816894531,103.25299835205078,Asia
4300,1,1,1,1,1.0,6.554501969559379e-05,2.3481738056833493e-06,2.3255540507764486e-06,4.137877614248501e-05,0.0,Chumphon Airport,Chumphon,Thailand,CJM,VTSE,10.711199760437012,99.36170196533205,Asia
6186,1,1,1,1,1.0,6.554501969559379e-05,2.3481738056833493e-06,2.3255540507764486e-06,4.137877614248501e-05,0.0,Mae Sot Airport,Tak,Thailand,MAQ,VTPM,16.699899673461914,98.54509735107422,Asia
3161,2,2,2,2,1.0,6.87146916798842e-05,9.08961704383739e-06,9.611968395619465e-06,0.00017029478841799713,0.0,U-Tapao International Airport,Pattaya,Thailand,UTP,VTBU,12.67990016937256,101.00499725341795,Asia
3163,1,1,1,1,1.0,5.696877096028075e-05,2.6985305530858e-05,2.6789151851077655e-05,0.0004804820820457919,0.0,Lampang Airport,Lampang,Thailand,LPT,VTCL,18.27090072631836,99.50420379638672,Asia
3408,12,12,29,29,1.0,0.000516709586384323,7.400078785238753e-05,7.351459147176664e-05,0.0013097567595945572,0.0006159533681937412,Sultan Abdul Aziz Shah International Airport,Kuala Lumpur,Malaysia,SZB,WMSA,3.130579948425293,101.54900360107422,Asia
4153,3,3,5,5,1.0,0.00010333230902193074,3.507683164520854e-05,3.4989598352992343e-05,0.0006200686356892285,0.0,Lien Khuong Airport,Dalat,Vietnam,DLI,VVDL,11.75,108.366997,Asia
6187,4,4,7,7,1.0,0.0001317251700319631,4.3855525511064914e-05,4.373484784594236e-05,0.000775211691624002,0.0,Buon Ma Thuot Airport,Buonmethuot,Vietnam,BMV,VVBM,12.668299675,108.120002747,Asia
6188,2,2,4,4,1.0,9.307553145594726e-05,2.842670818462582e-05,2.832816838223109e-05,0.0005025022860537497,0.0,Cat Bi International Airport,Haiphong,Vietnam,HPH,VVCI,20.81940078735352,106.7249984741211,Asia
6189,4,4,7,7,1.0,0.0001270104165997546,5.5463346536520874e-05,5.533824554951402e-05,0.0009806836206866514,6.945918470833305e-05,Cam Ranh Airport,Nha Trang,Vietnam,CXR,VVCR,11.99820041656494,109.21900177001952,Asia
6194,3,3,3,3,1.0,8.039422066652324e-05,1.8906246341073965e-05,1.8863500816198878e-05,0.000334264243397157,8.812879180362533e-06,Pleiku Airport,Pleiku,Vietnam,PXU,VVPK,14.00450038909912,108.01699829101562,Asia
3201,2,2,4,4,1.0,9.293321341445759e-05,3.2341170608269144e-05,3.2252195073586925e-05,0.000571608784584143,0.0,Phu Bai Airport,Hue,Vietnam,HUI,VVPB,16.401500701899998,107.70300293,Asia
3204,3,3,5,5,1.0,0.00012752291313038636,3.334234177518433e-05,3.323093206273726e-05,0.0005892815836081114,0.0,Phu Quoc International Airport,Phuquoc,Vietnam,PQC,VVPQ,10.1698,103.9931,Asia
4154,2,2,2,2,1.0,6.999512505905008e-05,1.6170585304134572e-05,1.6126097536793462e-05,0.0002858043922920715,6.011390919235337e-07,Dong Hoi Airport,Dong Hoi,Vietnam,VDH,VVDH,17.515,106.590556,Asia
4157,2,2,2,2,1.0,6.999512505905008e-05,1.6170585304134572e-05,1.6126097536793462e-05,0.0002858043922920715,6.011390919235337e-07,Chu Lai International Airport,Chu Lai,Vietnam,VCL,VVCA,15.4033002853,108.706001282,Asia
4158,2,2,2,2,1.0,6.999512505905008e-05,1.6170585304134572e-05,1.6126097536793462e-05,0.0002858043922920715,6.011390919235337e-07,Dong Tac Airport,Tuy Hoa,Vietnam,TBB,VVTH,13.0495996475,109.333999634,Asia
6191,3,3,3,3,1.0,0.00011919865269713036,7.843828996002477e-06,7.832898845986469e-06,0.0001386400202332215,1.1029163095721135e-05,Can Tho International Airport,Can Tho,Vietnam,VCA,VVCT,10.085100174,105.711997986,Asia
6192,1,1,1,1,1.0,5.812199201077292e-05,7.606902921572431e-06,7.595842502518236e-06,0.00013445691397585006,0.0,Dien Bien Phu Airport,Dienbienphu,Vietnam,DIN,VVDB,21.3974990845,103.008003235,Asia
6193,2,2,3,3,1.0,8.186825810732726e-05,2.4734267686696716e-05,2.465635257106869e-05,0.00043715187060829297,0.0,Phu Cat Airport,Phucat,Vietnam,UIH,VVPC,13.955,109.042,Asia
4155,1,1,1,1,1.0,5.893016975191976e-05,8.563682382562142e-06,8.53025503427523e-06,0.00015134747831622146,0.0,Rach Gia Airport,Rach Gia,Vietnam,VKG,VVRG,9.95802997234,105.132379532,Asia
4156,1,1,1,1,1.0,5.893016975191976e-05,8.563682382562142e-06,8.53025503427523e-06,0.00015134747831622146,0.0,Cà Mau Airport,Ca Mau,Vietnam,CAH,VVCM,9.177667,105.177778,Asia
6190,2,2,2,2,1.0,9.271169172670169e-05,8.608074088487616e-06,8.574579491668565e-06,0.00015212971299981845,2.164698442654341e-05,Co Ong Airport,Conson,Vietnam,VCS,VVCS,8.73183,106.633003,Asia
3209,2,3,6,7,1.5,0.00014843314377217058,1.3727689374377779e-05,1.3661997072096487e-05,0.00024378333452392762,0.0,Bagan Airport,Bagan,Burma,NYU,VYBG,21.178800582885746,94.9301986694336,Asia
3213,4,3,9,7,0.75,0.00020879219010109,1.3679269927816251e-05,1.3792760149716231e-05,0.0002447255413192746,0.00015338915419495596,Heho Airport,Heho,Burma,HEH,VYHH,20.746999740600582,96.79199981689452,Asia
3237,3,4,4,5,1.3333333333333333,0.00012418658373133536,4.706327630299029e-06,5.249168071236386e-06,8.395924271538907e-05,0.0009200786890021965,Tachileik Airport,Tachilek,Burma,THL,VYTL,20.483800888061523,99.9354019165039,Asia
3215,1,1,1,1,1.0,6.821207198362237e-05,3.932169793724436e-06,2.6594845277050823e-08,7.028384265945045e-05,0.0,Kengtung Airport,Kengtung,Burma,KET,VYKG,21.30159950256348,99.63600158691406,Asia
3217,1,1,1,1,1.0,6.2912992358696e-05,3.932169793724436e-06,3.936129751899092e-06,6.981008067652988e-05,0.0,Kyaukpyu Airport,Kyaukpyu,Burma,KYP,VYKP,19.42639923095703,93.53479766845705,Asia
3224,3,3,4,4,1.0,0.0001695248172802948,5.167676439406802e-06,5.172033932645408e-06,9.17944493895951e-05,0.0006134597190197513,Myitkyina Airport,Myitkyina,Burma,MYT,VYMK,25.38360023498535,97.35189819335938,Asia
3223,2,2,2,2,1.0,0.00025012850015854816,2.2308816988258217e-08,2.222160335056375e-08,3.939425770240135e-07,0.0006134597190197513,Myeik Airport,Myeik,Burma,MGZ,VYME,12.439800262451172,98.62149810791016,Asia
6197,2,2,2,2,1.0,0.0001727002444266898,3.932295731120097e-06,3.936255816122139e-06,6.981230379166075e-05,0.001226531846999212,Dawei Airport,Dawei,Burma,TVY,VYDW,14.103899955749512,98.20359802246094,Asia
6198,1,1,1,1,1.0,0.00015684428877163638,1.2593739565987442e-10,1.2606422304753286e-10,2.2231151308684095e-09,0.0,Kawthoung Airport,Kawthoung,Burma,KAW,VYKT,10.04930019378662,98.53800201416016,Asia
3232,1,1,1,1,1.0,8.315406390333938e-05,2.93116780758908e-08,2.9201867388723318e-08,5.179749753273344e-07,0.0,Putao Airport,Putao,Burma,PBU,VYPT,27.32990074157715,97.42630004882812,Asia
3235,2,2,3,3,1.0,0.0001200001155648809,7.886899556690026e-06,7.89473251584143e-06,0.0001400185374712205,0.0,Sittwe Airport,Sittwe,Burma,AKY,VYSW,20.132699966430664,92.87259674072266,Asia
3236,2,2,2,2,1.0,9.692883653583724e-05,3.976911932119737e-06,3.980697595428607e-06,7.060016377994004e-05,0.00030672985950987565,Thandwe Airport,Thandwe,Burma,SNW,VYTD,18.4606990814209,94.30010223388672,Asia
3240,23,23,53,53,1.0,0.0012207474824458648,0.00017185921082972332,0.00017148955370572798,0.0030558015039119026,0.00570027004084064,Hasanuddin International Airport,Ujung Pandang,Indonesia,UPG,WAAA,-5.061629772186278,119.5540008544922,Asia
3241,2,2,4,4,1.0,0.00015008372962182644,2.290246995771096e-06,2.1825639170875857e-06,3.876786466817365e-05,0.0,Frans Kaisiepo Airport,Biak,Indonesia,BIK,WABB,-1.190019965171814,136.10800170898438,Asia
3243,3,3,4,4,1.0,0.00014383787135587275,7.659191359093407e-06,7.50115174822983e-06,0.000134088732357985,0.0005273915860662578,Moses Kilangin Airport,Timika,Indonesia,TIM,WABP,-4.528279781341553,136.88699340820312,Asia
3244,9,9,18,17,1.0,0.0006315946134789497,2.1258304254070674e-05,3.0567031823064326e-05,0.000379632458937003,0.0020655523955937774,Sentani International Airport,Jayapura,Indonesia,DJJ,WAJJ,-2.5769500733,140.5160064698,Asia
3247,2,2,4,4,1.0,0.00012716988841866074,3.5827177384994845e-06,3.5792991646402863e-06,6.356324702561051e-05,0.0,Jalaluddin Airport,Gorontalo,Indonesia,GTO,WAMG,0.6371189951899999,122.849998474,Asia
3249,3,4,7,8,1.3333333333333333,0.00015959157268455407,2.5396495716748153e-05,2.3176780666947563e-05,0.00045565221257693334,9.689776007261906e-08,Mutiara Airport,Palu,Indonesia,PLW,WAML,-0.9185420274734496,119.91000366210938,Asia
3250,11,11,21,21,1.0,0.0005218730177735484,0.00011782911908875879,0.00011770045818857985,0.002098034380727038,0.002430400977710707,Sam Ratulangi Airport,Manado,Indonesia,MDC,WAMM,1.5492600202560425,124.9260025024414,Asia
3251,1,1,1,1,1.0,6.670183552556407e-05,9.718897163208363e-07,9.711540463156647e-07,1.7241848709124914e-05,0.0,Kasiguncu Airport,Poso,Indonesia,PSJ,WAMP,-1.4167499542200002,120.657997131,Asia
3253,3,3,8,8,1.0,0.00019409167968047387,2.312405949629854e-05,2.3251436423373956e-05,0.0004127399765895817,0.0,Sultan Khairun Babullah Airport,Ternate,Indonesia,TTE,WAMT,0.8314139842987059,127.38099670410156,Asia
3254,1,1,2,2,1.0,8.634663434748555e-05,1.9437794326416726e-06,1.9423080926313294e-06,3.448369741824983e-05,0.0,Syukuran Aminuddin Amir Airport,Luwuk,Indonesia,LUW,WAMW,-1.03892,122.772003,Asia
3256,8,9,14,14,1.125,0.0004350577897582422,3.4946679826657656e-05,3.545161353999757e-05,0.0006290581374688261,0.002417219933783798,"Pattimura Airport, Ambon",Ambon,Indonesia,AMQ,WAPP,-3.7102599144,128.089004517,Asia
3260,5,5,7,7,1.0,0.0002775611058558931,1.5525420120074252e-06,1.4410031852925174e-06,2.5664420235411394e-05,0.0010351517284522146,Rendani Airport,Manokwari,Indonesia,MKW,WASR,-0.8918330073356628,134.04899597167972,Asia
3261,6,6,8,8,1.0,0.00032269975904982844,2.8294343667560242e-06,2.8233977480835965e-06,5.018467876535304e-05,0.0006271429327873841,Dominique Edward Osok Airport,Sorong,Indonesia,SOQ,WAXX,-0.894,131.287,Asia
3890,2,2,4,4,1.0,0.0001182738735510599,1.201929143832506e-05,1.2083693742620517e-05,0.00021447621001112455,0.0,Wolter Monginsidi Airport,Kendari,Indonesia,KDI,WAWW,-4.081610202789307,122.41799926757812,Asia
3898,13,13,29,29,1.0,0.00043156435977223994,0.00022908374882077596,0.00022810812723516767,0.004066744887147004,0.0005832884961692888,Adi Sutjipto International Airport,Yogyakarta,Indonesia,JOG,WARJ,-7.788179874420166,110.43199920654295,Asia
3919,14,14,36,36,1.0,0.0006132278686431411,0.00017013799159923865,0.00017011942625370468,0.003029505264897183,0.0015939627564325104,Sultan Aji Muhamad Sulaiman Airport,Balikpapan,Indonesia,BPN,WALL,-1.2682700157200002,116.893997192,Asia
3920,5,5,7,7,1.0,0.00015395072301896631,1.5556051605875394e-05,1.576701400972166e-05,0.0002798007913256,0.0002834305519129531,Juwata Airport,Taraken,Indonesia,TRK,WALR,3.326667,117.569444,Asia
8401,10,10,16,16,1.0,0.0002781216594300538,0.00014029765706642352,0.00013988748963315146,0.0024938245899168497,0.0017118420701972825,Lombok International Airport,Praya,Indonesia,LOP,WADL,-8.757322,116.276675,Asia
9887,1,1,1,1,1.0,6.670183552556407e-05,9.718897163208363e-07,9.711540463156647e-07,1.7241848709124914e-05,0.0,Betoambari Airport,Bau-Bau,Indonesia,BUW,WAWB,-5.486879825592041,122.56900024414062,Asia
3242,3,3,3,3,1.0,0.00014528761115168852,3.741629086935124e-07,3.187597693036441e-07,5.711902474505098e-06,7.992543760380355e-05,Nabire Airport,Nabire,Indonesia,NBX,WABI,-3.36818,135.496002,Asia
3258,2,3,2,3,1.5,0.00013993862705595148,2.0398893917365452e-07,2.2509871836504024e-09,3.604272269789819e-06,1.9277522183310943e-06,Kaimana Airport,Kaimana,Indonesia,KNG,WASK,-3.6445200443267822,133.69599914550778,Asia
3245,1,1,1,1,1.0,7.892558434081304e-05,1.7323378156471163e-07,1.2012791222813723e-07,2.1420836249619136e-06,0.0,Wamena Airport,Wamena,Indonesia,WMX,WAJW,-4.10251,138.957001,Asia
3246,1,1,3,3,1.0,0.00014266267961515392,5.197013446941349e-07,3.603837366844041e-07,6.426250874885741e-06,0.0,Mopah Airport,Merauke,Indonesia,MKQ,WAKK,-8.520290374755861,140.41799926757812,Asia
9898,1,1,1,1,1.0,7.892558434081304e-05,1.7323378156471163e-07,1.2012791222813723e-07,2.1420836249619136e-06,0.0,Oksibil Airport,Oksibil,Indonesia,OKL,WAJO,-4.9071,140.6277,Asia
3886,1,1,1,1,1.0,6.823549195289631e-05,6.670485895369759e-07,6.658370256932864e-07,1.1837700898235776e-05,0.0,Naha Airport,Naha,Indonesia,NAH,WAMH,3.6832098960876474,125.52799987792967,Asia
9888,1,1,1,1,1.0,6.823549195289631e-05,6.670485895369759e-07,6.658370256932864e-07,1.1837700898235776e-05,0.0,Kao Airport,Kao,Indonesia,KAZ,WAMK,1.1852799654006958,127.89600372314452,Asia
9889,1,1,1,1,1.0,6.823549195289631e-05,6.670485895369759e-07,6.658370256932864e-07,1.1837700898235776e-05,0.0,Melangguane Airport,Melonguane,Indonesia,MNA,WAMN,4.00694,126.672997,Asia
3257,4,3,4,3,0.75,0.00018166099324648692,2.4180569807932707e-08,2.2339383561916854e-07,3.997822358113969e-06,0.00026949579131265366,Fakfak Airport,Fak Fak,Indonesia,FKQ,WASF,-2.9201900959014893,132.26699829101562,Asia
6212,2,1,2,2,0.5,0.00013622096974578941,4.018327400353286e-07,1.9748546666550587e-07,7.11921611557233e-06,0.0003065845128697668,Dumatumbun Airport,Langgur-Kei Islands,Indonesia,LUV,WAPL,-5.661620140075684,132.73100280761722,Asia
11258,1,1,1,1,1.0,7.358017563794903e-05,1.1192174102008618e-09,1.9747914211350012e-07,3.5896537890300774e-06,0.0,Saumlaki/Olilit Airport,Saumlaki,Indonesia,SXK,WAPI,-7.9886097908,131.305999756,Asia
3259,1,1,1,1,1.0,8.151890962312938e-05,1.6001156788561868e-08,1.598876557615968e-08,2.8318223689470114e-07,0.0,Babo Airport,Babo,Indonesia,BXB,WASO,-2.5322399139404297,133.43899536132812,Asia
3262,5,5,7,7,1.0,0.00015253295655107084,4.109089455488201e-05,4.0781173310486494e-05,0.0007234735248797468,4.665544346030441e-06,Bintulu Airport,Bintulu,Malaysia,BTU,WBGB,3.1238501071900004,113.019996643,Asia
3263,13,13,25,25,1.0,0.00045036254522794184,0.00018935128875757485,0.00018768512556275758,0.00334287331014306,0.0008949808939028716,Kuching International Airport,Kuching,Malaysia,KCH,WBGG,1.4846999645233154,110.34700012207033,Asia
3267,6,6,9,9,1.0,0.00017903505777454792,5.8234613621454353e-05,5.775310147541512e-05,0.0010248609559512813,3.2867847034416346e-06,Sibu Airport,Sibu,Malaysia,SBW,WBGS,2.2616000175476074,111.98500061035156,Asia
3284,4,4,6,6,1.0,0.00015325290332828166,2.8707801657541624e-05,2.8910125076558986e-05,0.0005130064171797641,2.3470828210401712e-05,Supadio Airport,Pontianak,Indonesia,PNK,WIOO,-0.1507109999656677,109.40399932861328,Asia
3298,7,7,14,14,1.0,0.00023065322872329073,7.583332795950292e-05,7.525177951050938e-05,0.0013382602479417207,0.00027465603082023365,Sultan Ismail Petra Airport,Kota Bahru,Malaysia,KBR,WMKC,6.166850090026856,102.29299926757812,Asia
3303,12,12,18,18,1.0,0.0003060488326382092,6.0479757846189904e-05,6.05500885539912e-05,0.0010738390953012418,0.0006721342155545474,Senai International Airport,Johor Bahru,Malaysia,JHB,WMKJ,1.6413099999999998,103.669998,Asia
3305,5,5,17,17,1.0,0.00024879232087345277,0.00021245941515177425,0.00021049492980737842,0.0037514094376352777,5.537014861292518e-08,Langkawi International Airport,Langkawi,Malaysia,LGK,WMKL,6.329730033874513,99.72869873046876,Asia
4056,4,4,6,6,1.0,0.00013875684609374983,1.0981251706357207e-05,1.0749673268021629e-05,0.0001950403905752071,3.360265504830037e-06,Mulu Airport,Mulu,Malaysia,MZV,WBMU,4.048329830169679,114.80500030517578,Asia
6217,2,2,2,2,1.0,8.644329666540043e-05,1.558749842804379e-06,1.5668172349729002e-06,2.762111058521066e-05,1.6072816292265185e-05,Mukah Airport,Mukah,Malaysia,MKM,WBGK,2.90639,112.080002,Asia
3264,1,1,1,1,1.0,7.110012254250955e-05,4.950743039792041e-07,4.968177315177109e-07,8.76003451919167e-06,0.0,Limbang Airport,Limbang,Malaysia,LMN,WBGJ,4.808300018310547,115.01000213623048,Asia
3265,5,5,5,5,1.0,0.0002707866123950421,5.064017161324848e-07,5.080732185054047e-07,8.958895829884328e-06,5.813865604357144e-07,Marudi Airport,Marudi,Malaysia,MUR,WBGM,4.1789798736572275,114.3290023803711,Asia
6215,2,2,2,2,1.0,0.00011750470418167854,4.979537279763694e-07,4.996793417468589e-07,8.810586787326339e-06,0.0,Long Lellang Airport,Long Datih,Malaysia,LGL,WBGF,3.42100000381,115.153999329,Asia
6216,2,2,2,2,1.0,0.00011750470418167854,4.979537279763694e-07,4.996793417468589e-07,8.810586787326339e-06,0.0,Long Seridan Airport,Long Seridan,Malaysia,ODN,WBGI,3.9670000076293945,115.0500030517578,Asia
6220,2,2,2,2,1.0,0.00011750470418167854,4.979537279763694e-07,4.996793417468589e-07,8.810586787326339e-06,0.0,Bario Airport,Bario,Malaysia,BBN,WBGZ,3.7338900566101074,115.47899627685548,Asia
6769,2,2,2,2,1.0,0.00011750470418167854,4.979537279763694e-07,4.996793417468589e-07,8.810586787326339e-06,0.0,Long Akah Airport,Long Akah,Malaysia,LKH,WBGL,3.2999999523162837,114.78299713134766,Asia
3270,3,3,4,4,1.0,0.00010490913137089975,3.863623697840021e-05,3.8312098076697935e-05,0.0006799689352951481,3.0768395566176258e-06,Labuan Airport,Labuan,Malaysia,LBU,WBKL,5.300680160522461,115.25,Asia
3307,4,4,7,7,1.0,0.00014795629676955956,6.192756373963857e-05,6.133631295246334e-05,0.001091843896208748,0.0,Sultan Mahmud Airport,Kuala Terengganu,Malaysia,TGG,WMKN,5.3826398849487305,103.10299682617188,Asia
6219,3,3,3,3,1.0,0.00016373280930486077,4.842898499447378e-06,4.858169968371219e-06,8.591379811867169e-05,0.0006165365585763686,Lawas Airport,Lawas,Malaysia,LWY,WBGW,4.84917,115.407997,Asia
3268,1,1,1,1,1.0,6.004264787143581e-05,4.34766909968347e-06,4.361196651993832e-06,7.715102783059698e-05,0.0,Lahad Datu Airport,Lahad Datu,Malaysia,LDU,WBKD,5.032249927520752,118.3239974975586,Asia
3271,5,5,7,7,1.0,0.0001477892714098684,4.316190446990486e-05,4.2847763951999674e-05,0.0007602468889981172,2.0603471843594015e-05,Tawau Airport,Tawau,Malaysia,TWU,WBKW,4.320159912109375,118.12799835205078,Asia
4141,4,4,6,6,1.0,0.00014616432024214506,4.2757750369169006e-05,4.244630677790283e-05,0.0007531087318396219,4.479654146782513e-06,Sandakan Airport,Sandakan,Malaysia,SDK,WBKS,5.900899887084961,118.05899810791016,Asia
6222,2,2,2,2,1.0,8.076614482957774e-05,4.588226778922828e-06,4.602815137740957e-06,8.140023413535353e-05,4.6833464263678835e-05,Kudat Airport,Kudat,Malaysia,KUD,WBKT,6.922500133514403,116.83599853515624,Asia
3273,7,7,18,18,1.0,0.00027471262086111646,0.00015723389142263585,0.00015669842672209487,0.002790293213499374,5.1927808252843004e-05,Sultan Syarif Kasim Ii (Simpang Tiga) Airport,Pekanbaru,Indonesia,PKU,WIBB,0.4607860147953034,101.44499969482422,Asia
3896,9,9,21,21,1.0,0.0003073666092137212,0.0002190605361773685,0.00021751816848773143,0.003879915600701797,2.001586628739332e-05,Husein Sastranegara International Airport,Bandung,Indonesia,BDO,WICC,-6.900629997253418,107.57599639892578,Asia
3903,17,17,27,27,1.0,0.0004972918720921114,5.805586915271289e-05,5.856511473005845e-05,0.001040180463912658,0.002589607001210917,Hang Nadim International Airport,Batam,Indonesia,BTH,WIDD,1.12102997303,104.119003296,Asia
3287,2,2,6,6,1.0,0.0001275480397503144,3.7078306066542695e-05,3.733705874496408e-05,0.0006627412044971886,0.0,Sultan Thaha Airport,Jambi,Indonesia,DJB,WIPA,-1.6380200386047363,103.6439971923828,Asia
3288,2,2,5,5,1.0,0.0001118674189902842,3.674639761199645e-05,3.700899257982913e-05,0.000656871930016094,0.0,Fatmawati Soekarno Airport,Bengkulu,Indonesia,BKS,WIPL,-3.8637,102.338997,Asia
3289,7,8,13,14,1.1428571428571428,0.00021340874996363002,0.00014115524710211534,0.00014025410875031274,0.0025025487299868477,0.0011518384423069856,Sultan Mahmud Badaruddin II Airport,Palembang,Indonesia,PLM,WIPP,-2.8982501029968,104.69999694824,Asia
3294,3,3,5,5,1.0,0.00010535364870784824,4.0410671334931474e-05,4.037137065362692e-05,0.0007165218788004893,5.421519520064649e-08,Sultan Iskandar Muda International Airport,Banda Aceh,Indonesia,BTJ,WITT,5.5228720240100015,95.42063713070002,Asia
3894,2,2,3,3,1.0,8.502085802291606e-05,2.454807865836825e-05,2.4630205084805007e-05,0.0004380640441664359,0.0,Abdul Rachman Saleh Airport,Malang,Indonesia,MLG,WARA,-7.926559925079999,112.714996338,Asia
3901,9,9,17,17,1.0,0.0002687534402803938,0.00017113685659960772,0.00017048863959210478,0.0030401016888888794,0.00036281079446718006,Achmad Yani Airport,Semarang,Indonesia,SRG,WARS,-6.97273,110.375,Asia
3904,2,2,4,4,1.0,0.00010171967331960251,2.75260115212075e-05,2.772372348231566e-05,0.0004920537177021126,9.350686623565514e-08,Buluh Tumbang (H A S Hanandjoeddin) Airport,Tanjung Pandan,Indonesia,TJQ,WIOD,-2.74571990967,107.754997253,Asia
3905,4,4,7,7,1.0,0.00014649012550709253,3.76983852065114e-05,3.796218843158923e-05,0.0006737683501773547,0.0004134869644688174,Pangkal Pinang (Depati Amir) Airport,Pangkal Pinang,Indonesia,PGK,WIPK,-2.16219997406,106.138999939,Asia
3906,1,1,3,3,1.0,8.390435784860114e-05,2.7310866868087655e-05,2.7510694811020638e-05,0.0004882519916512495,0.0,Raja Haji Fisabilillah International Airport,Tanjung Pinang,Indonesia,TNJ,WIDN,0.922683000565,104.531997681,Asia
3908,7,7,13,14,1.0,0.00022547979159064698,5.1293442774748566e-05,4.967171150575686e-05,0.0009255050800248089,1.9898878645690556e-06,Syamsudin Noor Airport,Banjarmasin,Indonesia,BDJ,WAOO,-3.4423599243164062,114.76300048828124,Asia
3910,7,7,7,7,1.0,0.00017526548205605685,1.34710901396469e-05,1.3699701653127195e-05,0.00024310087441459057,0.0008857728822199733,Iskandar Airport,Pangkalan Bun,Indonesia,PKN,WAOI,-2.70519995689,111.672996521,Asia
3911,2,2,3,3,1.0,8.506749813427975e-05,2.055257709311395e-05,2.083790627809807e-05,0.00036973975775810854,0.0,Tjilik Riwut Airport,Palangkaraya,Indonesia,PKY,WAOP,-2.22513008118,113.943000793,Asia
3929,4,4,8,8,1.0,0.00014718150677120936,0.00012345255202999037,0.0001227065751785938,0.002187220186249612,4.096367843290567e-05,Adi Sumarmo Wiryokusumo Airport,Solo City,Indonesia,SOC,WARQ,-7.516089916229247,110.75700378417967,Asia
6223,3,2,6,5,0.6666666666666666,0.00012824465431189607,2.7974683777180148e-05,2.8964477082309604e-05,0.0005141105603564107,0.0,Radin Inten II (Branti) Airport,Bandar Lampung-Sumatra Island,Indonesia,TKG,WIAT,-5.240556,105.175556,Asia
8807,3,3,7,7,1.0,0.00013795973858061287,5.3975052853911464e-05,5.4064100591557385e-05,0.0009597701409698685,0.0,Tabing Airport,Padang,Indonesia,,WIMG,-0.8749889999999999,100.351997,Asia
3282,2,2,2,2,1.0,9.0112331387837e-05,2.4148440250685355e-07,2.3834743125019472e-07,4.266339265839878e-06,1.2731976215969695e-05,Ketapang(Rahadi Usman) Airport,Ketapang,Indonesia,KTG,WIOK,-1.816640019416809,109.96299743652344,Asia
3296,2,2,5,5,1.0,0.00011339509259617524,3.504339026944013e-05,3.470859017334111e-05,0.0006162280122361254,0.0,Sultan Abdul Halim Airport,Alor Setar,Malaysia,AOR,WMKA,6.189670085906982,100.39800262451172,Asia
3299,3,3,5,5,1.0,0.00010182500461357723,7.498162508864485e-05,7.429271754148875e-05,0.0013247322499398515,5.421519520064649e-08,Kuantan Airport,Kuantan,Malaysia,KUA,WMKD,3.775389909744263,103.20899963378906,Asia
3300,1,1,2,2,1.0,7.740014219159973e-05,8.332644631350624e-07,8.363376534365404e-07,1.4780092860510662e-05,0.0,Kerteh Airport,Kerteh,Malaysia,KTE,WMKE,4.537220001220703,103.427001953125,Asia
3302,1,1,2,2,1.0,6.809327337267728e-05,5.277819833243849e-05,5.2261810095208945e-05,0.0009337116989068617,0.0,Sultan Azlan Shah Airport,Ipoh,Malaysia,IPH,WMKI,4.567969799041748,101.09200286865234,Asia
3310,3,3,4,4,1.0,0.00010862331196504247,3.5818212194139635e-05,3.550043055599934e-05,0.000634692508480799,1.0320698620255934e-05,Presidente Nicolau Lobato International Airport,Dili,East Timor,DIL,WPDL,-8.54640007019,125.526000977,Asia
4013,2,2,2,2,1.0,7.27467077821385e-05,2.6805731397786775e-05,2.6549073874322715e-05,0.0004742458958836862,0.0005545164917032701,LTS Pulau Redang Airport,Redang,Malaysia,RDN,WMPR,5.765279769897461,103.00700378417967,Asia
3318,1,1,1,1,1.0,6.771789847537705e-05,2.499998203797785e-06,2.3339417577583778e-06,4.220268667569823e-05,0.0,Northern Peninsula Airport,Amberley,Australia,ABM,YBAM,-10.9508,142.459,Oceania
3319,8,8,13,11,1.0,0.00028803631351443265,6.507008371130987e-05,7.331392646004371e-05,0.001211463954949792,0.0005222138554765644,Alice Springs Airport,Alice Springs,Australia,ASP,YBAS,-23.806699752807617,133.90199279785156,Oceania
4010,3,3,4,4,1.0,0.00012491940160680475,2.509743215688012e-05,2.6910543665226138e-05,0.0004773813841352196,1.1173672133307048e-05,Ayers Rock Connellan Airport,Uluru,Australia,AYQ,YAYE,-25.1861,130.975998,Oceania
3323,4,4,4,4,1.0,0.00023803949864577122,6.6046418853098655e-06,6.198666198083868e-06,0.00011841130840496028,0.0020993947610015587,Charleville Airport,Charlieville,Australia,CTL,YBCV,-26.4132995605,146.261993408,Oceania
3324,9,9,13,13,1.0,0.000470655730588479,2.251193047261717e-05,2.1538523148784085e-05,0.000400879558487623,0.0035447446265442556,Mount Isa Airport,Mount Isa,Australia,ISA,YBMA,-20.6639003754,139.488998413,Oceania
3326,5,5,7,7,1.0,0.00018677444385727156,3.844884122770981e-05,3.839525678280211e-05,0.0007054282614567346,0.0005062279119641931,Mackay Airport,Mackay,Australia,MKY,YBMK,-21.171699523900003,149.179992676,Oceania
3328,2,2,3,3,1.0,0.0001020792174322361,2.3956857580413728e-05,2.4157126970712918e-05,0.0004446544200439094,0.0,Proserpine Whitsunday Coast Airport,Prosserpine,Australia,PPP,YBPN,-20.4950008392,148.552001953,Oceania
3329,3,3,5,5,1.0,0.0001535581447756204,1.9653967244317985e-05,1.8432252746989098e-05,0.0003522232564294459,7.802528374891814e-07,Rockhampton Airport,Rockhampton,Australia,ROK,YBRK,-23.3819007874,150.475006104,Oceania
3330,10,10,16,16,1.0,0.00045788279194987493,6.174375681490051e-05,6.214030064821012e-05,0.0011358019695457357,0.0016782972564961668,Townsville Airport,Townsville,Australia,TSV,YBTL,-19.252500534057617,146.76499938964844,Oceania
3336,3,3,9,9,1.0,0.00019798939975529267,7.654842650182366e-05,7.937331912972213e-05,0.0014215489606402671,0.0,Hobart International Airport,Hobart,Australia,HBA,YMHB,-42.836101532,147.50999450700002,Oceania
3337,5,5,8,8,1.0,0.00031781393002601216,5.1469579362702586e-05,5.353734662487488e-05,0.0009558370666422455,0.0012531181372685525,Launceston Airport,Launceston,Australia,LST,YMLT,-41.54529953,147.214004517,Oceania
3345,5,5,7,7,1.0,0.00017135452158619535,3.314704122904507e-05,3.4091323018435956e-05,0.0006184364225637732,3.78361233836284e-05,Karratha Airport,Karratha,Australia,KTA,YPKA,-20.712200164799995,116.773002625,Oceania
3349,6,5,8,8,0.8333333333333334,0.0001897305262788115,2.8711347761650135e-05,2.844397847867597e-05,0.0005142003751665054,9.312478002077315e-05,Port Hedland International Airport,Port Hedland,Australia,PHE,YPPD,-20.3777999878,118.625999451,Oceania
3355,6,6,13,13,1.0,0.000275830776616108,8.50783909010216e-05,8.741687650417064e-05,0.0015732444975802694,2.389583673847237e-06,Canberra International Airport,Canberra,Australia,CBR,YSCB,-35.30690002441406,149.19500732421875,Oceania
3359,2,3,2,3,1.5,8.328111896225132e-05,2.4267961302753396e-05,1.8130788317410337e-05,0.0004338460866892529,6.0551977390211344e-05,Norfolk Island International Airport,Norfolk Island,Norfolk Island,NLK,YSNF,-29.04159927368164,167.93899536132812,
3990,1,1,2,2,1.0,8.465323364361215e-05,1.286588810116877e-05,1.205267730660512e-05,0.00023048246437633722,0.0,Emerald Airport,Emerald,Australia,EMD,YEML,-23.5674991608,148.179000854,Oceania
4052,2,2,2,2,1.0,8.328111896225132e-05,1.7523913529829343e-05,1.8130788317410337e-05,0.00032941318785574075,1.1766495486896666e-05,Hervey Bay Airport,Hervey Bay,Australia,HVB,YHBA,-25.3188991547,152.880004883,Oceania
4217,1,1,2,1,1.0,8.465323364361215e-05,6.832447062046314e-08,1.205267730660512e-05,0.00023114387994538474,0.0,Blackall Airport,Blackall,Australia,BKQ,YBCK,-24.427799224900003,145.429000854,Oceania
4218,1,1,2,2,1.0,8.465323364361215e-05,1.286588810116877e-05,1.205267730660512e-05,0.00023048246437633722,0.0,Bundaberg Airport,Bundaberg,Australia,BDB,YBUD,-24.9039001465,152.319000244,Oceania
4319,7,8,12,12,1.1428571428571428,0.0002718612746754069,3.6676829004301234e-05,3.745703692366359e-05,0.000674016900678722,0.0003226612069728878,Broome International Airport,Broome,Australia,BME,YBRM,-17.944700241088867,122.23200225830078,Oceania
4320,5,5,8,8,1.0,0.00019103871268211732,4.746892070149873e-05,4.7549867764003274e-05,0.0008676306883821107,6.452078674636288e-05,Newcastle Airport,Newcastle,Australia,NTL,YWLM,-32.794998168945305,151.83399963378906,Oceania
6238,1,1,1,1,1.0,6.585513517362736e-05,6.832447062046314e-08,6.02633865330256e-06,0.00011590264775721613,0.0001520780568529592,Barcaldine Airport,Barcaldine,Australia,BCI,YBAR,-23.565299987800003,145.307006836,Oceania
6242,4,4,7,7,1.0,0.00017069517036549884,5.275264024491648e-05,5.409916480797605e-05,0.0009753043770177865,1.0735415624927009e-05,Hamilton Island Airport,Hamilton Island,Australia,HTI,YBHM,-20.3581008911,148.95199585,Oceania
6255,3,3,5,5,1.0,0.0001588421170940005,1.9773068550208518e-05,1.8555133889457922e-05,0.00035439323858755455,2.237791262701199e-05,Cloncurry Airport,Cloncurry,Australia,CNJ,YCCY,-20.6686000824,140.503997803,Oceania
6269,3,3,4,4,1.0,0.00012827062998716009,2.406131943541491e-05,2.4268188983178318e-05,0.00044664152304483553,0.00017045758349660967,Gladstone Airport,Gladstone,Australia,GLT,YGLA,-23.869699,151.223007,Oceania
6285,3,3,3,3,1.0,0.00010706882687792477,1.7798590283120524e-05,1.8392101669783472e-05,0.00033434894983683504,0.0004754237170657795,Lord Howe Island Airport,Lord Howe Island,Australia,LDH,YLHI,-31.5382995605,159.07699585,Oceania
6289,4,2,5,2,0.5,0.0002973095603276872,6.4351275069515476e-06,1.2055825652975013e-05,0.00011723901312911732,0.0007298621788829154,Longreach Airport,Longreach,Australia,LRE,YLRE,-23.4342002869,144.279998779,Oceania
6301,2,2,3,3,1.0,0.00010909439535728669,1.3218058352149272e-05,1.2401583245227975e-05,0.00023689031328476436,5.620838534295274e-07,Moranbah Airport,Moranbah,Australia,MOV,YMRB,-22.057800293000003,148.07699585,Oceania
6320,3,3,6,6,1.0,0.0001673430119015093,4.624303084407341e-05,4.846660381751894e-05,0.0008748845998855514,0.0,Port Macquarie Airport,Port Macquarie,Australia,PQQ,YPMQ,-31.435800552399996,152.863006592,Oceania
6324,2,2,3,3,1.0,0.00013540184606907613,1.2901018054000539e-05,1.208999927881957e-05,0.00023115049392492744,0.0,Roma Airport,Roma,Australia,RMA,YROM,-26.545000076300006,148.774993896,Oceania
7128,4,4,4,4,1.0,0.00022557395596672631,1.7559605854156942e-05,1.8168692167981103e-05,0.00033009172438303405,0.002009220526266225,Toowoomba Airport,Toowoomba,Australia,TWB,YTWB,-27.542801,151.916,Oceania
3331,1,1,2,2,1.0,8.837876024711151e-05,4.99999640759557e-06,4.6678835155167556e-06,8.440537335139646e-05,0.0,Weipa Airport,Weipa,Australia,WEI,YBWP,-12.6786003113,141.925003052,Oceania
6237,2,2,2,2,1.0,0.00014330129325365332,2.5133059364028955e-06,2.3481441226940895e-06,4.268434721597997e-05,4.844888003630953e-08,Aurukun Airport,Aurukun,Australia,AUU,YAUR,-13.354067,141.72065,Oceania
6260,2,1,2,1,0.5,0.00012879795155400862,1.3227666586563565e-08,2.3481441226940878e-06,4.268434721597997e-05,4.844888003630953e-08,Coen Airport,Coen,Australia,CUQ,YCOE,-13.761133,143.113311,Oceania
6270,3,3,4,4,1.0,0.0001427870682985679,5.641093570691681e-06,5.445478409653208e-06,9.802973812681433e-05,0.0001534376030749923,Groote Eylandt Airport,Groote Eylandt,Australia,GTE,YGTE,-13.9750003815,136.460006714,Oceania
6272,1,1,1,1,1.0,6.771789847537705e-05,2.499998203797785e-06,2.3339417577583778e-06,4.220268667569823e-05,0.0,Horn Island Airport,Horn Island,Australia,HID,YHID,-10.586400032,142.289993286,Oceania
6281,2,2,2,2,1.0,0.00011792010864893881,2.5133059364028955e-06,2.3481441226940895e-06,4.2442150341258036e-05,0.0,Kowanyama Airport,Kowanyama,Australia,KWM,YKOW,-15.485600471496582,141.75100708007812,Oceania
6286,2,2,2,2,1.0,0.0001773797964755355,2.5133059364028955e-06,2.334016505581708e-06,4.268434721597997e-05,0.0003065845128697668,Lockhart River Airport,Lockhart River,Australia,IRG,YLHR,-12.7869,143.304993,Oceania
6309,2,2,2,2,1.0,0.00013862763629652502,2.500082207784318e-06,2.3340206070311538e-06,4.220410278076583e-05,0.0008298073800520695,Normanton Airport,Normanton,Australia,NTN,YNTN,-17.684089999999998,141.069664,Oceania
6316,3,3,6,4,1.0,0.00017530978880422987,5.619138533147087e-06,9.319436047941492e-06,9.802973812681433e-05,0.0,Gove Airport,Gove,Australia,GOV,YPGV,-12.269399642899998,136.817993164,Oceania
6319,2,2,2,2,1.0,0.00011792010864893881,2.5133059364028955e-06,2.3481441226940886e-06,4.2442150341258036e-05,0.0,Pormpuraaw Airport,Pormpuraaw,Australia,EDR,YPMP,-14.896451,141.60908,Oceania
6322,2,2,2,2,1.0,0.0001993676909602468,3.513107808000419e-08,3.732316767276994e-08,6.680508176545127e-07,0.0011685125181804233,Quilpie Airport,Quilpie,Australia,ULP,YQLP,-26.612199783325195,144.2530059814453,Oceania
6248,2,2,2,2,1.0,0.00017512913606382703,1.2207005697908628e-07,1.2721606524213894e-07,2.261765124296198e-06,0.0006701224791975242,Boulia Airport,Boulia,Australia,BQL,YBOU,-22.913299560546875,139.89999389648438,Oceania
6262,3,3,3,3,1.0,0.00022691103753163844,1.2215451037472192e-07,1.2729539158220417e-07,2.2631892628779967e-06,0.0003963368759068586,Doomadgee Airport,Doomadgee,Australia,DMD,YDMG,-17.9403,138.82200600000002,Oceania
6276,2,2,2,2,1.0,0.00018557606716078682,1.2207005681784115e-07,1.2721606507336548e-07,2.261765121325441e-06,0.0006134597190197513,Julia Creek Airport,Julia Creek,Australia,JCK,YJLC,-20.66830062866211,141.72300720214844,Oceania
3325,2,2,5,5,1.0,0.00012770266534024697,4.498916143067993e-05,4.7464368951310955e-05,0.0008397568832810542,0.0,Sunshine Coast Airport,Maroochydore,Australia,MCY,YBMC,-26.6033,153.091003,Oceania
6337,2,2,2,2,1.0,0.0001981947948750142,4.2049472160096464e-07,3.852700071342469e-07,7.069264477474667e-06,2.0839015812641576e-05,Winton Airport,Winton,Australia,WIN,YWTN,-22.36359977722168,143.08599853515625,Oceania
3332,1,1,1,1,1.0,6.448302049226655e-05,1.1090969479244958e-05,1.2104449664107776e-05,0.00021417195566757213,0.0,Avalon Airport,Avalon,Australia,AVV,YMAV,-38.039398,144.46899399999998,Oceania
3333,2,2,4,4,1.0,0.00011459954175596662,4.087531592846488e-05,4.4065172200021704e-05,0.0007796535243180197,0.0,Albury Airport,Albury,Australia,ABX,YMAY,-36.06779861450195,146.95799255371094,Oceania
3334,1,1,1,1,1.0,8.705640709985975e-05,1.6483869026810954e-09,5.691023140898012e-22,3.042694094657132e-08,0.0003067783083899119,Melbourne Essendon Airport,Melbourne,Australia,MEB,YMEN,-37.7281,144.901993,Oceania
6267,2,1,2,1,0.5,0.000154907120582701,3.034143800566785e-07,2.9085721304394455e-07,5.392730792202378e-06,0.0006133628212596786,Flinders Island Airport,Flinders Island,Australia,FLS,YFLI,-40.0917015076,147.992996216,Oceania
6338,3,3,3,3,1.0,0.00013956938805218766,7.950008695699124e-06,8.08589027570068e-06,0.00014330848733076713,0.00010787457840286472,Wynyard Airport,Burnie,Australia,BWT,YWYY,-40.9989013671875,145.7310028076172,Oceania
3346,3,3,5,5,1.0,0.00013384127554440963,2.1263491615017764e-05,2.1563967649971557e-05,0.0003825141315824468,3.289131823564262e-05,Kalgoorlie Boulder Airport,Kalgoorlie,Australia,KGI,YPKG,-30.7894001007,121.461997986,Oceania
3356,2,2,4,4,1.0,0.00011459954175596662,4.087531592846488e-05,4.4065172200021704e-05,0.0007796535243180197,0.0,Coffs Harbour Airport,Coff's Harbour,Australia,CFS,YSCH,-30.3206005096,153.115997314,Oceania
3363,2,2,3,3,1.0,9.717355796734266e-05,2.9784346449219923e-05,3.196072253591406e-05,0.0005654815686504476,0.0,Wagga Wagga City Airport,Wagga Wagga,Australia,WGA,YSWG,-35.1652984619,147.466003418,Oceania
4291,3,3,5,5,1.0,0.00013497176825798954,4.114479722626772e-05,4.433341289652521e-05,0.0007845484317199707,8.989221361875914e-06,Ballina Byron Gateway Airport,Ballina Byron Bay,Australia,BNK,YBNA,-28.8339004517,153.56199646,Oceania
6264,1,1,1,1,1.0,6.232159039009475e-05,7.602407490730006e-06,7.751823207698471e-06,0.00013713765731530335,0.0,Devonport Airport,Devonport,Australia,DPO,YDPO,-41.1697006226,146.429992676,Oceania
6278,2,2,2,2,1.0,0.00010191598383126662,7.648232985265594e-06,7.79674767276378e-06,0.00013794618251616362,0.0,King Island Airport,King Island,Australia,KNS,YKII,-39.87749862670898,143.8780059814453,Oceania
6294,3,3,3,3,1.0,0.00012192640344602578,1.8762577888581e-05,1.9919584430462324e-05,0.00035252911130025766,2.728963979765552e-05,Merimbula Airport,Merimbula,Australia,MIM,YMER,-36.9085998535,149.901000977,Oceania
6298,4,4,6,6,1.0,0.0001602268117189296,3.609428946123255e-05,3.7557362357508046e-05,0.0006647002682623448,9.139994188306381e-05,Mildura Airport,Mildura,Australia,MQL,YMIA,-34.229198455799995,142.085998535,Oceania
6303,2,2,2,2,1.0,8.263039646038488e-05,9.716016447511842e-06,9.872668380197767e-06,0.0001747974012279216,3.289131823564262e-05,Mount Gambier Airport,Mount Gambier,Australia,MGB,YMTG,-37.745601654052734,140.78500366210938,Oceania
4051,1,1,1,1,1.0,6.736584277393273e-05,2.1136089567818354e-06,2.120845172499327e-06,3.7659743912618246e-05,0.0,Kingscote Airport,Kingscote,Australia,KGC,YKSC,-35.71390151977539,137.52099609375,Oceania
6241,4,4,4,4,1.0,0.0001392324273963952,1.355506298717469e-05,1.455507235538101e-05,0.00025800656375237955,0.0004321570369138141,Broken Hill Airport,Broken Hill,Australia,BHQ,YBHI,-32.0013999939,141.472000122,Oceania
6253,1,1,1,1,1.0,6.736584277393273e-05,2.1136089567818354e-06,2.120845172499327e-06,3.7659743912618246e-05,0.0,Coober Pedy Airport,Coober Pedy,Australia,CPD,YCBP,-29.040000915527344,134.72099304199222,Oceania
6256,1,1,1,1,1.0,6.736584277393273e-05,2.1136089567818354e-06,2.120845172499327e-06,3.7659743912618246e-05,0.0,Ceduna Airport,Ceduna,Australia,CED,YCDU,-32.130599975585945,133.71000671386722,Oceania
6311,1,1,1,1,1.0,6.736584277393273e-05,2.1136089567818354e-06,2.120845172499327e-06,3.7659743912618246e-05,0.0,Olympic Dam Airport,Olympic Dam,Australia,OLP,YOLD,-30.4850006104,136.876998901,Oceania
6312,1,1,1,1,1.0,6.736584277393273e-05,2.1136089567818354e-06,2.120845172499327e-06,3.7659743912618246e-05,0.0,Port Augusta Airport,Argyle,Australia,PUG,YPAG,-32.50690078735352,137.71699523925778,Oceania
6318,1,1,2,2,1.0,8.767464884422286e-05,4.227217913563671e-06,4.241690344998654e-06,7.531948782523649e-05,0.0,Port Lincoln Airport,Port Lincoln,Australia,PLO,YPLC,-34.6053009033,135.880004883,Oceania
6334,1,1,1,1,1.0,6.736584277393273e-05,2.1136089567818354e-06,2.120845172499327e-06,3.7659743912618246e-05,0.0,Whyalla Airport,Whyalla,Australia,WYA,YWHA,-33.05889892578125,137.51400756835938,Oceania
3347,3,3,8,8,1.0,0.0001916556880680657,1.8909476079855353e-05,1.9082694637446608e-05,0.00033983502349226263,0.0,Kununurra Airport,Kununurra,Australia,KNX,YPKU,-15.7781000137,128.707992554,Oceania
3348,1,1,3,3,1.0,9.826791578766732e-05,1.1547475167505921e-05,1.169129926977379e-05,0.0002077167303545252,0.0,Learmonth Airport,Learmonth,Australia,LEA,YPLM,-22.2355995178,114.088996887,Oceania
3353,2,2,2,2,1.0,0.00016360720541447945,3.849281663972002e-06,3.897224566785496e-06,6.924111462200978e-05,0.0006134597190197513,Christmas Island Airport,Christmas Island,Christmas Island,XCH,YPXM,-10.450599670410156,105.69000244140624,
6235,2,2,3,3,1.0,0.00011337136291588782,7.742737126251874e-06,7.83795271356914e-06,0.0001392635869865703,0.0,Albany Airport,Albany,Australia,ALH,YABA,-34.94329833984375,117.80899810791016,Oceania
6266,1,2,2,3,2.0,8.119762275965908e-05,7.742737126251874e-06,7.794199513182532e-06,0.0001392635869865703,0.0,Esperance Airport,Esperance,Australia,EPR,YESP,-33.684399,121.822998,Oceania
6268,1,1,3,3,1.0,9.826791578766732e-05,1.1547475167505921e-05,1.169129926977379e-05,0.0002077167303545252,0.0,Geraldton Airport,Geraldton,Australia,GET,YGEL,-28.796101,114.707001,Oceania
6310,1,1,2,2,1.0,8.119762275965908e-05,7.69831677833728e-06,7.794199513182532e-06,0.00013847782023635014,0.0,Newman Airport,Newman,Australia,ZNE,YNWN,-23.4178009033,119.803001404,Oceania
6314,1,1,3,3,1.0,9.826791578766732e-05,1.1547475167505921e-05,1.169129926977379e-05,0.0002077167303545252,0.0,Paraburdoo Airport,Paraburdoo,Australia,PBO,YPBO,-23.1711006165,117.745002747,Oceania
7577,2,1,3,2,0.5,0.00010423478606374673,7.69831677833728e-06,7.837952713569146e-06,0.0001392635869865703,0.0,Ravensthorpe Airport,Ravensthorpe,Australia,RVT,YNRV,-33.7971992493,120.208000183,Oceania
9090,2,2,3,3,1.0,0.00011337136291588782,7.742737126251874e-06,7.837952713569144e-06,0.0001392635869865703,0.0,Busselton Regional Airport,Brusselton,Australia,BQB,YBLN,-33.688423156700004,115.401596069,Oceania
9905,1,1,2,2,1.0,8.119762275965908e-05,7.69831677833728e-06,7.794199513182532e-06,0.00013847782023635014,0.0,RAAF Base Curtin,Derby,Australia,DCN,YCIN,-17.5813999176,123.82800293,Oceania
6315,1,1,1,1,1.0,0.00011682054589909674,2.208689915393509e-08,2.175178999907598e-08,3.906788712753692e-07,0.0,Cocos (Keeling) Islands Airport,Cocos Keeling Island,Cocos (Keeling) Islands,CCK,YPCC,-12.1883001328,96.8339004517,
3358,2,2,3,3,1.0,0.0001115503283779069,2.2264427511505653e-05,2.4285497226020982e-05,0.0004297995080713887,0.0,Dubbo City Regional Airport,Dubbo,Australia,DBO,YSDU,-32.2167015076,148.574996948,Oceania
3362,1,1,1,1,1.0,6.448302049226655e-05,1.1090969479244958e-05,1.2104449664107776e-05,0.00021417195566757213,0.0,Tamworth Airport,Tamworth,Australia,TMW,YSTW,-31.0839004517,150.847000122,Oceania
4062,1,1,2,2,1.0,8.19090042808905e-05,2.2181938958489916e-05,2.4208899328215552e-05,0.00042834391133514426,0.0,Armidale Airport,Armidale,Australia,ARM,YARM,-30.5280990601,151.617004395,Oceania
6249,2,2,2,2,1.0,0.00011226899399074063,1.1159926919876397e-05,1.2167512959537221e-05,0.00021538708843051767,0.0,Bathurst Airport,Bathurst,Australia,BHS,YBTH,-33.409400939899996,149.65199279799998,Oceania
6271,2,2,2,2,1.0,0.00011226899399074063,1.1159926919876397e-05,1.2167512959537221e-05,0.00021538708843051767,0.0,Griffith Airport,Griffith,Australia,GFF,YGTH,-34.250801086399996,146.067001343,Oceania
6287,1,1,1,1,1.0,6.448302049226655e-05,1.1090969479244958e-05,1.2104449664107776e-05,0.00021417195566757213,0.0,Lismore Airport,Lismore,Australia,LSY,YLIS,-28.8302993774,153.25999450700002,Oceania
6300,1,1,1,1,1.0,6.448302049226655e-05,1.1090969479244958e-05,1.2104449664107776e-05,0.00021417195566757213,0.0,Moree Airport,Moree,Australia,MRZ,YMOR,-29.4988994598,149.845001221,Oceania
6302,2,2,2,2,1.0,9.909355460583226e-05,1.1203860549534707e-05,1.221047455126882e-05,0.00021616082210480995,0.0,Moruya Airport,Moruya,Australia,MYA,YMRY,-35.8978004456,150.143997192,Oceania
6307,2,2,2,2,1.0,0.00011226899399074063,1.1159926919876397e-05,1.2167512959537198e-05,0.00021538708843051767,0.0,Narrandera Airport,Narrandera,Australia,NRA,YNAR,-34.702201843299996,146.511993408,Oceania
6317,2,2,2,2,1.0,0.00011226899399074063,1.1159926919876397e-05,1.2167512959537247e-05,0.00021538708843051767,0.0,Parkes Airport,Parkes,Australia,PKE,YPKS,-33.131401061999995,148.238998413,Oceania
6793,1,1,1,1,1.0,6.448302049226655e-05,1.1090969479244958e-05,1.2104449664107776e-05,0.00021417195566757213,0.0,Orange Airport,Orange,Australia,OAG,YORG,-33.3816986084,149.132995605,Oceania
6794,2,2,2,2,1.0,0.0001640951047308642,1.1091324683407377e-05,1.2104837326422841e-05,0.0002141787728877848,0.0006134597190197513,Taree Airport,Taree,Australia,TRO,YTRE,-31.8885993958,152.51400756799998,Oceania
3402,6,6,10,10,1.0,0.0001247213499792325,0.00029444497600397934,0.0002926479954854921,0.0052129336250964055,5.099265046471705e-05,Mudanjiang Hailang International Airport,Mudanjiang,China,MDG,ZYMD,44.5241012573,129.569000244,Asia
4109,18,18,37,37,1.0,0.00031471166721355265,0.0005679881222058042,0.0005702628018340554,0.010069752553199552,1.0466766583729904e-05,Changzhou Benniu Airport,Changzhou,China,CZX,ZSCG,31.919701,119.778999,Asia
4110,7,7,10,10,1.0,0.00011992634853683526,0.0002302375821757108,0.00023066723800613788,0.0040770260455356205,8.875599402158931e-05,Yibin Caiba Airport,Yibin,China,YBP,ZUYB,28.8005555556,104.545,Asia
4145,6,6,6,6,1.0,9.207135018052883e-05,0.00013330217803724913,0.0001329852573412985,0.0023536177120816577,0.00010617338187565165,Dongying Shengli Airport,Dongying,China,DOY,ZSDY,37.508598327600005,118.788002014,Asia
4148,9,9,9,9,1.0,0.00011255810051777142,0.00014025207628693865,0.00014047089572348978,0.0024824702261818533,0.0001104212145619469,Luoyang Airport,Luoyang,China,LYA,ZHLY,34.741100311299995,112.388000488,Asia
6342,10,10,15,15,1.0,0.0001649587888301791,0.00016706833443421533,0.00016669283761893794,0.0029515295954634295,7.291415383402442e-05,Chifeng Airport,Chifeng,China,CIF,ZBCF,42.23500061035156,118.90799713134766,Asia
6343,11,11,16,16,1.0,0.00016656182980594764,0.0002343914948085366,0.00023425601788970276,0.004144277395236753,9.333989576558063e-05,Changzhi Airport,Changzhi,China,CIH,ZBCZ,36.247501,113.125999,Asia
6344,7,7,11,11,1.0,0.00013138726790175501,0.00016907497174784104,0.0001683081674686576,0.0029806780649832714,9.280257457851232e-05,Datong Airport,Datong,China,DAT,ZBDT,40.060299,113.482002,Asia
6346,17,17,29,29,1.0,0.0002591804526280385,0.0004322403812994547,0.00043195876894227647,0.007635561827975709,0.00023089865273511804,Baotou Airport,Baotou,China,BAV,ZBOW,40.560001373291016,109.99700164794922,Asia
6348,8,8,13,13,1.0,0.00014827265218477333,0.00022776546317593768,0.00022653172691346595,0.004017712080451905,0.00026334729272712063,Tongliao Airport,Tongliao,China,TGO,ZBTL,43.556702,122.199997,Asia
6349,4,4,7,7,1.0,0.00010393374879363143,0.0001020772261968909,0.0001017843929129718,0.001804965757130998,1.9623282947018097e-07,Ulanhot Airport,Ulanhot,China,HLH,ZBUL,46.195333000000005,122.008333,Asia
6350,3,3,7,7,1.0,0.00010486707843681005,9.695190739606657e-05,9.664972808136076e-05,0.0017143921536428028,0.0,Xilinhot Airport,Xilinhot,China,XIL,ZBXH,43.91559982299805,115.96399688720705,Asia
6351,15,15,20,20,1.0,0.00019222318475017026,0.00038396204164282684,0.0003830982217589738,0.0067765093008495285,0.00010206693105644533,Beihai Airport,Beihai,China,BHY,ZGBH,21.5394,109.293999,Asia
6352,8,8,8,8,1.0,0.00010368726883792066,0.000150569625281034,0.00015120013515199836,0.002670615117292638,0.00017875914690639808,Changde Airport,Changde,China,CGD,ZGCD,28.9188995361,111.63999939,Asia
6355,30,30,59,60,1.0,0.0004837375766302706,0.0008357530274034975,0.0007963398520684975,0.014716822193112575,0.0001656462479525854,Zhuhai Jinwan Airport,Zhuhai,China,ZUH,ZGSD,22.006399,113.375999,Asia
6356,13,13,14,14,1.0,0.0001468079557170899,0.00027606877379039593,0.0002761951747124152,0.004888299430903032,0.0003514202923370638,Liuzhou Bailian Airport,Liuzhou,China,LZH,ZGZH,24.2075,109.390999,Asia
6360,9,9,13,13,1.0,0.00014396638154782522,0.0002500959613748885,0.0002494952191972046,0.004417370805778817,0.00011144865179089585,Xiangyang Liuji Airport,Xiangfan,China,XFN,ZHXF,32.1506,112.291,Asia
6366,19,19,50,49,1.0,0.00048441869255057767,0.0008033049223976728,0.0008092739464996647,0.014180882066337408,0.0010269690434757683,Xining Caojiabu Airport,Xining,China,XNN,ZLXN,36.5275,102.042999,Asia
6367,4,4,6,5,1.0,9.372042639486938e-05,7.766923121232245e-05,9.582155311866578e-05,0.001371497369297596,2.0617921257817092e-05,Yan'an Ershilipu Airport,Yan'an,China,ENY,ZLYA,36.636902,109.554001,Asia
6368,7,7,12,12,1.0,0.0001353061303579381,0.00019779152147690845,0.00019827959079511565,0.0034937716289881408,2.6235374146446513e-05,Yulin Yuyang Airport,Yulin,China,UYN,ZLYL,38.35971,109.590927,Asia
6376,4,4,6,6,1.0,9.19245522953687e-05,0.000134069760812289,0.00013506444762851117,0.0023871165670102737,8.54284804570773e-06,Mangshi Airport,Luxi,China,LUM,ZPLX,24.4011,98.5317,Asia
6379,10,10,13,13,1.0,0.00014014627147344755,0.00025761781581181504,0.00025753164649377596,0.004560651342014799,7.831727802765936e-05,Ganzhou Airport,Ganzhou,China,KOW,ZSGZ,25.853333,114.778889,Asia
6380,8,8,16,16,1.0,0.00016011784925995708,0.0003098716038385447,0.00031030800099175217,0.005481029152565033,0.0,Jingdezhen Airport,Jingdezhen,China,JDZ,ZSJD,29.3386001587,117.176002502,Asia
6381,4,4,6,6,1.0,9.088126289662229e-05,0.0001453097447479386,0.00014518413331473574,0.002573833951906749,1.357348121522138e-05,Jiujiang Lushan Airport,Jiujiang,China,JIU,ZSJJ,29.476944,115.801111,Asia
6384,7,7,14,14,1.0,0.00014620722206179086,0.00025720803433379664,0.0002588458165038219,0.004571163948960332,0.0,Huangyan Luqiao Airport,Huangyan,China,HYN,ZSLQ,28.56220054626465,121.4290008544922,Asia
6385,14,14,18,18,1.0,0.00018012112783329442,0.00026953057917396235,0.0002692293174538718,0.00475633739146679,0.0002386485249542384,Shubuling Airport,Linyi,China,LYI,ZSLY,35.04610061645508,118.41200256347656,Asia
6388,7,7,7,7,1.0,9.783574310531616e-05,0.0001443653952572618,0.0001435052036367425,0.0025407630648626002,7.482537416341541e-05,Weifang Airport,Weifang,China,WEF,ZSWF,36.646702000000005,119.119003,Asia
6394,14,14,18,18,1.0,0.00018104862853220301,0.00028734291194099597,0.00028766691781145445,0.005094623620978187,0.0002860656914951152,Yiwu Airport,Yiwu,China,YIW,ZSYW,29.3446998596,120.031997681,Asia
6395,7,7,13,13,1.0,0.00014706313257775995,0.00018199112660250086,0.0001811881677171251,0.003213806923599666,3.200028594427586e-05,Zhoushan Airport,Zhoushan,China,HSN,ZSZS,29.9342002869,122.361999512,Asia
6397,5,5,9,9,1.0,0.00011424497631691384,0.0002202597304961407,0.00022085673121960555,0.003907067054874601,0.0,Dachuan Airport,Dazhou,China,DAX,ZUDX,31.1302,107.4295,Asia
6398,4,4,8,8,1.0,0.00010454341426107773,0.0001878195909484564,0.00018762492539222498,0.0033187948689105177,0.0,Guangyuan Airport,Guangyuan,China,GYS,ZUGU,32.391101837158196,105.7020034790039,Asia
6399,11,11,13,13,1.0,0.00013857182995996521,0.00024442090881217555,0.000244749619081432,0.0043216686601443965,0.0002497864062658095,Luzhou Airport,Luzhou,China,LZO,ZULZ,28.85219955444336,105.39299774169922,Asia
6400,15,16,21,22,1.0666666666666667,0.00019874582996447262,0.00037332129755416975,0.00036068109625134447,0.006602378146062842,0.00022342169753984388,Mianyang Airport,Mianyang,China,MIG,ZUMY,31.4281005859375,104.74099731445312,Asia
6401,6,6,6,6,1.0,9.137322241811098e-05,0.00014595243879663358,0.00014609261533344198,0.002582439974520044,0.00015944431083455686,Nanchong Airport,Nanchong,China,NAO,ZUNC,30.79545,106.1626,Asia
6403,8,8,12,12,1.0,0.00013433205433924835,0.0002778471407988157,0.0002777635658717033,0.00490941490771328,1.6428581143462054e-05,Wanxian Airport,Wanxian,China,WXN,ZUWX,30.8017,108.433,Asia
6413,4,4,8,8,1.0,0.0001107114723024704,0.00018288780801290147,0.0001817482741981285,0.003225687329931772,1.1948272278452475e-05,Qiqihar Sanjiazi Airport,Qiqihar,China,NDG,ZYQQ,47.239601135253906,123.91799926757812,Asia
6414,6,6,14,14,1.0,0.00015607440394925748,0.0003884098727893875,0.00038524977456157064,0.006872720913008181,3.56939140917696e-07,Yanji Chaoyangchuan Airport,Yanji,China,YNJ,ZYYJ,42.8828010559,129.451004028,Asia
6427,7,7,7,7,1.0,9.620346352984179e-05,0.0001321441604639472,0.00013225513506117154,0.002339824676000399,0.0001389796401560336,Anqing Tianzhushan Airport,Anqing,China,AQG,ZSAQ,30.582199,117.050003,Asia
6430,18,18,29,29,1.0,0.0002564712541508349,0.0005011776449132392,0.0005007787317283211,0.008856802145707016,1.9997817449017495e-05,Yuncheng Guangong Airport,Yuncheng,China,YCU,ZBYC,35.116391,111.031388889,Asia
6433,3,3,5,5,1.0,8.433403492629643e-05,0.00014100807828540824,0.00014002435346896939,0.00248462914644875,0.0,Dandong Airport,Dandong,China,DDG,ZYDD,40.0247,124.286003,Asia
6434,19,19,25,25,1.0,0.000227763136527075,0.00034747988159876945,0.00034743806962701237,0.006136768295179648,0.0002257179628470047,Ordos Ejin Horo Airport,Dongsheng,China,DSN,ZBDS,39.49,109.861388889,Asia
6743,6,6,10,10,1.0,0.00013356111940337597,0.00016572509882421046,0.00016541214618989578,0.0029313462442091065,6.299927075049984e-05,Hami Airport,Hami,China,HMI,ZWHM,42.8414,93.669197,Asia
6772,2,2,3,3,1.0,6.982781464002693e-05,8.707936753728995e-05,8.673339305135467e-05,0.0015396702581632197,0.0,Chaoyang Airport,Chaoyang,China,CHG,ZYCY,41.538101,120.434998,Asia
6944,9,9,10,10,1.0,0.00011967797913102422,0.00017352079626567647,0.00017398210668929194,0.003071660835087562,0.00016220182956176875,Jining Qufu Airport,Jining,China,JNG,ZLJN,35.292778000000006,116.346667,Asia
6955,4,4,8,8,1.0,0.0001116005800741411,0.0001469956900715299,0.00014667825669072504,0.0025995482576462096,3.251106148595477e-07,Wuhai Airport,Wuhai,China,WUA,ZBUH,39.7934,106.7993,Asia
6963,5,5,5,5,1.0,8.251083973743456e-05,9.90687281135437e-05,9.951977945040233e-05,0.001758576971131665,2.4083164111783255e-05,Tongren Fenghuang Airport,Tongren,China,TEN,ZUTR,27.883333,109.308889,Asia
7503,9,9,11,11,1.0,0.00012486060536837364,0.0002078417671997685,0.0002072498039760955,0.003666901763678432,5.5768679097020715e-05,Fuyang Xiguan Airport,Fuyang,China,FUG,ZSFY,32.882157,115.734364,Asia
8043,2,2,2,2,1.0,6.327708300247207e-05,4.2297473858229475e-05,4.211450741562088e-05,0.0007478145544956885,2.281275898908814e-05,Zhongwei Shapotou Airport,Zhongwei,China,ZHY,ZLZW,37.573125,105.154454,Asia
8417,4,4,6,6,1.0,9.109420045308786e-05,0.00012498900310655155,0.00012474526815158836,0.002210251740251645,2.4390855395215125e-06,Jixi Xingkaihu Airport,Jixi,China,JXA,ZYJX,45.293,131.19299999999998,Asia
8630,4,4,5,5,1.0,8.445917524779131e-05,0.00010583398332424855,0.00010541939971236365,0.0018675062212164656,2.793575893016147e-06,Bayannur Tianjitai Airport,Bayannur,China,RLK,ZBYZ,40.926,107.7428,Asia
8781,6,6,7,7,1.0,9.833787801642102e-05,0.0001468832105731863,0.0001474492167276892,0.0026064397722182367,6.349731068665248e-05,Qianjiang Wulingshan Airport,Qianjiang,China,JIQ,ZUQJ,29.5133333333,108.831111111,Asia
8826,4,4,5,5,1.0,8.247146583440662e-05,7.694203429377563e-05,7.656248481807489e-05,0.0013551194543601518,8.594328294825169e-06,Changbaishan Airport,Baishan,China,NBS,ZYBS,42.066944,127.602222,Asia
8876,13,13,18,18,1.0,0.00017260991738728498,0.0003240957921659358,0.0003246708290009413,0.005735347661668353,6.185691107613368e-05,Yangzhou Taizhou Airport,Yangzhou,China,YTY,ZSYA,32.5634,119.7198,Asia
9107,4,4,6,6,1.0,9.08160262523698e-05,0.0001352290442263138,0.00013538041613239235,0.0023986092288375504,4.476284622500986e-06,Yichun Mingyueshan Airport,Yichun,China,YIC,ZSYC,27.8025,114.3062,Asia
9844,2,2,3,3,1.0,7.082877052961697e-05,0.00010852219726096465,0.00010728433463650137,0.0019064902728100454,0.0,Anshan Air Base,Anshan,China,AOG,ZYAS,41.105301,122.853996,Asia
9845,2,2,5,5,1.0,8.42256191443521e-05,0.00014331354375860919,0.00014274488983074578,0.002533052634947718,0.0,Saertu Airport,Daqing,China,DQA,ZYDQ,46.7463888889,125.140555556,Asia
9846,13,13,15,15,1.0,0.00015279155938622681,0.0002976466721263958,0.0002980835385354522,0.005273942977062546,0.0001973730890195786,Zunyi Xinzhou Airport,Zunyi,China,ZYI,ZUZY,27.5895,107.0007,Asia
10160,2,2,2,2,1.0,6.276899421421502e-05,4.3498087713383685e-05,4.33586929751904e-05,0.0007696307122328119,1.714706767842141e-05,Erenhot Saiwusu International Airport,Erenhot,China,ERL,ZBER,43.4225,112.096667,Asia
6341,40,40,80,80,1.0,0.0008751557419688003,0.00036709258887446944,0.00036778158043101566,0.006491422341880755,0.000624556635337958,Beijing Nanyuan Airport,Beijing,China,NAY,ZBNY,39.78279876708984,116.38800048828124,Asia
6795,3,3,4,4,1.0,0.00011650923912800065,5.0699453246242455e-06,5.075258555336501e-06,8.992724892827886e-05,4.745825940868459e-06,Choibalsan Airport,Choibalsan,Mongolia,COQ,ZMCD,48.13570022583008,114.64600372314452,Asia
8979,3,3,4,4,1.0,0.00010260723013826602,1.8314575306398794e-05,1.8678924810993295e-05,0.0003292371576197924,4.5249715894229405e-07,Jiagedaqi Airport,Jiagedaqi District,China,JGD,ZYJD,50.371389,124.1175,Asia
4301,5,5,16,16,1.0,0.00016342075213386916,0.00037060295044799265,0.0003693106096472343,0.006525114256803932,0.0,Jiuzhai Huanglong Airport,Jiuzhaigou,China,JZH,ZUJZ,32.8533333333,103.682222222,Asia
6359,7,7,8,8,1.0,0.00010716237355968343,0.00010679186276144403,0.00010666398444008973,0.0018823198164113794,4.822985490229998e-05,Nanyang Jiangying Airport,Nanyang,China,NNY,ZHNY,32.980801,112.614998,Asia
6375,5,5,7,7,1.0,0.00010236621238283761,0.00010040275951290943,0.00010150840548732882,0.001790465609922569,0.00012006492534610052,Diqing Airport,Shangri-La,China,DIG,ZPDQ,27.7936,99.6772,Asia
7506,5,5,6,6,1.0,9.449543345059778e-05,9.064627734663515e-05,9.030890197899466e-05,0.001596368318876471,4.9743657423944766e-05,Xingyi Airport,Xingyi,China,ACX,ZUYI,25.0863888889,104.959444444,Asia
7508,2,2,3,3,1.0,6.781865537013107e-05,4.442017194927774e-05,4.467219429177822e-05,0.000786438725371993,0.0,Liping Airport,Liping,China,HZH,ZUNP,26.32217,109.1499,Asia
7519,2,2,3,3,1.0,6.791987256727536e-05,4.880641486328848e-05,4.949366498458093e-05,0.0008714698877017165,0.0,Zhijiang Airport,Zhijiang,China,HJJ,ZGCJ,27.4411111111,109.7,Asia
8082,3,3,3,3,1.0,6.78553755319924e-05,5.037301614556342e-05,5.0700392098084665e-05,0.0008926466872874283,2.475228998194847e-06,Baise Youjiang Airport,Baise,China,AEB,ZGBS,23.7206001282,106.959999084,Asia
8407,6,6,6,6,1.0,9.064972090112015e-05,0.0001210605855472423,0.0001205661220679928,0.002130877144786857,0.0001449532295109674,Handan Airport,Handan,China,HDG,ZBHD,36.5258333333,114.425555556,Asia
9025,7,7,8,8,1.0,0.00010780116327392553,0.0001003032668673116,0.00010082273308757116,0.0017782202050795248,4.570034983677574e-05,Bijie Feixiong Airport,Bijie,China,BFJ,ZUBJ,27.267065999999996,105.472097,Asia
9843,5,5,7,7,1.0,0.00010088322775291786,9.526898081659433e-05,9.536206266463605e-05,0.001685408073308448,2.237720845301648e-05,Jiuhuashan Airport,Chizhou,China,JUH,ZSJH,30.7403,117.6856,Asia
9849,3,3,4,4,1.0,7.992473813494646e-05,4.422282465955246e-05,4.4463893506783885e-05,0.0007830970865095266,1.989164716630647e-06,Anshun Huangguoshu Airport,Anshun,China,AVA,ZUAS,26.2605555556,105.873333333,Asia
8845,3,3,3,3,1.0,6.794027375938208e-05,4.5542609662199514e-05,4.613569830719457e-05,0.0008139004153654185,1.1608647509600987e-06,Lingling Airport,Yongzhou,China,LLF,ZGLG,26.338661,111.610043,Asia
6744,3,3,3,3,1.0,6.719044200211468e-05,2.519957703138901e-05,2.5227895565053388e-05,0.00044382199576993445,1.2380464794021867e-06,Wuzhou Changzhoudao Airport,Wuzhou,China,WUZ,ZGWZ,23.456699,111.248001,Asia
6382,3,3,6,6,1.0,9.269955691783936e-05,6.842975510815553e-05,6.85808219177495e-05,0.0012128963136844911,0.0,Quzhou Airport,Quzhou,China,JUZ,ZSJU,28.965799,118.899002,Asia
6407,5,5,10,10,1.0,0.00013336512559458997,0.00010524941131736013,0.00010567511790574838,0.0018668955244965392,1.4695380101330518e-06,Korla Airport,Korla,China,KRL,ZWKL,41.69779968261719,86.12889862060547,Asia
6358,1,1,4,4,1.0,7.377222993256089e-05,5.742486525328775e-05,5.761108586685036e-05,0.0010187874755691456,0.0,Enshi Airport,Enshi,China,ENH,ZHES,30.3202991486,109.48500061,Asia
4308,4,4,7,7,1.0,9.961074111426382e-05,8.370515736260664e-05,8.392916545238422e-05,0.0014781483105572252,2.156401543291401e-08,Dunhuang Airport,Dunhuang,China,DNH,ZLDH,40.16109848022461,94.80919647216795,Asia
6365,3,3,6,6,1.0,9.405767358705382e-05,4.178292078827439e-05,4.202603434226198e-05,0.000738995314523609,3.251106148595477e-07,Qingyang Airport,Qingyang,China,IQN,ZLQY,35.799702,107.602997,Asia
6432,4,4,7,7,1.0,0.00011283520151554705,4.445293692951301e-05,4.4456904248426946e-05,0.0007824188316780201,6.059283860379899e-07,Jiayuguan Airport,Jiayuguan,China,JGN,ZLJQ,39.856899,98.3414,Asia
7987,2,2,3,3,1.0,6.778563285714175e-05,4.273771946097217e-05,4.302066648523782e-05,0.0007539531542659117,0.0,Mackenzie Airport,Mackenzie British Columbia,Canada,,CYZY,55.304402,-123.132004,North America
11473,4,4,6,6,1.0,0.00010689540225931479,2.929052637537959e-05,2.9434896945533403e-05,0.0005168365278113499,2.254236948900737e-06,Jinchuan Airport,Jinchuan,China,JIC,ZLJC,38.5422222222,102.348333333,Asia
3397,4,4,13,13,1.0,0.0001782202212727659,0.00012985983991225717,0.00013116225837150796,0.002316140686272796,5.7514894901704334e-05,Kashgar Airport,Kashi,China,KHG,ZWSH,39.5429000854,76.0199966431,Asia
6363,2,2,2,2,1.0,6.216763988828982e-05,2.2706216039709914e-05,2.277632164012131e-05,0.00039926412092392526,2.3837501827440184e-06,Golmud Airport,Golmud,China,GOQ,ZLGM,36.4006,94.786102,Asia
9311,2,2,2,2,1.0,6.337846597219066e-05,2.051670706540976e-05,2.0629314705317343e-05,0.0003613800531320705,5.647615217042194e-06,Gannan Xiahe Airport,Xiahe city,China,GXH,ZLXH,34.8105,102.6447,Asia
6371,2,2,2,2,1.0,0.00017224434729986592,1.7011594215725576e-06,1.7042455478703357e-06,3.0228440774003548e-05,0.0006134597190197513,Bayankhongor Airport,Bayankhongor,Mongolia,BYN,ZMBH,46.16329956054688,100.7040023803711,Asia
6372,1,0,1,0,0.0,6.937495540048425e-05,-0.0,1.7041909687168387e-06,3.0227478402521432e-05,0.0,Dalanzadgad Airport,Dalanzadgad,Mongolia,DLZ,ZMDZ,43.59170150756836,104.43000030517578,Asia
6373,1,1,1,1,1.0,6.937495540048425e-05,1.701104941253504e-06,1.7041909687168387e-06,3.0227478402521432e-05,0.0,Khovd Airport,Khovd,Mongolia,HVD,ZMKD,47.9541015625,91.6281967163086,Asia
6374,1,1,2,2,1.0,9.169287409732591e-05,3.402209882507008e-06,3.4083819374336773e-06,6.0454956805042864e-05,0.0,Mörön Airport,Muren,Mongolia,MXV,ZMMN,49.66329956054688,100.0989990234375,Asia
7470,1,1,1,1,1.0,6.937495540048425e-05,1.701104941253504e-06,1.7041909687168387e-06,3.0227478402521432e-05,0.0,Ulgii Mongolei Airport,Olgii,Mongolia,ULG,ZMUL,48.9933013916,89.92250061040001,Asia
7558,1,1,1,1,1.0,6.937495540048425e-05,1.701104941253504e-06,1.7041909687168387e-06,3.0227478402521432e-05,0.0,Ulaangom Airport,Ulaangom,Mongolia,ULO,ZMUG,50.066588,91.938273,Asia
4054,4,4,7,7,1.0,0.00010057134763947838,8.828641097724437e-05,8.904180259469631e-05,0.0015725991166529415,1.968302438048487e-06,Dali Airport,Dali,China,DLU,ZPDL,25.649401,100.319,Asia
7862,4,4,5,5,1.0,8.453470255710537e-05,6.405149860380745e-05,6.465440037932634e-05,0.0011418367676462589,1.2410458459507028e-05,Tengchong Tuofeng Airport,Tengchong,China,TCZ,ZUTC,24.9380555556,98.4858333333,Asia
3396,3,3,5,5,1.0,8.282893762841084e-05,9.889484102237478e-05,9.903482019747558e-05,0.0017483957145754763,1.5374073346882041e-06,Xichang Qingshan Airport,Xichang,China,XIC,ZUXC,27.98909950256348,102.18399810791016,Asia
6377,1,1,3,3,1.0,6.935316069200115e-05,5.276166242768289e-05,5.361851966385786e-05,0.0009468768458354647,0.0,Pu'er Simao Airport,Simao,China,SYM,ZPSM,22.793301,100.959,Asia
6378,2,2,3,3,1.0,6.872268973124179e-05,5.2844158186015174e-05,5.3369412143041615e-05,0.0009424617666739862,0.0,Zhaotong Airport,Zhaotong,China,ZAT,ZPZT,27.32559967041016,103.75499725341795,Asia
6949,2,2,2,2,1.0,6.44008122897336e-05,4.457252634008563e-05,4.466199173903025e-05,0.00079610769732428,1.0187450614406533e-05,Naypyidaw Airport,Naypyidaw,Burma,NYT,VYEL,19.623501,96.200996,Asia
7505,1,1,2,2,1.0,6.192111936254831e-05,3.517444161845526e-05,3.5745679775905214e-05,0.0006312512305569765,0.0,Baoshan Yunduan Airport,Baoshan,China,BSD,ZPBS,25.053301,99.168297,Asia
7527,1,1,2,2,1.0,6.192111936254831e-05,3.517444161845526e-05,3.5745679775905214e-05,0.0006312512305569765,0.0,Lintsang Airfield,Lincang,China,LNJ,ZPLC,23.7381000519,100.025001526,Asia
6412,3,3,5,5,1.0,8.315210185706676e-05,0.00012006150974309782,0.00011841291800722494,0.0020995938943620803,0.0,Jinzhou Airport,Jinzhou,China,JNZ,ZYJZ,41.10139846801758,121.06199645996094,Asia
6429,4,4,7,7,1.0,9.802512627746698e-05,0.0001152626676935631,0.00011397261632619856,0.002018995703090907,1.070066952173806e-06,Shanhaiguan Airport,Qinhuangdao,China,SHP,ZBSH,39.968102,119.731003,Asia
7504,1,1,1,1,1.0,5.410083338545429e-05,1.2730954002564998e-05,1.2633876619994137e-05,0.00022373828436944123,0.0,Longyan Guanzhishan Airport,Longyan,China,LCX,ZSLD,25.6746997833,116.747001648,Asia
6435,2,2,4,4,1.0,7.5396896298958e-05,8.130762021314717e-05,8.116198030952299e-05,0.0014327700992969883,0.0,Bao'anying Airport,Panzhihua,China,PZI,ZUZH,26.54,101.79852,Asia
6396,2,2,3,3,1.0,7.099513448342561e-05,4.4822191245198625e-05,4.4751196655723124e-05,0.0007898577788878256,0.0,Qamdo Bangda Airport,Bangda,China,BPX,ZUBD,30.553600311279297,97.1082992553711,Asia
6402,2,2,5,5,1.0,8.535399396784021e-05,8.724746034225679e-05,8.711002861731414e-05,0.0015375641543411444,0.0,Nyingchi Airport,Nyingchi,China,LZY,ZUNZ,29.303300857543945,94.33529663085938,Asia
6404,2,2,5,6,1.0,8.844530940874869e-05,7.322396631410111e-05,6.587507568793456e-05,0.0013027703389311275,0.0,Aksu Airport,Aksu,China,AKU,ZWAK,41.262501,80.291702,Asia
6409,2,2,4,4,1.0,7.943550500185152e-05,5.782461770557963e-05,5.803632777915331e-05,0.0010252383571922232,0.0,Yining Airport,Yining,China,YIN,ZWYN,43.955799,81.330299,Asia
8921,1,1,1,1,1.0,5.4236466445849895e-05,2.121263454852908e-05,2.1179415980795476e-05,0.0003738531877266595,0.0,Kangding Airport,Kangding,China,KGT,ZUKD,30.1575,101.734722,Asia
9310,1,1,4,4,1.0,7.57747556724718e-05,8.485053819411632e-05,8.47176639231819e-05,0.001495412750906638,0.0,Daocheng Yading Airport,Daocheng,China,DCY,ZUDC,29.323056,100.053333,Asia
7932,2,2,2,2,1.0,6.825470872782491e-05,3.1402633448843187e-06,3.126185758338305e-06,5.52247153343823e-05,3.839156266768358e-06,Ngari Gunsa Airport,Shiquanhe,China,NGQ,ZUAL,32.1,80.05305555560001,Asia
3398,1,1,6,6,1.0,0.00010111586314502557,4.6198045825564427e-05,4.703248745268703e-05,0.0008325959452167127,0.0,Hotan Airport,Hotan,China,HTN,ZWTN,37.03850173950195,79.86489868164062,Asia
6406,1,1,2,2,1.0,6.507664551743692e-05,1.5399348608521474e-05,1.567749581756232e-05,0.0002775319817389042,0.0,Kuqa Airport,Kuqa,China,KCA,ZWKC,41.677856,82.872917,Asia
6408,1,1,2,2,1.0,6.507664551743692e-05,1.5399348608521474e-05,1.567749581756232e-05,0.0002775319817389042,0.0,Karamay Airport,Karamay,China,KRY,ZWKM,45.46655,84.9527,Asia
6752,1,1,2,2,1.0,6.507664551743692e-05,1.5399348608521474e-05,1.567749581756232e-05,0.0002775319817389042,0.0,Tacheng Airport,Tacheng,China,TCG,ZWTC,46.67250061035156,83.3407974243164,Asia
6946,1,1,2,2,1.0,6.507664551743692e-05,1.5399348608521474e-05,1.567749581756232e-05,0.0002775319817389042,0.0,Altay Air Base,Altay,China,AAT,ZWAT,47.7498855591,88.0858078003,Asia
9386,1,1,2,2,1.0,6.507664551743692e-05,1.5399348608521474e-05,1.567749581756232e-05,0.0002775319817389042,0.0,Xinyuan Nalati Airport,Xinyuan,China,NLT,ZWNL,43.4318,83.3786,Asia
11498,1,1,1,1,1.0,5.606684111053975e-05,7.699674304260737e-06,7.83874790878116e-06,0.0001387659908694521,0.0,Alashankou Bole (Bortala) airport,Bole,China,BPL,ZWAX,44.895,82.3,Asia
6410,2,2,3,3,1.0,9.16717141755978e-05,1.699847134847932e-05,1.7363624705373114e-05,0.0003059872092450333,0.0,Heihe Airport,Heihe,China,HEK,ZYHE,50.1716209371,127.308883667,Asia
6943,3,3,3,3,1.0,0.00010256202675631607,8.678403710801717e-06,8.856841520816344e-06,0.00015613833989038992,0.0004196488107164559,Gu-Lian Airport,Mohe County,China,OHE,ZYMH,52.912777777799995,122.43,Asia
9848,2,2,2,2,1.0,6.191776808136889e-05,2.0131420371024283e-05,2.0240413565395874e-05,0.0003566650477461391,1.4626552736748632e-06,Lindu Airport,Yinchun,China,LDS,ZYLD,47.7520555556,129.019125,Asia
6006,1,1,1,1,1.0,5.501708657294883e-05,3.5405577262587894e-05,3.4854599424908346e-05,0.0006193555947703591,0.0,Yangyang International Airport,Sokcho / Gangneung,South Korea,YNY,RKNY,38.061298,128.669006,Asia
3411,2,2,2,2,1.0,0.00018715589010493737,2.3493752508278682e-08,2.2259097728003932e-08,4.1442473265256497e-07,0.0004041625292273412,Barter Island LRRS Airport,Barter Island,United States,BTI,PABA,70.13400268550001,-143.582000732,North America
3420,4,4,6,6,1.0,0.0004841182618347633,6.22623235955488e-07,6.199016370282552e-07,1.0979732084982108e-05,0.001228621894879925,Fort Yukon Airport,Fort Yukon,United States,FYU,PFYU,66.57150268554689,-145.25,North America
3620,5,5,6,5,1.0,0.00041836230179729704,3.3164335839479435e-06,3.525561644309237e-06,6.2504978633275e-05,0.0014083220859242656,Deadhorse Airport,Deadhorse,United States,SCC,PASC,70.19470215,-148.46499630000002,North America
3413,0,1,0,1,,4.7057036703642594e-05,1.7762044177200197e-08,-0.0,3.133798104936924e-07,0.0,Cape Lisburne LRRS Airport,Cape Lisburne,United States,LUR,PALU,68.87509918,-166.1100006,North America
3693,12,11,21,20,0.9166666666666666,0.0012116058740118153,3.1308131533167004e-06,3.134105627107954e-06,5.556806457025544e-05,0.006430619847219364,Ralph Wien Memorial Airport,Kotzebue,United States,OTZ,PAOT,66.88469696,-162.598999,North America
3414,1,1,1,1,1.0,0.00010568078728724952,1.7644371414178102e-08,1.875503177916121e-08,3.3203975899079357e-07,0.0,Point Lay LRRS Airport,Point Lay,United States,PIZ,PPIZ,69.73290253,-163.00500490000002,North America
3571,6,7,6,7,1.1666666666666667,0.00048007221236056344,3.318963631857185e-06,3.1133423148976236e-06,5.8876709320995776e-05,0.002227979568992898,Wiley Post Will Rogers Memorial Airport,Barrow,United States,BRW,PABR,71.285402,-156.766008,North America
3415,3,3,4,4,1.0,9.20226924674271e-05,9.35625052644873e-05,9.328230367261687e-05,0.0016765101503598736,3.42759505942272e-05,Hilo International Airport,Hilo,United States,ITO,PHTO,19.721399307250977,-155.04800415039062,North America
3417,3,3,4,4,1.0,0.0002758709847707957,2.1063553838708442e-07,4.1591009778723057e-07,7.366441440495209e-06,0.00015338915419495596,Bettles Airport,Bettles,United States,BTT,PABT,66.91390228,-151.529007,North America
3832,16,14,21,21,0.875,0.0014529622097709301,3.648753230945057e-05,3.654204666391921e-05,0.0006475436990336256,0.01118847445187901,Fairbanks International Airport,Fairbanks,United States,FAI,PAFA,64.81510162,-147.85600280000003,North America
6712,2,2,3,3,1.0,0.00022382174533278225,4.1654955614084044e-07,2.085668471311345e-07,7.345611349762032e-06,0.00010225943612997446,Anaktuvuk Pass Airport,Anaktuvuk Pass,United States,AKP,PAKP,68.13359833,-151.7429962,North America
6839,2,3,2,3,1.5,0.0001650004011677302,2.0946018900544745e-07,2.073765731015156e-07,3.7142958547963606e-06,0.0004086017045995712,Allakaket Airport,Allakaket,United States,AET,PFAL,66.5518035889,-152.621994019,North America
7105,2,2,2,2,1.0,0.0001748621032588243,2.106094197091088e-07,2.097046619923849e-07,3.713955923957036e-06,0.001436368720511175,Chalkyitsik Airport,Chalkyitsik,United States,CIK,PACI,66.6449966431,-143.74000549299998,North America
7114,2,2,2,2,1.0,0.0002446634195624955,3.513306252744806e-09,3.518475601096912e-09,6.192453151159493e-08,0.0006134597190197513,Venetie Airport,Venetie,United States,VEE,PAVE,67.0086975098,-146.365997314,North America
3423,0,1,0,1,,4.7057036703642594e-05,3.5671611490874825e-08,-0.0,6.293987957336784e-07,0.0,Tatalina LRRS Airport,Tatalina,United States,TLJ,PATL,62.8944015503,-155.977005005,North America
5965,4,3,6,5,0.75,0.00036179169602382314,6.288971481093118e-06,6.294241652943697e-06,0.00011160411189219412,0.000920044231889518,McGrath Airport,Mcgrath,United States,MCG,PAMC,62.95289993,-155.60600280000003,North America
3426,2,2,3,3,1.0,0.00017447966911284923,6.217978312623148e-06,6.223314267979771e-06,0.00011034766240170038,0.0,St Paul Island Airport,St. Paul Island,United States,SNP,PASN,57.16730117797852,-170.22000122070312,North America
3428,2,2,3,3,1.0,0.00017447966911284923,6.217978312623148e-06,6.223314267979771e-06,0.00011034766240170038,0.0,St George Airport,Point Barrow,United States,STG,PAPB,56.5783004761,-169.662002563,North America
3774,34,34,59,59,1.0,0.0026976340715473674,0.0005475420032881511,0.0005454682423530989,0.009727931412419098,0.055509135718153975,Ted Stevens Anchorage International Airport,Anchorage,United States,ANC,PANC,61.17440032958984,-149.99600219726562,North America
3429,1,1,1,1,1.0,8.590465732819758e-05,3.091354335391633e-06,3.0940886406602186e-06,5.486267461072138e-05,0.0,Iliamna Airport,Iliamna,United States,ILI,PAIL,59.75439835,-154.9109955,North America
3430,0,1,0,1,,4.7057036703642594e-05,3.5101632664925755e-08,-0.0,6.196390309026521e-07,0.0,Platinum Airport,Port Moller,United States,PTU,PAPM,59.01139831542969,-161.82000732421875,North America
3599,15,17,19,23,1.1333333333333333,0.0015910306588509866,6.189478518330365e-06,6.19366911591373e-06,0.00010987347744637426,0.013141976729809124,Bethel Airport,Bethel,United States,BET,PABE,60.77980042,-161.8379974,North America
3437,2,2,5,5,1.0,9.455455416039993e-05,0.0003510911494228365,0.000349757497423789,0.0062442921611368385,0.0,Fort Smith Regional Airport,Fort Smith,United States,FSM,KFSM,35.33660125732422,-94.36740112304688,North America
3442,5,5,5,5,1.0,0.00016014927438047616,6.114757397482625e-05,6.18277456451539e-05,0.0011136320000598395,0.0006347824761854324,Grand Forks International Airport,Grand Forks,United States,GFK,KGFK,47.949299,-97.176102,North America
6505,32,32,32,32,1.0,0.0005983833512676299,9.450640545355478e-05,9.30468180332613e-05,0.0016636635516342048,0.0010086990740979396,Phoenix-Mesa-Gateway Airport,Mesa,United States,AZA,KIWA,33.30780029,-111.6549988,North America
7018,1,1,1,1,1.0,7.423433093204133e-05,3.5039889531077816e-07,3.455369869402945e-07,6.280337549664593e-06,0.0,Thief River Falls Regional Airport,Thief River Falls,United States,TVF,KTVF,48.06570053,-96.18499756,North America
3445,1,1,1,1,1.0,5.919117048474222e-05,5.95874746449183e-06,5.710839080040191e-06,0.00010049504588189929,0.0,Hana Airport,Hana,United States,HNM,PHHN,20.79560089111328,-156.01400756835938,North America
3446,1,1,1,1,1.0,5.727274376400178e-05,5.998380912211838e-05,5.887183189057606e-05,0.001066169977214933,0.0,Ernest A. Love Field,Prescott,United States,PRC,KPRC,34.65449905,-112.4199982,North America
3447,14,14,14,14,1.0,0.00021541900081294236,0.0003151586584287934,0.00031554571436410176,0.005618241211799742,0.0009886872914672475,Trenton Mercer Airport,Trenton,United States,TTN,KTTN,40.27669906616211,-74.8134994506836,North America
6989,1,1,1,1,1.0,6.0118513100143526e-05,1.7883050494482635e-06,1.7809205854424123e-06,3.168374434481678e-05,0.0,Northeast Florida Regional Airport,St. Augustine Airport,United States,UST,KSGJ,29.9592,-81.339798,North America
3517,6,6,6,6,1.0,0.00024321989022796567,3.69370150308526e-05,3.6442261956282615e-05,0.0006552355578920435,0.0008009788205511984,Nantucket Memorial Airport,Nantucket,United States,ACK,KACK,41.25310135,-70.06020355,North America
3524,9,9,10,10,1.0,0.0001418460743486876,0.00030451076522674007,0.00030565520041703177,0.005399838686326441,4.337362958647994e-05,Atlantic City International Airport,Atlantic City,United States,ACY,KACY,39.45759963989258,-74.57720184326172,North America
3528,1,1,2,2,1.0,6.67767341610851e-05,6.433353854501457e-05,6.340386000563348e-05,0.0011412090458457205,0.0,Northern Maine Regional Airport at Presque Isle,Presque Isle,United States,PQI,KPQI,46.68899918,-68.0447998,North America
3566,47,49,70,79,1.0425531914893618,0.0007312176382545414,0.0018046166239825217,0.0016935860468776087,0.031949970748002536,0.0007862125488318837,William P Hobby Airport,Houston,United States,HOU,KHOU,29.64539909,-95.27890015,North America
3582,12,12,18,18,1.0,0.0002273209066844782,0.00046475397023812285,0.0004608936170556573,0.008243256771627593,8.523343311504279e-05,Long Beach /Daugherty Field/ Airport,Long Beach,United States,LGB,KLGB,33.81769943,-118.1520004,North America
3613,13,13,23,23,1.0,0.00025687138096407776,0.0011328255649668837,0.0011303921358599314,0.02016897827051884,7.013058181165012e-05,Savannah Hilton Head International Airport,Savannah,United States,SAV,KSAV,32.12760162,-81.20210266,North America
3701,1,1,1,1,1.0,5.6916885432363844e-05,3.2166769272507284e-05,3.170193000281674e-05,0.0005706045229228602,0.0,Augusta State Airport,Augusta,United States,AUG,KAUG,44.320598602299995,-69.7973022461,North America
3771,5,5,7,7,1.0,0.00012450760899580817,0.00011460747103007579,0.00011360842500504037,0.002039448032480492,3.259053884167951e-06,Plattsburgh International Airport,Plattsburgh,United States,PBG,KPBG,44.6509017944336,-73.46810150146484,North America
3806,19,20,35,34,1.0526315789473684,0.00036549295327766024,0.0013657206353488395,0.0014368840571824019,0.024336583612246117,5.112470666313274e-05,Charleston Air Force Base-International Airport,Charleston,United States,CHS,KCHS,32.89860153,-80.04049683,North America
3820,20,20,35,36,1.0,0.00036630335925537025,0.0013518459447811235,0.0013323021590021216,0.024109364852019362,6.101807513978331e-05,Buffalo Niagara International Airport,Buffalo,United States,BUF,KBUF,42.94049835,-78.73220062,North America
3857,10,10,16,17,1.0,0.00019295324739642121,0.0003703670507134102,0.0003511206979984861,0.006804666949088034,7.483397596385957e-06,Long Island Mac Arthur Airport,Islip,United States,ISP,KISP,40.79520035,-73.10019684,North America
3864,19,19,29,31,1.0,0.00039015727492283,0.0010652104733769605,0.0009596248390288677,0.01904850459129883,0.0013310972150271773,Albany International Airport,Albany,United States,ALB,KALB,42.74829864501953,-73.80169677734375,North America
4025,1,1,1,1,1.0,5.6916885432363844e-05,3.2166769272507284e-05,3.170193000281674e-05,0.0005706045229228602,0.0,Hancock County-Bar Harbor Airport,Bar Harbor,United States,BHB,KBHB,44.45000076,-68.36150359999999,North America
4026,1,1,1,1,1.0,5.6916885432363844e-05,3.2166769272507284e-05,3.170193000281674e-05,0.0005706045229228602,0.0,Knox County Regional Airport,Rockland,United States,RKD,KRKD,44.06010056,-69.09919739,North America
4112,11,11,22,22,1.0,0.00024681663107579944,0.0009252068293849706,0.0009262544700809216,0.016508137777205705,4.67936219937003e-05,Akron Canton Regional Airport,Akron,United States,CAK,KCAK,40.91609954833984,-81.44219970703125,North America
4265,4,4,4,4,1.0,0.0001353658475248606,3.673152769255799e-05,3.6259318752962684e-05,0.0006515635759294996,0.00018682709208611427,Martha's Vineyard Airport,Vineyard Haven MA,United States,MVY,KMVY,41.3931007385,-70.6143035889,North America
4278,3,2,3,2,0.6666666666666666,0.0001040840970967855,3.2373299984550286e-05,3.6232376009417885e-05,0.0006510889741741841,5.317957687394647e-07,Barnstable Municipal Boardman Polando Field,Barnstable,United States,HYA,KHYA,41.66930008,-70.28040314,North America
5749,2,2,2,2,1.0,6.957841355563741e-05,3.652263771561546e-05,3.602364974195248e-05,0.0006473937392869717,1.1584418040323745e-06,Lebanon Municipal Airport,Lebanon,United States,LEB,KLEB,43.626098632799994,-72.30419921880002,North America
5767,1,1,1,1,1.0,5.6916885432363844e-05,3.2166769272507284e-05,3.170193000281674e-05,0.0005706045229228602,0.0,Rutland - Southern Vermont Regional Airport,Rutland,United States,RUT,KRUT,43.52939987,-72.94960022,North America
5770,1,1,1,1,1.0,5.6916885432363844e-05,3.2166769272507284e-05,3.170193000281674e-05,0.0005706045229228602,0.0,Adirondack Regional Airport,Saranac Lake,United States,SLK,KSLK,44.38529968261719,-74.2061996459961,North America
6456,1,1,1,1,1.0,5.6916885432363844e-05,3.2166769272507284e-05,3.170193000281674e-05,0.0005706045229228602,0.0,Provincetown Municipal Airport,Provincetown,United States,PVC,KPVC,42.071899414099995,-70.2213973999,North America
3467,10,10,15,15,1.0,0.00020575567790312067,0.00043619509958564567,0.0004287240265529548,0.007735041704552906,0.00012902192450288857,Spokane International Airport,Spokane,United States,GEG,KGEG,47.61989974975586,-117.53399658203124,North America
3495,16,16,20,21,1.0,0.00026371113907139456,0.0005753973653509179,0.0005347298904250369,0.01023223470014467,0.0003405556715185048,Boise Air Terminal/Gowen Field,Boise,United States,BOI,KBOI,43.5644,-116.223,North America
3644,12,12,18,18,1.0,0.00024743025194534114,0.0004695708593781271,0.00046352842920305536,0.008333080836141496,0.00022841442074163137,Bob Hope Airport,Burbank,United States,BUR,KBUR,34.200698852539055,-118.35900115966795,North America
3777,9,9,10,10,1.0,0.00015438019459454924,0.00021714702191560494,0.00021504895019749544,0.003857023364849352,0.00038491441725014224,Bellingham International Airport,Bellingham,United States,BLI,KBLI,48.79280090332031,-122.53800201416016,North America
3863,22,20,41,40,0.9090909090909091,0.00044922295837230127,0.0016193920912392268,0.0016771648513455673,0.02929107767629848,0.00025834135974391325,Will Rogers World Airport,Oklahoma City,United States,OKC,KOKC,35.39310073852539,-97.60070037841795,North America
4019,23,23,41,42,1.0,0.000522983924466287,0.0016413566003537446,0.0016235442652138413,0.029221033953731552,0.0016012518083412903,Albuquerque International Sunport,Albuquerque,United States,ABQ,KABQ,35.040199,-106.609001,North America
4099,9,9,13,14,1.0,0.000189151863035746,0.000430376761024378,0.000407809109602062,0.007616703896638243,7.130456193589932e-05,Mahlon Sweet Field,Eugene,United States,EUG,KEUG,44.12459945678711,-123.21199798583984,North America
7579,3,3,3,3,1.0,8.354061754378539e-05,6.687632253070748e-05,6.534582281665368e-05,0.001183712700465229,2.4596920896287672e-05,Provo Municipal Airport,Provo,United States,PVU,KPVU,40.219200134277,-111.72299957275,North America
3454,19,19,35,34,1.0,0.0003838768948202937,0.0012843543477762272,0.0013277183570647659,0.023380620920536607,0.00021541588085389863,Eppley Airfield,Omaha,United States,OMA,KOMA,41.3032,-95.894096,North America
3545,1,1,1,1,1.0,5.919117048474222e-05,5.95874746449183e-06,5.710839080040191e-06,0.00010049504588189929,0.0,Waimea Kohala Airport,Kamuela,United States,MUE,PHMU,20.001300811767575,-155.66799926757812,North America
3705,3,2,4,3,0.6666666666666666,9.919238171909365e-05,3.3578696142368925e-05,3.460132874784955e-05,0.0006138022130361042,0.0,Molokai Airport,Molokai,United States,MKK,PHMK,21.15290069580078,-157.0959930419922,North America
3851,2,3,3,4,1.5,8.180698540706792e-05,3.37747936588321e-05,3.441047178204082e-05,0.0006138022130361042,0.0,Lanai Airport,Lanai,United States,LNY,PHNY,20.785600662231445,-156.9510040283203,North America
3457,12,11,20,20,0.9166666666666666,0.00024463990766239365,0.0008818620942975686,0.0009133359561958669,0.01622938018809295,0.00027788193850280206,Wichita Eisenhower National Airport,Wichita,United States,ICT,KICT,37.649899,-97.433098,North America
3502,21,24,36,39,1.1428571428571428,0.00045237847335840534,0.0007400498513488149,0.0006445807609521045,0.013256502415259126,0.0005039473771950288,Dallas Love Field,Dallas,United States,DAL,KDAL,32.847099,-96.851799,North America
3461,2,2,2,2,1.0,6.466809509221713e-05,2.4932704871416685e-05,2.642893114497128e-05,0.0004697960550954329,0.0,Boone County Airport,Harrison,United States,HRO,KHRO,36.26150131225586,-93.15470123291016,North America
3473,31,32,54,58,1.032258064516129,0.0006178887326637844,0.0019889664017635404,0.0019286586297859543,0.035383054138387195,0.0013277942033510836,Memphis International Airport,Memphis,United States,MEM,KMEM,35.04240036010742,-89.97669982910156,North America
5771,1,1,1,1,1.0,5.5630553131716375e-05,1.4002339446366334e-05,1.5189540717580131e-05,0.0002702526065438703,0.0,Salina Municipal Airport,Salina,United States,SLN,KSLN,38.79100036621094,-97.6521987915039,North America
3459,11,11,17,17,1.0,0.00021116272109939133,0.0007797922799321208,0.0007801876515167262,0.013856866190062178,2.220805265257908e-05,Dane County Regional Truax Field,Madison,United States,MSN,KMSN,43.13990020751953,-89.3375015258789,North America
3460,2,2,3,3,1.0,0.0001977753320367996,6.217982831444958e-06,6.223316518748445e-06,0.00011034778139603512,0.0,Dillingham Airport,Dillingham,United States,DLG,PADL,59.04470062,-158.50500490000002,North America
3794,6,4,7,5,0.6666666666666666,0.00042838442986593513,6.218376617435389e-06,6.224111612289917e-06,0.00011036876374091548,0.002452579205198061,King Salmon Airport,King Salmon,United States,AKN,PAKN,58.67679977,-156.6490021,North America
3558,5,5,6,6,1.0,0.00010706288651154694,0.00022863829835020958,0.0002252262748607527,0.004054042586399592,0.00011518853711166593,Meadows Field,Bakersfield,United States,BFL,KBFL,35.43360138,-119.0569992,North America
3559,12,13,23,24,1.0833333333333333,0.00026662361435700555,0.0010591435657537455,0.0010494357666249853,0.01881770384252299,0.00012396211333891904,El Paso International Airport,El Paso,United States,ELP,KELP,31.80719948,-106.37799840000002,North America
3596,2,2,3,3,1.0,7.629829660900038e-05,0.00012225043038341978,0.00011924377333150819,0.0021647316290730116,0.0,Yuma MCAS/Yuma International Airport,Yuma,United States,YUM,KNYL,32.65660095,-114.6060028,North America
3636,15,16,31,31,1.0666666666666667,0.0003549072226832797,0.00143228449078564,0.0014111374684219297,0.02548354919845442,0.0001341139535298757,Tucson International Airport,Tucson,United States,TUS,KTUS,32.116100311279304,-110.94100189208984,North America
3660,16,17,29,29,1.0625,0.00032099603963412946,0.001051517668889847,0.0010382632218890503,0.01873011769517087,9.406869246288824e-05,Bill & Hillary Clinton National Airport/Adams Field,Little Rock,United States,LIT,KLIT,34.729400634799994,-92.2242965698,North America
3713,3,3,5,5,1.0,9.805987339522858e-05,0.00019223091751990648,0.00018672078127309963,0.0033785764132347935,1.3256494548969671e-06,Durango La Plata County Airport,Durango,United States,DRO,KDRO,37.1515007019,-107.753997803,North America
3729,17,17,28,29,1.0,0.00032239688446805,0.0010402033198082727,0.001007078804806648,0.018476925248793578,0.00017831804609547968,Des Moines International Airport,Des Moines,United States,DSM,KDSM,41.53400039672852,-93.66310119628906,North America
3807,14,13,29,27,0.9285714285714286,0.0003354799956455131,0.0009996609873141288,0.0010634597757802843,0.017952058352993645,1.6186725001670065e-05,Reno Tahoe International Airport,Reno,United States,RNO,KRNO,39.49909973144531,-119.76799774169922,North America
3855,18,18,28,27,1.0,0.0003191831589632462,0.0010882617720486486,0.0010792498990673223,0.01939250752308312,0.0002880593053197537,Tulsa International Airport,Tulsa,United States,TUL,KTUL,36.19839859008789,-95.88809967041016,North America
3948,6,6,10,10,1.0,0.00014644302690861526,0.0004334833773256133,0.00042639467396553206,0.007695056877838382,2.4505259590543665e-05,Monterey Peninsula Airport,Monterey,United States,MRY,KMRY,36.58700180053711,-121.84300231933594,North America
3949,6,6,8,8,1.0,0.0001298331812489955,0.0002838054037294962,0.0002787252242096138,0.00501849603105946,5.133589072857496e-05,Santa Barbara Municipal Airport,Santa Barbara,United States,SBA,KSBA,34.42620087,-119.8399963,North America
4014,23,22,42,41,0.9565217391304348,0.00043524052298533515,0.001633738712226052,0.0016562291526467008,0.029500106543859636,0.000172169996097637,Louisville International Standiford Field,Louisville,United States,SDF,KSDF,38.1744,-85.736,North America
4063,6,6,8,8,1.0,0.00012914016690481663,0.00027024369257810666,0.0002651278462763108,0.0047726946413238075,7.09778415873508e-05,Grand Junction Regional Airport,Grand Junction,United States,GJT,KGJT,39.1223983765,-108.527000427,North America
4124,3,3,3,5,1.0,0.00012641737170088023,0.0001432788919302708,6.65701544138387e-05,0.002523567792894445,0.0006177592755612214,Page Municipal Airport,Page,United States,PGA,KPGA,36.92610168,-111.447998,North America
4261,1,1,2,2,1.0,6.608258954864118e-05,6.226662126130139e-05,6.037194144093216e-05,0.0010985616518580784,0.0,Flagstaff Pulliam Airport,Flagstaff,United States,FLG,KFLG,35.13850021,-111.6709976,North America
5768,3,3,4,4,1.0,8.56344622014476e-05,0.00016240247210297775,0.00016000239319711773,0.002883695215626607,3.829471420569279e-06,San Luis County Regional Airport,San Luis Obispo,United States,SBP,KSBP,35.2368011475,-120.641998291,North America
7078,2,2,6,6,1.0,0.00013104936252702115,9.531598451923784e-05,9.251768480956896e-05,0.00168229915478447,0.0,Show Low Regional Airport,Show Low,United States,SOW,KSOW,34.265499115,-110.005996704,North America
3463,6,6,8,8,1.0,0.00012636265560610544,0.00015938638309335166,0.00015922198166373717,0.002847724889134273,1.509831697233023e-05,Bangor International Airport,Bangor,United States,BGR,KBGR,44.80739974975586,-68.82810211181639,North America
3617,31,31,31,31,1.0,0.00046450868758189347,9.358399535830054e-05,9.329864869857762e-05,0.0016573982831048358,0.00043956783878580283,St Petersburg Clearwater International Airport,St. Petersburg,United States,PIE,KPIE,27.91020012,-82.68740082,North America
3465,1,1,2,2,1.0,6.744456374603904e-05,9.258396534690142e-05,8.996678807493552e-05,0.001621945857342916,0.0,East Texas Regional Airport,Longview,United States,GGG,KGGG,32.38399887084961,-94.71150207519533,North America
3611,19,17,38,36,0.8947368421052632,0.00039409981868812984,0.001546951437904618,0.0016225692505012427,0.02896166494853184,0.0001517852118216891,Norfolk International Airport,Norfolk,United States,ORF,KORF,36.89459991455078,-76.20120239257812,North America
3710,1,1,1,1,1.0,5.6393202296089806e-05,4.0152041719557995e-05,4.075861986560954e-05,0.0007189635865535961,0.0,Chico Municipal Airport,Chico,United States,CIC,KCIC,39.79539871,-121.8580017,North America
3816,1,1,1,1,1.0,5.6393202296089806e-05,4.0152041719557995e-05,4.075861986560954e-05,0.0007189635865535961,0.0,Modesto City Co-Harry Sham Field,Modesto,United States,MOD,KMOD,37.62580109,-120.9540024,North America
3819,11,11,14,13,1.0,0.00018605987744373323,0.0006027406225119613,0.0006878749711749052,0.010707555184521931,0.0005059688318530414,City of Colorado Springs Municipal Airport,Colorado Springs,United States,COS,KCOS,38.805801,-104.700996,North America
4098,1,1,1,1,1.0,5.6393202296089806e-05,4.0152041719557995e-05,4.075861986560954e-05,0.0007189635865535961,0.0,Redding Municipal Airport,Redding,United States,RDD,KRDD,40.50899887,-122.2929993,North America
4101,7,7,9,9,1.0,0.000140890911724204,0.0003532833495234,0.00034928012988941,0.006276045190947277,8.310875919838816e-05,Rogue Valley International Medford Airport,Medford,United States,MFR,KMFR,42.37419891357422,-122.8730010986328,North America
4103,6,6,8,8,1.0,0.00013130848118755154,0.0002782351621389079,0.0002748975695625441,0.004933041462909459,5.488639885528113e-05,Roberts Field,Redmond-Bend,United States,RDM,KRDM,44.2541008,-121.1500015,North America
4384,3,3,3,3,1.0,0.00010190113777385957,4.9951125993030526e-05,5.124441637899598e-05,0.0009066924111134345,8.291101434045558e-06,California Redwood Coast-Humboldt County Airport,Arcata CA,United States,ACV,KACV,40.978101,-124.109,North America
5727,2,2,2,2,1.0,8.525470143675787e-05,4.044246128285729e-05,4.104088718134986e-05,0.0007240772158242093,0.0,Jack Mc Namara Field Airport,Crescent City,United States,CEC,KCEC,41.78020096,-124.2369995,North America
5750,2,2,2,2,1.0,6.679652302365725e-05,5.6562325309900584e-05,5.6431556894952105e-05,0.0010014871257570316,2.388920746667046e-06,Crater Lake-Klamath Regional Airport,Klamath Falls,United States,LMT,KLMT,42.156101,-121.733002,North America
5757,2,2,2,2,1.0,6.679652302365725e-05,5.6562325309900584e-05,5.6431556894952105e-05,0.0010014871257570316,2.388920746667046e-06,Southwest Oregon Regional Airport,North Bend,United States,OTH,KOTH,43.41709899902344,-124.24600219726562,North America
6133,8,8,8,8,1.0,0.0001364316201181336,0.000201954053736016,0.00020224934730949306,0.003609302035884377,0.00013886720080576797,Tri Cities Airport,Pasco,United States,PSC,KPSC,46.26470184326172,-119.11900329589844,North America
3472,5,5,12,12,1.0,0.00015597427618989422,0.0005714126797192202,0.0005739403537671105,0.010219456991138019,0.0,Gainesville Regional Airport,Gainesville,United States,GNV,KGNV,29.6900997162,-82.27179718020001,North America
3696,3,2,3,2,0.6666666666666666,0.00010954031874080714,3.7168752280817174e-06,1.5483577818676773e-05,0.00027543746406086977,4.595557166448526e-06,South Arkansas Regional At Goodwin Field,El Dorado,United States,ELD,KELD,33.22100067138672,-92.81330108642578,North America
3704,2,2,2,2,1.0,6.514226417521815e-05,2.6422524112748185e-05,2.5967015889578397e-05,0.00045967464306690894,1.2547153499117877e-07,McKellar-Sipes Regional Airport,Jackson,United States,MKL,KMKL,35.599899,-88.915604,North America
5741,2,2,2,2,1.0,0.00010261081576980332,1.1018116134808727e-05,1.1260394005843399e-05,0.00020109673156341846,7.740845165508783e-06,Memorial Field,Hot Springs,United States,HOT,KHOT,34.47800064086914,-93.09619903564452,North America
3784,3,3,6,6,1.0,0.00010968144173130755,0.00030991572362496026,0.00030296433550389563,0.005478524693021514,1.3256494548969671e-06,Santa Fe Municipal Airport,Santa Fe,United States,SAF,KSAF,35.617099761999995,-106.088996887,North America
3862,12,2,18,2,0.16666666666666666,0.00020894787496872214,8.217517964025567e-05,0.000759719005929994,0.013178629604368015,1.8127247044373346e-05,Portland International Jetport Airport,Portland,United States,PWM,KPWM,43.64619827,-70.30930328,North America
4088,1,1,1,1,1.0,5.727274376400178e-05,5.998380912211838e-05,5.887183189057606e-05,0.001066169977214933,0.0,Mc Clellan-Palomar Airport,Carlsbad,United States,CLD,KCRQ,33.12829971,-117.2799988,North America
4356,14,14,24,24,1.0,0.00027876432959875435,0.0011333971668341949,0.0011316073172953117,0.02015998015108427,0.00021000342298771305,Northwest Arkansas Regional Airport,Bentonville,United States,XNA,KXNA,36.281898,-94.306801,North America
5772,2,2,2,2,1.0,6.70427879678625e-05,9.145847097483462e-05,9.005549735620835e-05,0.0016255272672412533,1.2290691231439438e-05,Santa Maria Pub/Capt G Allan Hancock Field,Santa Maria,United States,SMX,KSMX,34.89889908,-120.4570007,North America
6992,4,4,6,6,1.0,0.00010611094129960394,0.00021115885823106884,0.00020812452702682817,0.0037418540348088314,1.4715177464204598e-06,Charles M. Schulz Sonoma County Airport,Santa Rosa,United States,STS,KSTS,38.50899887,-122.8130035,North America
7001,2,2,2,2,1.0,6.886250056819272e-05,9.736414003382207e-05,9.525388364780798e-05,0.001724238881248732,3.856911188501101e-05,Aspen-Pitkin Co/Sardy Field,Aspen,United States,ASE,KASE,39.22320175,-106.8690033,North America
7081,1,1,2,2,1.0,6.748845082436096e-05,0.00011996761824423676,0.00011774366378115211,0.002132339954429866,0.0,Mammoth Yosemite Airport,Mammoth Lakes,United States,MMH,KMMH,37.62409973,-118.83799740000002,North America
7121,1,1,1,1,1.0,5.727274376400178e-05,5.998380912211838e-05,5.887183189057606e-05,0.001066169977214933,0.0,Visalia Municipal Airport,Visalia,United States,VIS,KVIS,36.3186988831,-119.392997742,North America
7122,1,1,1,1,1.0,5.727274376400178e-05,5.998380912211838e-05,5.887183189057606e-05,0.001066169977214933,0.0,Merced Regional Macready Field,Merced,United States,MCE,KMCE,37.28469849,-120.5139999,North America
3627,16,16,32,32,1.0,0.00034234126460693523,0.0013379210304295685,0.0013399204200198703,0.023846016263578535,2.8176696181582908e-05,James M Cox Dayton International Airport,Dayton,United States,DAY,KDAY,39.90240097045898,-84.21939849853516,North America
3685,20,20,28,28,1.0,0.0003278125493926681,0.0009751579585222297,0.000978907655721825,0.017403857707362008,0.0003282043455008732,Gerald R. Ford International Airport,Grand Rapids,United States,GRR,KGRR,42.88079834,-85.52279663,North America
4034,20,20,29,29,1.0,0.0003215904971037124,0.001000946374846469,0.0009263096273261343,0.017836411229296124,0.00029742891408853167,Greenville Spartanburg International Airport,Greenville,United States,GSP,KGSP,34.895698547399995,-82.2189025879,North America
4058,2,2,2,2,1.0,9.95457139399197e-05,1.2822015630381238e-05,1.3392282101328212e-05,0.00024014263002620356,0.0,Venango Regional Airport,Franklin,United States,FKL,KFKL,41.3778991699,-79.8603973389,North America
4089,8,8,12,14,1.0,0.0001579607920050482,0.0005944215350747733,0.0005516567165214618,0.01063957738043194,1.2296320017245761e-05,Bishop International Airport,Flint,United States,FNT,KFNT,42.96540069580078,-83.74359893798828,North America
4114,1,1,1,1,1.0,5.7251764493793545e-05,1.2746117005823131e-05,1.331982655878703e-05,0.0002387883746188706,0.0,Mid Ohio Valley Regional Airport,PARKERSBURG,United States,PKB,KPKB,39.34510040283203,-81.43920135498047,North America
4276,3,3,4,4,1.0,8.43741239520783e-05,0.00010878621259396836,0.00010946938655263303,0.0019536059480559755,0.0,Erie International Tom Ridge Field,Erie,United States,ERI,KERI,42.0831270134,-80.1738667488,North America
5722,2,2,2,2,1.0,9.95457139399197e-05,1.2822015630381238e-05,1.339228210132821e-05,0.00024014263002620356,0.0,Bradford Regional Airport,Bradford,United States,BFD,KBFD,41.8031005859375,-78.64009857177734,North America
5734,2,2,2,2,1.0,9.95457139399197e-05,1.2822015630381238e-05,1.3392282101328212e-05,0.00024014263002620356,0.0,DuBois Regional Airport,Du Bois,United States,DUJ,KDUJ,41.17829895,-78.8986969,North America
7059,2,2,2,2,1.0,9.95457139399197e-05,1.2822015630381238e-05,1.3392282101328206e-05,0.00024014263002620356,0.0,Chautauqua County-Jamestown Airport,Jamestown,United States,JHW,KJHW,42.15340042,-79.25800323,North America
7056,17,18,17,18,1.0588235294117647,0.0002635783883404007,6.53321898136404e-05,6.445256946549741e-05,0.0011616588030907878,0.00010359219230198954,Charlotte County Airport,Punta Gorda,United States,PGD,KPGD,26.92020035,-81.99050140000001,North America
7657,2,2,2,2,1.0,8.444756473529973e-05,1.487590073447404e-05,1.487301186217816e-05,0.0002643327546994081,1.2975426241549387e-05,Morristown Municipal Airport,Morristown,United States,MMU,KMMU,40.79940032958984,-74.41490173339844,North America
3491,1,1,3,3,1.0,0.00012846189637159602,1.8618789643109895e-06,1.907458780152687e-06,3.3513787960627345e-05,0.0,Huron Regional Airport,Huron,United States,HON,KHON,44.38520050048828,-98.22850036621094,North America
5761,3,3,8,8,1.0,0.00025384063465373773,0.00011251711709758032,0.00010950926745491322,0.0019809176393284353,0.0006134597190197513,Pierre Regional Airport,Pierre,United States,PIR,KPIR,44.38270187,-100.2860031,North America
3492,11,11,17,17,1.0,0.0008644528525709423,3.490753222875616e-05,3.4441438008684055e-05,0.0006098067687912454,0.007474702443449032,Juneau International Airport,Juneau,United States,JNU,PAJN,58.35499954223633,-134.57600402832028,North America
3808,7,7,14,13,1.0,0.0006171144541690782,9.113528186977089e-05,9.149824188347015e-05,0.0016161582426846685,0.0018399915660189633,Ketchikan International Airport,Ketchikan,United States,KTN,PAKT,55.35559845,-131.7140045,North America
3856,2,2,3,3,1.0,0.00017178469193917132,9.089344266843115e-07,1.2272451715126245e-06,1.5993370278143244e-05,0.000726054021613121,Sitka Rocky Gutierrez Airport,Sitka,United States,SIT,PASI,57.04710006713867,-135.36199951171878,North America
4147,2,2,2,2,1.0,0.0001563584710601275,1.9811635022682348e-07,2.0019460367504202e-07,3.4907346343651385e-06,0.0006125391902990614,Petersburg James A Johnson Airport,Petersburg,United States,PSG,PAPG,56.80170059,-132.9450073,North America
5960,2,2,3,3,1.0,0.00018739320775276313,3.926311522295074e-07,3.967345558304521e-07,6.91744736049403e-06,0.0,Gustavus Airport,Gustavus,United States,GST,PAGS,58.42530060000001,-135.7070007,North America
5961,2,2,4,3,1.0,0.0002177821258734962,3.926311522295074e-07,3.9897896208291196e-07,6.956905034922051e-06,0.0,Skagway Airport,Skagway,United States,SGY,PAGY,59.46009826660156,-135.31599426269528,North America
5963,2,2,3,4,1.0,0.0001960719155211396,3.949050217288816e-07,3.9673455583045814e-07,6.956905034922051e-06,0.0,Haines Airport,Haines,United States,HNS,PAHN,59.24380111694336,-135.52400207519528,North America
6803,2,2,2,2,1.0,0.0001436375462137752,2.3026924421314657e-07,2.3220304302711104e-07,4.05815014839156e-06,8.189779641133942e-05,Yakutat Airport,Yakutat,United States,YAK,PAYA,59.503299713100006,-139.660003662,North America
7135,1,0,1,0,0.0,9.055172704339095e-05,-0.0,1.9725792412978116e-07,3.4392173689323253e-06,0.0,Angoon Seaplane Base,Angoon,United States,AGN,PAGN,57.503601,-134.58500700000002,North America
7142,2,2,3,3,1.0,0.00018739320775276313,3.926311522295074e-07,3.9673455583045814e-07,6.91744736049403e-06,0.0,Hoonah Airport,Hoonah,United States,HNH,PAOH,58.0961,-135.410111,North America
3493,3,3,6,6,1.0,0.00010439322166630832,0.0003799466447583647,0.000378599327330192,0.0067565706278760245,0.0,Lafayette Regional Airport,Lafayette,United States,LFT,KLFT,30.20529938,-91.98760223,North America
3641,17,17,28,27,1.0,0.00029726780223403494,0.0008788794166605131,0.0008862218302903128,0.01612456475619924,4.563549819205494e-05,Theodore Francis Green State Airport,Providence,United States,PVD,KPVD,41.732601,-71.42040300000001,North America
3676,17,17,31,31,1.0,0.0003480029046709138,0.0012704564041722526,0.0012710121729929348,0.022612583810603094,0.0002532016243301338,McGhee Tyson Airport,Knoxville,United States,TYS,KTYS,35.81100082,-83.99400329999999,North America
3711,10,10,14,13,1.0,0.0001764600931273677,0.0005174500456836991,0.0006046683711983355,0.00922276202680266,0.00010301041505570274,Burlington International Airport,Burlington,United States,BTV,KBTV,44.4719009399,-73.15329742429998,North America
3947,3,3,4,4,1.0,8.259163550577953e-05,0.0001285625676816801,0.000128649573395283,0.002290673162445091,1.3456552644358095e-06,Ithaca Tompkins Regional Airport,Ithaca,United States,ITH,KITH,42.49100112915039,-76.4583969116211,North America
4008,14,14,26,25,1.0,0.0002950696408303989,0.0010157664923442131,0.001101059364483856,0.01807925198487306,0.00023327113653639247,Piedmont Triad International Airport,Greensboro,United States,GSO,KGSO,36.097801208496094,-79.93730163574219,North America
4011,13,13,20,20,1.0,0.0002263472110176337,0.0006460991440028095,0.0007071270201141584,0.01188074322029945,3.494970792057059e-05,Manchester-Boston Regional Airport,Manchester NH,United States,MHT,KMHT,42.932598,-71.435699,North America
3945,4,4,4,4,1.0,0.00011466196851058885,5.111837749761236e-05,5.209136103701136e-05,0.0009193806354355563,3.182412027440499e-05,Lewiston Nez Perce County Airport,Lewiston,United States,LWS,KLWS,46.3745002746582,-117.01499938964844,North America
3497,1,1,2,2,1.0,6.744456374603904e-05,9.258396534690142e-05,8.996678807493552e-05,0.001621945857342916,0.0,Garden City Regional Airport,Garden City,United States,GCK,KGCK,37.9275016785,-100.723999023,North America
3498,4,4,5,5,1.0,0.00010619442409089239,0.00013485745525509477,0.00013353248207190747,0.0024072618746758174,3.7169980819460565e-06,Minot International Airport,Minot,United States,MOT,KMOT,48.2593994140625,-101.27999877929688,North America
3560,6,6,8,7,1.0,0.00012063762114462024,8.291255920543093e-05,0.00010169310105906036,0.0015227857211824606,7.694981767565814e-07,Valley International Airport,Harlingen,United States,HRL,KHRL,26.228500366210938,-97.65440368652344,North America
3652,7,6,9,8,0.8571428571428571,0.000140825557754284,0.00020719869994955176,0.00020540436800388603,0.003689939879255246,6.734486394369199e-05,Midland International Airport,Midland,United States,MAF,KMAF,31.9424991607666,-102.2020034790039,North America
3829,7,7,9,10,1.0,0.00014275015412949118,0.0002472154431846177,0.00021252787268135454,0.004384188091560237,7.341444692754274e-05,Lubbock Preston Smith International Airport,Lubbock,United States,LBB,KLBB,33.663601,-101.822998,North America
3840,5,6,9,10,1.2,0.00014151907706615692,0.00028637524549613276,0.0002675022896189805,0.005069536959380698,1.2795765832514516e-05,Rick Husband Amarillo International Airport,Amarillo,United States,AMA,KAMA,35.219398,-101.706001,North America
6962,4,4,4,4,1.0,8.483559467593619e-05,6.464553142160784e-05,6.525442070456619e-05,0.001165239313945654,2.038142721313127e-05,Branson Airport,Branson,United States,BKG,KBBG,36.532082,-93.200544,North America
3504,4,5,4,5,1.25,9.655536364392353e-05,0.00011421979558474924,8.463859140672678e-05,0.0020538477110235076,2.80460782851775e-05,Helena Regional Airport,Helena,United States,HLN,KHLN,46.6068000793457,-111.98300170898438,North America
3880,7,7,7,7,1.0,0.0001330964307355307,0.00014587140415454626,0.00014646323162258523,0.002619397725685553,9.67360863845292e-05,Great Falls International Airport,Great Falls,United States,GTF,KGTF,47.48199844,-111.3710022,North America
3513,2,2,3,3,1.0,7.728323125194745e-05,0.00012143946068242957,0.00011880861798133851,0.002134224324082101,0.0,Lake Charles Regional Airport,Lake Charles,United States,LCH,KLCH,30.12610054016113,-93.22329711914062,North America
3796,2,2,2,2,1.0,7.06021664090223e-05,1.7282459547397448e-05,1.751834048318924e-05,0.00031117635224010896,6.4581772411622206e-06,Kapalua Airport,Lahania-kapalua,United States,JHM,PHJH,20.962900161743164,-156.67300415039062,North America
3630,5,5,5,5,1.0,0.00010725379264903554,2.914233391019422e-05,2.911383499169473e-05,0.0005221768267002956,2.4416370820349112e-05,Niagara Falls International Airport,Niagara Falls,United States,IAG,KIAG,43.1072998046875,-78.94619750976562,North America
3881,4,4,4,4,1.0,9.726282252122044e-05,7.645460669317748e-06,7.65392127723881e-06,0.00013956363630972333,6.0045309803823575e-06,Youngstown Warren Regional Airport,Youngstown,United States,YNG,KYNG,41.26070023,-80.67910004,North America
4041,10,10,16,16,1.0,0.00021737912634000372,0.0006938500627526423,0.0006963837573089693,0.012347556021611838,8.260690671169311e-05,Fort Wayne International Airport,Fort Wayne,United States,FWA,KFWA,40.97850037,-85.19509888,North America
4285,9,3,15,6,0.3333333333333333,0.00018801534810119512,0.0003792244637807023,0.0006916010357203743,0.012300322183326752,1.3486772061659819e-05,Yeager Airport,Charleston,United States,CRW,KCRW,38.37310028076172,-81.59320068359375,North America
4355,9,9,13,13,1.0,0.00017937488628500632,0.00048248592487849904,0.0004844876740764421,0.008606914788458833,6.287247685367504e-05,Lehigh Valley International Airport,Allentown,United States,ABE,KABE,40.652099609375,-75.44080352783203,North America
5742,4,4,5,5,1.0,0.00010335405209045353,6.374782058517678e-05,6.34922489245966e-05,0.0011373650519399358,3.666260819223541e-06,Tri-State/Milton J. Ferguson Field,Huntington,United States,HTS,KHTS,38.36669922,-82.55799866,North America
5747,3,3,3,3,1.0,7.69331910521475e-05,5.613342041728568e-05,5.616399145691229e-05,0.0010009317857221228,2.188090023125333e-06,Arnold Palmer Regional Airport,Latrobe,United States,LBE,KLBE,40.27590179,-79.40480042,North America
3589,15,15,23,23,1.0,0.0003429662744971137,0.0007647883943982266,0.0007685912534780789,0.013616260874314279,0.0006915453913007525,Westchester County Airport,White Plains,United States,HPN,KHPN,41.06700134277344,-73.70760345458984,North America
3624,1,1,1,1,1.0,8.156272024479066e-05,2.0653071204300481e-07,2.0872626746538854e-07,3.6952348872124408e-06,0.0,Teterboro Airport,Teterboro,United States,TEB,KTEB,40.85010147089999,-74.060798645,North America
5737,2,3,2,3,1.5,0.00011034442553389207,4.767893065743984e-06,4.162913527102371e-07,8.415897842720005e-05,0.0,New Bedford Regional Airport,New Bedford,United States,EWB,KEWB,41.67610168457031,-70.95690155029297,North America
3544,6,6,8,8,1.0,0.00012691089971317917,0.00034333212168993353,0.0003469482375837642,0.0061648835203391514,3.882003555622337e-05,Capital City Airport,Lansing,United States,LAN,KLAN,42.77870178222656,-84.58740234375,North America
3561,10,10,17,17,1.0,0.00020321620121669027,0.0007724497377252905,0.0007724516202158774,0.013748195831771028,2.9654828292857484e-05,Columbia Metropolitan Airport,Columbia,United States,CAE,KCAE,33.93880081176758,-81.11949920654297,North America
3564,11,11,21,21,1.0,0.00023842742895008797,0.0009101058589882007,0.0009113109797463306,0.016213802954444117,1.7114975188423776e-05,Pensacola Regional Airport,Pensacola,United States,PNS,KPNS,30.473400115967003,-87.18659973144501,North America
3578,8,8,16,16,1.0,0.00020292995852214633,0.0007801400135253839,0.0007812036368272389,0.013880536295439137,1.4985460827785058e-05,Lovell Field,Chattanooga,United States,CHA,KCHA,35.03530120849609,-85.20379638671875,North America
3580,9,9,18,18,1.0,0.00020987152953399712,0.0008058249196950001,0.0008122348200792064,0.014368356432318609,1.770130725717795e-05,Jackson-Medgar Wiley Evers International Airport,Jackson,United States,JAN,KJAN,32.3111991882,-90.0758972168,North America
3658,3,3,7,7,1.0,0.00010967154506829778,0.0003571436382111929,0.0003583520742080552,0.006379890524893187,0.0,Augusta Regional At Bush Field,Bush Field,United States,AGS,KAGS,33.36989974975586,-81.9645004272461,North America
3698,7,7,15,15,1.0,0.00018428157690341334,0.0006199964032608659,0.0006196640922308616,0.011053812522229249,0.0,Tallahassee Regional Airport,Tallahassee,United States,TLH,KTLH,30.396499633789062,-84.35030364990234,North America
3845,5,5,13,13,1.0,0.00016190694312833733,0.0005693068567091791,0.0005697627816772123,0.010165532382263785,0.0,Wilmington International Airport,Wilmington,United States,ILM,KILM,34.27059936523437,-77.90260314941406,North America
3873,5,5,11,10,1.0,0.00014893440308805627,0.0004785830988936225,0.0005637575953056783,0.008514114848975287,0.0,Destin-Ft Walton Beach Airport,Valparaiso,United States,VPS,KVPS,30.4832,-86.525398,North America
4017,13,13,20,20,1.0,0.0002458169121593712,0.000835124429623253,0.0008369697262262015,0.014860716783118422,0.00018268926456811415,Blue Grass Airport,Lexington KY,United States,LEX,KLEX,38.0364990234375,-84.60590362548828,North America
4067,6,6,13,13,1.0,0.00016271523359098048,0.0006941813233937593,0.0006947689358477526,0.012379461313392931,9.597308611911503e-06,Sarasota Bradenton International Airport,Sarasota,United States,SRQ,KSRQ,27.39539909362793,-82.55439758300781,North America
4113,9,9,18,18,1.0,0.00021629099920099314,0.0009368558537056765,0.000938253415242436,0.016649649433621905,0.00010977970391283912,Huntsville International Carl T Jones Field,Huntsville,United States,HSV,KHSV,34.637199401855,-86.775100708008,North America
4386,3,3,7,7,1.0,0.00010967154506829778,0.0003571436382111929,0.0003583520742080552,0.006379890524893187,0.0,Albert J Ellis Airport,Jacksonville NC,United States,OAJ,KOAJ,34.8292007446,-77.61209869380002,North America
5738,4,4,8,8,1.0,0.00011900742759002493,0.00038537567967138127,0.0003870782168714511,0.006884640656657985,1.7132729868368643e-07,Fayetteville Regional Grannis Field,Fayetteville,United States,FAY,KFAY,34.991199493408196,-78.88030242919922,North America
8314,2,2,4,4,1.0,8.256155465393691e-05,9.86364541352578e-05,9.856136485920164e-05,0.0017575442210992637,0.0,Hilton Head Airport,Hilton Head Island,United States,HHH,KHXD,32.2243995667,-80.6975021362,North America
3527,1,1,1,1,1.0,5.864679350783354e-05,3.738033091170368e-05,3.638205175723193e-05,0.0006580689040337993,0.0,Pueblo Memorial Airport,Pueblo,United States,PUB,KPUB,38.289100646972656,-104.49700164794922,North America
3531,2,3,3,4,1.5,0.00020130661491955096,6.183104703645004e-06,6.188375466549625e-06,0.00010973232913822496,0.0012272101313197204,Kodiak Airport,Kodiak,United States,ADQ,PADQ,57.75,-152.4940033,North America
7160,1,1,1,1,1.0,9.013401593081082e-05,3.5071631750773214e-08,3.49399204310801e-08,6.188430698016287e-07,0.0,Akhiok Airport,Akhiok,United States,AKK,PAKH,56.9387016296,-154.182998657,North America
7162,1,1,1,1,1.0,9.013401593081082e-05,1.7201582242842473e-23,3.49399204310801e-08,6.18862750639423e-07,0.0003070690016701298,Larsen Bay Airport,Larsen Bay,United States,KLN,PALB,57.5350990295,-153.977996826,North America
3661,5,5,6,6,1.0,0.00010578870537579488,0.00014699966271551181,0.00014714386287960498,0.0026239026231016896,2.188928274049765e-05,Stewart International Airport,Newburgh,United States,SWF,KSWF,41.50410079956055,-74.10479736328125,North America
3875,8,8,17,16,1.0,0.0001991800747350612,0.0005525392458250136,0.000579474268663138,0.009846178698521498,1.4846805224172457e-06,Key West International Airport,Key West,United States,EYW,KEYW,24.55610084533691,-81.75959777832031,North America
4007,8,8,12,12,1.0,0.00016966551914859786,0.0005172547652101017,0.0005194292174497164,0.009227945953833522,7.629732884324469e-05,Asheville Regional Airport,Asheville,United States,AVL,KAVL,35.43619918823242,-82.54180145263672,North America
6426,2,2,2,2,1.0,6.591915570945652e-05,5.043081190433779e-05,5.046547190065309e-05,0.0008997383730552875,7.346177217509863e-07,Worcester Regional Airport,Worcester,United States,ORH,KORH,42.26729965209961,-71.87570190429688,North America
3535,2,2,2,2,1.0,9.97183276525255e-05,2.8260348656023734e-05,2.9210365241610173e-05,0.0005253473004401752,0.0,Falls International Airport,International Falls,United States,INL,KINL,48.566200256347656,-93.4030990600586,North America
6957,2,2,2,2,1.0,9.97183276525255e-05,2.8260348656023734e-05,2.9210365241610166e-05,0.0005253473004401752,0.0,Brainerd Lakes Regional Airport,Brainerd,United States,BRD,KBRD,46.39830017,-94.13809967,North America
3824,1,1,1,1,1.0,5.852861850346151e-05,1.7682617869955775e-05,1.8381569631175852e-05,0.00032248247132350835,0.0,Cedar City Regional Airport,Cedar City,United States,CDC,KCDC,37.70100021362305,-113.0989990234375,North America
3872,3,3,3,3,1.0,7.988841951151318e-05,8.65376106343757e-05,8.594728685404004e-05,0.0015399086653836282,7.533563072296354e-06,Casper-Natrona County International Airport,Casper,United States,CPR,KCPR,42.908001,-106.463997,North America
4020,7,7,8,8,1.0,0.00013761352368573207,0.0002465976093010516,0.0002468858142741751,0.004391718642992918,0.00012530877098379444,Gallatin Field,Bozeman,United States,BZN,KBZN,45.77750015,-111.1529999,North America
4021,12,12,12,12,1.0,0.00046793512746502296,0.00016182792504047046,0.000161516590614841,0.0028907981391900657,0.0031566938535655302,Billings Logan International Airport,Billings,United States,BIL,KBIL,45.80770111083984,-108.54299926757812,North America
4022,1,1,1,1,1.0,5.852861850346151e-05,1.7682617869955775e-05,1.8381569631175852e-05,0.00032248247132350835,0.0,Bert Mooney Airport,Butte,United States,BTM,KBTM,45.95479965209961,-112.49700164794922,North America
4027,2,2,2,2,1.0,7.011837530765246e-05,5.506294878165946e-05,5.4763621388407774e-05,0.0009805513753573076,3.1069136146766183e-06,Jackson Hole Airport,Jacksn Hole,United States,JAC,KJAC,43.6072998046875,-110.73799896240234,North America
4064,2,2,2,2,1.0,7.011837530765246e-05,5.506294878165946e-05,5.4763621388407774e-05,0.0009805513753573076,3.1069136146766183e-06,St George Municipal Airport,Saint George,United States,SGU,KSGU,37.036389,-113.510306,North America
4087,7,7,8,8,1.0,0.000135795409212339,0.00027156925752348077,0.0002701847601231891,0.004819456128140215,7.795317492623534e-05,Rapid City Regional Airport,Rapid City,United States,RAP,KRAP,44.0452995300293,-103.05699920654295,North America
4100,4,4,4,4,1.0,9.57844584273843e-05,8.706493864724162e-05,8.64813302586144e-05,0.0015492908294301726,1.3288162989196811e-05,Idaho Falls Regional Airport,Idaho Falls,United States,IDA,KIDA,43.514599,-112.070999,North America
4127,5,5,5,5,1.0,0.00010079609488224781,0.0001448644004132495,0.00014528374700996662,0.0025984327460808004,6.436738274695687e-05,Glacier Park International Airport,Kalispell,United States,FCA,KGPI,48.31050109863281,-114.25599670410156,North America
4216,7,7,7,7,1.0,0.0001270954545256864,0.00016180201201645799,0.00016149072744388353,0.0028903384493307806,9.133321366822736e-05,Missoula International Airport,Missoula,United States,MSO,KMSO,46.91630173,-114.0910034,North America
4263,1,1,1,1,1.0,5.852861850346151e-05,1.7682617869955775e-05,1.8381569631175852e-05,0.00032248247132350835,0.0,Joslin Field Magic Valley Regional Airport,Twin Falls,United States,TWF,KTWF,42.4818,-114.487999,North America
4292,10,10,14,14,1.0,0.0002018199948912299,0.0005243473272106549,0.0005241218772157458,0.009301795984288994,0.0005675200710766681,Hector International Airport,Fargo,United States,FAR,KFAR,46.92070007324219,-96.81580352783205,North America
4296,3,3,3,3,1.0,9.782046048802259e-05,5.537508628806663e-05,5.5076538798269624e-05,0.000986112502897536,3.1069136146766183e-06,Gillette Campbell County Airport,Gillette,United States,GCC,KGCC,44.3488998413,-105.539001465,North America
4344,2,2,2,2,1.0,7.011837530765246e-05,5.506294878165946e-05,5.4763621388407774e-05,0.0009805513753573076,3.1069136146766183e-06,Yellowstone Regional Airport,Cody,United States,COD,KCOD,44.520198822,-109.024002075,North America
5736,1,1,1,1,1.0,5.852861850346151e-05,1.7682617869955775e-05,1.8381569631175852e-05,0.00032248247132350835,0.0,Elko Regional Airport,Elko,United States,EKO,KEKO,40.82490158081055,-115.79199981689452,North America
5760,1,1,1,1,1.0,5.852861850346151e-05,1.7682617869955775e-05,1.8381569631175852e-05,0.00032248247132350835,0.0,Pocatello Regional Airport,Pocatello,United States,PIH,KPIH,42.9098014831543,-112.59600067138672,North America
5766,3,3,3,3,1.0,9.782046048802259e-05,5.537508628806663e-05,5.507653879826962e-05,0.000986112502897536,3.1069136146766183e-06,Southwest Wyoming Regional Airport,Rock Springs,United States,RKS,KRKS,41.5942,-109.065001,North America
7074,1,1,1,1,1.0,5.852861850346151e-05,1.7682617869955775e-05,1.8381569631175852e-05,0.00032248247132350835,0.0,Canyonlands Field,Moab,United States,CNY,KCNY,38.75500107,-109.7549973,North America
7076,1,1,1,1,1.0,5.852861850346151e-05,1.7682617869955775e-05,1.8381569631175852e-05,0.00032248247132350835,0.0,Vernal Regional Airport,Vernal,United States,VEL,KVEL,40.4408989,-109.5100021,North America
3543,3,3,3,3,1.0,7.827021725039178e-05,0.0001293006844410414,0.00013011869354687114,0.0023062883454009267,3.754493558907947e-05,Lincoln Airport,Lincoln,United States,LNK,KLNK,40.85100173950195,-96.75920104980467,North America
3546,1,1,1,1,1.0,5.7734388507817985e-05,5.438520845290664e-06,6.019365830923246e-06,0.00010742406594946471,0.0,Massena International Richards Field,Massena,United States,MSS,KMSS,44.93579864501953,-74.84559631347656,North America
3609,5,5,8,8,1.0,0.00012575302267436,0.00044880163752278454,0.00044616504455305617,0.007973996821936145,5.500610324112689e-05,Shreveport Regional Airport,Shreveport,United States,SHV,KSHV,32.446602,-93.8256,North America
3691,3,3,4,4,1.0,8.705327545580816e-05,0.0001529141225351458,0.0001499922834469708,0.0026935816141084217,8.42359822105132e-06,Laredo International Airport,Laredo,United States,LRD,KLRD,27.543800354003903,-99.46160125732422,North America
3715,2,2,3,3,1.0,7.728323125194745e-05,0.00012143946068242957,0.00011880861798133851,0.002134224324082101,0.0,Easterwood Field,College Station,United States,CLL,KCLL,30.58860016,-96.36380005,North America
3732,3,3,6,6,1.0,0.00010439322166630832,0.0003799466447583647,0.000378599327330192,0.0067565706278760245,0.0,Monroe Regional Airport,Monroe,United States,MLU,KMLU,32.51089859008789,-92.0376968383789,North America
3738,2,2,3,3,1.0,7.728323125194745e-05,0.00012143946068242957,0.00011880861798133851,0.002134224324082101,0.0,Brownsville South Padre Island International Airport,Brownsville,United States,BRO,KBRO,25.90679931640625,-97.4259033203125,North America
3744,3,4,5,5,1.3333333333333333,9.299230925867151e-05,0.0001322420575550896,0.0001392039256051537,0.002339130877975539,5.155844103214042e-07,Corpus Christi International Airport,Corpus Christi,United States,CRP,KCRP,27.77039909362793,-97.5011978149414,North America
3749,1,1,1,1,1.0,5.689570420955099e-05,2.8855495335528146e-05,2.884182990640303e-05,0.0005122784667391853,0.0,Lea County Regional Airport,Hobbs,United States,HOB,KHOB,32.6875,-103.2170029,North America
3775,3,3,6,6,1.0,0.00010439322166630832,0.0003799466447583647,0.000378599327330192,0.0067565706278760245,0.0,Robert Gray  Army Air Field Airport,Killeen,United States,GRK,KGRK,31.067199706999997,-97.8289031982,North America
3782,5,5,9,9,1.0,0.00013227293555744858,0.0005002398293034656,0.0004994928107866957,0.008886757902794107,1.070315963711115e-05,Mobile Regional Airport,Mobile,United States,MOB,KMOB,30.691200256348,-88.242797851562,North America
3846,4,4,8,8,1.0,0.00012294130247402638,0.0004364142793402332,0.00043480683868429355,0.007760923073962333,0.0,Baton Rouge Metropolitan Airport,Baton Rouge,United States,BTR,KBTR,30.533199,-91.149597,North America
3848,2,2,3,3,1.0,7.728323125194745e-05,0.00012143946068242957,0.00011880861798133851,0.002134224324082101,0.0,Tyler Pounds Regional Airport,Tyler,United States,TYR,KTYR,32.35409927368164,-95.40239715576172,North America
3852,3,3,6,6,1.0,0.00010439322166630832,0.0003799466447583647,0.000378599327330192,0.0067565706278760245,0.0,Alexandria International Airport,Alexandria,United States,AEX,KAEX,31.32740020751953,-92.54979705810548,North America
4038,4,4,9,9,1.0,0.00013197796594548002,0.0005225833406988783,0.000521403741800578,0.009301705175226976,0.0,Gulfport Biloxi International Airport,Gulfport,United States,GPT,KGPT,30.40730094909668,-89.07009887695312,North America
5775,1,1,1,1,1.0,5.689570420955099e-05,2.8855495335528146e-05,2.884182990640303e-05,0.0005122784667391853,0.0,Victoria Regional Airport,Victoria,United States,VCT,KVCT,28.85260009765625,-96.9185028076172,North America
7669,5,5,7,7,1.0,0.0001098951706563655,0.0003210042758943202,0.00032355815507675693,0.005754721558578331,7.546197063175126e-07,Northwest Florida Beaches International Airport,Panama City,United States,ECP,KECP,30.357106,-85.79541400000001,North America
6714,2,2,2,2,1.0,0.00018427039235888905,1.7751231058264484e-08,1.8855341676933212e-08,3.339228862657048e-07,0.0,Atqasuk Edward Burnell Sr Memorial Airport,Atqasuk,United States,ATK,PATQ,70.46730041503906,-157.43600463867188,North America
7092,2,2,2,2,1.0,0.00017709659443239815,3.76249301847668e-08,3.7495766586675446e-08,6.845419295716359e-07,0.0,Nuiqsut Airport,Nuiqsut,United States,NUI,PAQT,70.2099990845,-151.00599670399998,North America
7220,2,2,2,2,1.0,0.00018427039235888905,1.7751231058264487e-08,1.8855341676932454e-08,3.339228862657048e-07,0.0,Wainwright Airport,Wainwright,United States,AIN,PAWI,70.6380004883,-159.994995117,North America
4012,1,1,1,1,1.0,5.7006056034575034e-05,3.766151358864669e-05,3.7761392233898674e-05,0.0006705080686765777,0.0,Naples Municipal Airport,Naples,United States,APF,KAPF,26.1525993347,-81.7752990723,North America
3944,2,2,2,2,1.0,8.20300510038969e-05,3.0527205699944424e-05,3.057465377085545e-05,0.0005413245032647293,0.0,Pullman Moscow Regional Airport,Pullman,United States,PUW,KPUW,46.7439,-117.110001,North America
5719,1,1,1,1,1.0,5.767292141524117e-05,3.0231986212768537e-05,3.028579046868956e-05,0.0005361394681618185,0.0,Walla Walla Regional Airport,Walla Walla,United States,ALW,KALW,46.09489822,-118.288002,North America
5779,1,1,1,1,1.0,5.767292141524117e-05,3.0231986212768537e-05,3.028579046868956e-05,0.0005361394681618185,0.0,Yakima Air Terminal McAllister Field,Yakima,United States,YKM,KYKM,46.56819916,-120.5439987,North America
6916,1,1,1,1,1.0,5.767292141524117e-05,3.0231986212768537e-05,3.028579046868956e-05,0.0005361394681618185,0.0,Pangborn Memorial Airport,Wenatchee,United States,EAT,KEAT,47.3988990784,-120.207000732,North America
3584,1,1,2,2,1.0,6.47800020966288e-05,6.719448575497098e-05,6.741675390120707e-05,0.0012011707136136886,0.0,Williamsport Regional Airport,Williamsport,United States,IPT,KIPT,41.241798400878906,-76.92109680175781,North America
3591,1,1,1,1,1.0,5.7027104226755015e-05,1.690585604597572e-05,1.8327827195753242e-05,0.0003250267510928132,0.0,Jonesboro Municipal Airport,Jonesboro,United States,JBR,KJBR,35.83169937133789,-90.64640045166016,North America
3597,1,1,1,1,1.0,5.7624417494378555e-05,9.201178388163806e-06,9.27509265395039e-06,0.00016479509876592504,0.0,Cavern City Air Terminal,Carlsbad,United States,CNM,KCNM,32.337501525878906,-104.26300048828124,North America
3598,4,4,4,4,1.0,9.234654356593268e-05,0.0001239223433949199,0.00012545435065984583,0.0022169588954399928,2.2728832346160196e-05,Duluth International Airport,Duluth,United States,DLH,KDLH,46.8420982361,-92.1936035156,North America
5964,3,3,4,4,1.0,0.00028801236995118387,8.874254012408584e-08,1.4143938198796465e-07,2.505471830562371e-06,1.4728459531038097e-05,Kalskag Airport,Kalskag,United States,KLG,PALG,61.53630065917969,-160.34100341796875,North America
5968,2,2,2,2,1.0,0.0001850441434054904,1.9823960097414647e-10,3.497705825501784e-08,6.267075345824478e-07,0.00015338915419495596,Chevak Airport,Chevak,United States,VAK,PAVA,61.5409,-165.6005,North America
6716,2,2,2,2,1.0,0.0001850441434054904,1.9823960097412067e-10,3.497705825502239e-08,6.267075345824478e-07,0.00015338915419495596,Hooper Bay Airport,Hooper Bay,United States,HPB,PAHP,61.52389908,-166.1470032,North America
6960,2,2,3,3,1.0,0.00022602857413638462,7.040600186664061e-08,3.537717942367594e-08,1.246504914172401e-06,0.0,Chefornak Airport,Chefornak,United States,CYF,PACK,60.1492004395,-164.285995483,North America
7087,3,3,3,4,1.0,0.0003083017910850383,3.550335071821185e-08,3.5176382717247614e-08,6.23168569941798e-07,0.0006250390013484293,Emmonak Airport,Emmonak,United States,EMK,PAEM,62.78609848,-164.49099730000003,North America
7093,2,2,3,3,1.0,0.0002569654310004211,3.5899139162699476e-08,7.035085137036332e-08,6.266479646935275e-07,0.00030648761510969406,Eek Airport,Eek,United States,EEK,PAEE,60.21367264,-162.0438843,North America
7094,1,0,1,0,0.0,0.00010609661319381064,-0.0,3.497593802881588e-08,6.196390309026521e-07,0.0,Kasigluk Airport,Kasigluk,United States,KUK,PFKA,60.87440109,-162.5240021,North America
7095,1,1,2,1,1.0,0.00016513618968397867,3.5101632664925755e-08,6.995187605763175e-08,6.196390309026521e-07,0.0,Kwethluk Airport,Kwethluk,United States,KWT,PFKW,60.790298461899994,-161.444000244,North America
7096,2,3,3,4,1.5,0.0001894196821217647,7.060648362272173e-08,3.537717942366987e-08,1.250039283443484e-06,0.0,Kwigillingok Airport,Kwigillingok,United States,KWK,PAGG,59.876499,-163.169005,North America
7097,1,1,2,1,1.0,0.00016513618968397867,3.0510286643371277e-10,6.995187605763175e-08,1.2534470478728783e-06,7.267332005446427e-07,Marshall Don Hunter Sr Airport,Marshall,United States,MLL,PADM,61.8642997742,-162.026000977,North America
7201,3,2,3,3,0.6666666666666666,0.00021080077842013304,3.550262171797685e-08,3.577278124252962e-08,6.407475698974847e-07,0.00025547094443146017,Kipnuk Airport,Kipnuk,United States,KPN,PAKI,59.9329986572,-164.031005859,North America
7206,3,3,5,4,1.0,0.0004296614180695986,7.060422869758393e-08,7.035985209225415e-08,1.2428515024068166e-06,0.0006134597190197513,Quinhagak Airport,Quinhagak,United States,KWN,PAQH,59.7551,-161.845,North America
7213,2,2,2,3,1.0,0.00014649531217185953,3.550262171797678e-08,3.537492608383782e-08,6.337379648359467e-07,0.00010215446355655867,Kongiganak Airport,Kongiganak,United States,KKH,PADY,59.9608001709,-162.88099670399998,North America
8199,1,1,2,2,1.0,0.00016513618968397867,3.9649190098196283e-10,6.995187605763175e-08,1.2464650422105992e-06,0.0,Nightmute Airport,Nightmute,United States,NME,PAGT,60.47100067138699,-164.70100402832,North America
8200,2,1,3,1,0.5,0.00024708605578457416,-2.150197780355309e-24,3.4980419077140704e-08,6.372123088514108e-07,0.0006133628212596786,Toksook Bay Airport,Toksook Bay,United States,OOK,PAOO,60.54140091,-165.0870056,North America
9739,1,1,1,1,1.0,0.00010609661319381064,-4.7035576445272385e-25,3.497593802881588e-08,6.231532394296415e-07,0.0003068752061499846,Napakiak Airport,Napakiak,United States,WNA,PANA,60.69029998779297,-161.97900390625,North America
3604,1,1,1,1,1.0,8.032903787250237e-05,9.153695373371495e-07,9.144685551106973e-07,1.630282762657426e-05,0.0,Havre City County Airport,Havre,United States,HVR,KHVR,48.54299927,-109.762001,North America
3610,2,2,3,3,1.0,0.00018589149795124362,6.184024644524756e-06,6.189478502867876e-06,0.00010974823593355583,0.0,Merle K (Mudhole) Smith Airport,Cordova,United States,CDV,PACV,60.49179839999999,-145.4779968,North America
3612,1,1,2,2,1.0,6.744456374603904e-05,9.258396534690142e-05,8.996678807493552e-05,0.001621945857342916,0.0,Southeast Texas Regional Airport,Beaumont,United States,BPT,KBPT,29.9507999420166,-94.02069854736328,North America
3615,14,15,22,23,1.0714285714285714,0.0011510177239254925,3.2362909052667855e-06,3.1867934357719178e-06,5.650621080561324e-05,0.00836404023350017,Nome Airport,Nome,United States,OME,PAOM,64.51219940185547,-165.44500732421875,North America
6715,2,2,4,4,1.0,0.00023034024664904827,3.654054287998016e-08,3.698868961904524e-08,6.44611205454653e-07,0.0,Gambell Airport,Gambell,United States,GAM,PAGM,63.76679992675781,-171.73300170898438,North America
6723,2,2,3,3,1.0,0.00020436031109634622,3.622727867762501e-08,3.678161143815715e-08,6.409759916323644e-07,0.0,Shishmaref Airport,Shishmaref,United States,SHH,PASH,66.249604,-166.089112,North America
6724,2,2,4,4,1.0,0.00023034024664904827,3.654054287998015e-08,3.6988689619046755e-08,6.44611205454653e-07,0.0,Savoonga Airport,Savoonga,United States,SVA,PASA,63.6864013671875,-170.4929962158203,North America
7088,5,4,10,8,0.8,0.0005008562318226591,9.294721563488717e-06,9.322050554722587e-06,0.0001649632411450185,0.0006134597190197513,Unalakleet Airport,Unalakleet,United States,UNK,PAUN,63.88840103,-160.798996,North America
7183,3,3,4,4,1.0,0.00026932606123193507,1.8480504444525143e-08,1.870026471712897e-08,3.2594127901918154e-07,0.0004599252181846864,Brevig Mission Airport,Brevig Mission,United States,KTS,PFKT,65.3312988281,-166.466003418,North America
7184,3,3,4,5,1.0,0.00022174173683477821,3.6458575988409075e-08,3.709106115120289e-08,6.464231324046805e-07,4.844888003630953e-08,Elim Airport,Elim,United States,ELI,PFEL,64.61470032,-162.2720032,North America
7185,3,3,4,4,1.0,0.00022434011523519512,1.8687819659065894e-08,1.890453672583235e-08,3.2954616993036607e-07,0.00025548709405814744,Golovin Airport,Golovin,United States,GLV,PAGL,64.5504989624,-163.007003784,North America
7186,2,2,3,3,1.0,0.0001896131352786097,1.8272605476510244e-08,3.668014883603419e-08,3.22346607154579e-07,0.0,Teller Airport,Teller,United States,TLA,PATE,65.2404022217,-166.339004517,North America
7187,4,3,5,4,0.75,0.0003385533966353747,3.643572256378058e-08,1.8702035388142186e-08,6.446112080624013e-07,0.0004601836122115467,Wales Airport,Wales,United States,WAA,PAIW,65.62259300000001,-168.095,North America
7188,2,2,4,4,1.0,0.0002278094668170695,3.633556477087098e-08,3.678692278547637e-08,6.410576532805261e-07,0.0,White Mountain Airport,White Mountain,United States,WMO,PAWM,64.689201355,-163.412994385,North America
7190,3,4,5,5,1.3333333333333333,0.0002445252147822525,7.250933202790016e-08,2.0304908555603383e-08,1.2809745614280852e-06,0.0003073532350996762,Koyuk Alfred Adams Airport,Koyuk,United States,KKA,PAKK,64.9394989014,-161.154006958,North America
7192,3,3,5,6,1.0,0.0002800815557039367,1.420139093735667e-07,1.241538657055799e-07,2.51243170926243e-06,0.0,Shaktoolik Airport,Shaktoolik,United States,SKK,PFSH,64.37110138,-161.223999,North America
7194,1,1,1,1,1.0,8.968308035236235e-05,1.0599080512620541e-10,1.828785895460828e-08,3.2230560274202936e-07,0.0,Tin City Long Range Radar Station Airport,Tin City,United States,TNC,PATC,65.56310272,-167.9219971,North America
3674,2,2,2,2,1.0,7.379193594004451e-05,1.577577490360401e-06,1.5862180142358587e-06,3.181919318679157e-05,6.367770226159698e-07,Rickenbacker International Airport,Columbus,United States,LCK,KLCK,39.813801,-82.927803,North America
3946,5,5,6,6,1.0,0.00011024592848175147,0.00016144322304173815,0.00016242175011048408,0.0028724715954556693,3.2350171565997513e-05,Elmira Corning Regional Airport,Elmira,United States,ELM,KELM,42.1599006652832,-76.8916015625,North America
4009,9,9,13,13,1.0,0.00019034841309141097,0.0005066647093406991,0.00050574030758457,0.008979313512965485,0.0004055742241350408,Joe Foss Field Airport,Sioux Falls,United States,FSD,KFSD,43.5820007324,-96.741897583,North America
4016,9,9,15,15,1.0,0.000191260391827411,0.0006300189254412887,0.0006320077168942301,0.011240495273360187,6.120788780384127e-05,Roanoke–Blacksburg Regional Airport,Roanoke VA,United States,ROA,KROA,37.3255,-79.975403,North America
4028,5,5,5,5,1.0,0.00011191487029826131,3.3944842021952006e-05,3.3673110591186275e-05,0.000607109677715753,2.5834242886958586e-05,Chicago Rockford International Airport,Rockford,United States,RFD,KRFD,42.19540023803711,-89.09719848632812,North America
4040,4,4,5,5,1.0,0.00010491205334537386,0.00012959395208283486,0.00013132734592578407,0.002290039881306435,2.0846248617227133e-06,Toledo Express Airport,Toledo,United States,TOL,KTOL,41.58679962,-83.80780029,North America
4043,11,11,18,17,1.0,0.00023931464880955536,0.0007082137165571729,0.0007946330067328063,0.01258107560577428,8.492141599074372e-05,The Eastern Iowa Airport,Cedar Rapids,United States,CID,KCID,41.88470077514648,-91.71080017089844,North America
4046,10,10,15,15,1.0,0.00020470051950556242,0.0006697845633781375,0.0006705966648301599,0.011900534185162988,0.00010966430858016348,General Wayne A. Downing Peoria International Airport,Peoria,United States,PIA,KPIA,40.664199829100006,-89.6932983398,North America
4072,10,10,15,15,1.0,0.0002062313772954258,0.0006704681109794597,0.0006712848681525461,0.011916455671284385,0.00011796557885303309,Quad City International Airport,Moline,United States,MLI,KMLI,41.44850158691406,-90.50749969482422,North America
4116,4,4,7,7,1.0,0.00011945000716212344,0.000316552396148164,0.00031758443871719087,0.005658517943067023,1.2314935782765562e-06,Tri-Cities Regional TN/VA Airport,BRISTOL,United States,TRI,KTRI,36.475201,-82.40740100000001,North America
4348,9,9,14,14,1.0,0.00019899704380947617,0.0006138929722461897,0.0006138705760794139,0.010886975229381712,7.065270904210187e-05,Springfield Branson National Airport,Springfield,United States,SGF,KSGF,37.24570084,-93.38860321,North America
4359,9,9,11,11,1.0,0.00016804767852047898,0.000413217989460399,0.00041593326782231777,0.007391322282700219,0.000131008200526258,South Bend Regional Airport,South Bend,United States,SBN,KSBN,41.70869827270508,-86.31729888916016,North America
3628,1,1,3,3,1.0,0.0001635998985773075,9.2740630061749e-06,9.282265921980666e-06,0.00016458802383216415,0.0,Kenai Municipal Airport,Kenai,United States,ENA,PAEN,60.57310104370117,-151.2449951171875,North America
3633,5,5,9,9,1.0,0.00013601553915124702,0.00042059845759180993,0.00042085441339052403,0.0075084108841052145,1.587395534166062e-05,Newport News Williamsburg International Airport,Newport News,United States,PHF,KPHF,37.13190079,-76.49299622,North America
3642,2,2,4,4,1.0,8.332808290434685e-05,0.00012366212033683947,0.00012362426525530862,0.0022055231596999976,0.0,Salisbury Ocean City Wicomico Regional Airport,Salisbury,United States,SBY,KSBY,38.34049987792969,-75.51029968261719,North America
3689,2,2,2,2,1.0,6.753012067320783e-05,2.490145859450218e-05,2.4864551722114637e-05,0.0004424209195025352,4.5682133018312714e-07,Imperial County Airport,Imperial,United States,IPL,KIPL,32.834201812699995,-115.57900238,North America
3653,4,4,8,8,1.0,0.00012185311109270467,0.000506924247364912,0.0005116321014359361,0.009035882262648015,0.0,Austin Straubel International Airport,Green Bay,United States,GRB,KGRB,44.48509979248047,-88.12960052490234,North America
3675,2,2,3,3,1.0,7.511969693578553e-05,0.00015649670975963925,0.00015810475029744337,0.0027653165174869637,0.0,Sawyer International Airport,Gwinn,United States,MQT,KSAW,46.3535995483,-87.39540100100001,North America
3859,6,6,6,6,1.0,0.00010255503984675111,0.00014003226259687884,0.00013945590447479408,0.0024917770474315107,6.780974929810796e-05,New Castle Airport,Wilmington,United States,ILG,KILG,39.67869949,-75.60649872,North America
4018,4,4,9,9,1.0,0.00013165387786399647,0.0005937569205411208,0.0005944591508375168,0.010550390779888444,6.330252246496148e-07,Evansville Regional Airport,Evansville,United States,EVV,KEVV,38.0369987488,-87.53240203860001,North America
4023,3,3,5,5,1.0,9.474312067834378e-05,0.000248417063288977,0.0002518413920870825,0.00441353595885409,0.0,Cherry Capital Airport,Traverse City,United States,TVC,KTVC,44.74140167236328,-85.58219909667969,North America
4037,8,8,12,12,1.0,0.00016735761976221703,0.0006030457545910776,0.0006033579143810285,0.010729659894435166,7.96510676322716e-05,Central Illinois Regional Airport at Bloomington-Normal,Bloomington,United States,BMI,KBMI,40.47710037,-88.91590118,North America
4039,4,4,6,6,1.0,0.00010348481453782883,0.00035692963604303456,0.0003603492262172494,0.006369265332551599,0.0,Kalamazoo Battle Creek International Airport,Kalamazoo,United States,AZO,KAZO,42.234901428222656,-85.5521011352539,North America
4045,3,3,5,5,1.0,9.474312067834378e-05,0.000248417063288977,0.0002518413920870825,0.00441353595885409,0.0,Central Wisconsin Airport,Wassau,United States,CWA,KCWA,44.7775993347,-89.6668014526,North America
4047,7,7,9,9,1.0,0.00014284363707394042,0.0004123239595713608,0.0004150352531304682,0.007375424575634825,6.677189169381747e-05,Appleton International Airport,Appleton,United States,ATW,KATW,44.258098602299995,-88.51909637450001,North America
4128,4,4,5,5,1.0,9.415318145440663e-05,0.00029310408607980206,0.0002956632541148471,0.005243430503719826,1.1387494093757805e-05,MBS International Airport,Saginaw,United States,MBS,KMBS,43.532901763916016,-84.07959747314453,North America
4129,3,3,4,4,1.0,8.351527868365451e-05,0.00012427213704833365,0.00012487570265724195,0.002219567705201902,1.6542037419347302e-06,Greater Binghamton/Edwin A Link field,Binghamton,United States,BGM,KBGM,42.20869827,-75.97979736,North America
4286,6,6,10,9,1.0,0.0001431568094957768,0.00038972022511786795,0.00047789113982833325,0.006949041567461964,1.8080389560174642e-05,Wilkes Barre Scranton International Airport,Scranton,United States,AVP,KAVP,41.338500976599995,-75.72339630130001,North America
4318,4,4,5,5,1.0,9.284691176707669e-05,0.00018809768701156612,0.0001895616747596441,0.0033454025340336757,5.430429370735909e-06,University Park Airport,State College Pennsylvania,United States,SCE,KUNV,40.8493003845,-77.84870147710002,North America
5720,2,2,2,2,1.0,6.674822142807717e-05,5.694041339927948e-05,5.778347577987593e-05,0.00103603147235877,0.0,Alpena County Regional Airport,Alpena,United States,APN,KAPN,45.07809829999999,-83.56030273,North America
5729,1,1,1,1,1.0,5.645643076894113e-05,2.8845609833174243e-05,2.8732806092638943e-05,0.000513646859823416,0.0,Chippewa County International Airport,Sault Ste Marie,United States,CIU,KCIU,46.25080108642578,-84.47239685058594,North America
5762,1,1,1,1,1.0,5.645643076894113e-05,2.8845609833174243e-05,2.8732806092638943e-05,0.000513646859823416,0.0,Pellston Regional Airport of Emmet County Airport,Pellston,United States,PLN,KPLN,45.57089996,-84.79669952,North America
6800,1,1,1,1,1.0,5.645643076894113e-05,2.8845609833174243e-05,2.8732806092638943e-05,0.000513646859823416,0.0,Delta County Airport,Escanaba,United States,ESC,KESC,45.7226982117,-87.0936965942,North America
3650,1,1,1,1,1.0,5.7348827362778644e-05,2.8094803566105243e-05,2.905066968723699e-05,0.0005223846125353539,0.0,Range Regional Airport,Hibbing,United States,HIB,KHIB,47.38660049,-92.83899689,North America
3659,2,2,2,2,1.0,6.89385841669696e-05,6.547513447780893e-05,6.543272144446891e-05,0.0011804535165691533,5.39326310515465e-06,Sloulin Field International Airport,Williston,United States,ISN,KISN,48.177898407,-103.641998291,North America
3664,1,1,2,2,1.0,0.00012475227795275256,6.182708670783266e-06,6.188177281320437e-06,0.00010972534922144276,0.0,Homer Airport,Homer,United States,HOM,PAHO,59.64559936523438,-151.4770050048828,North America
3665,1,1,1,1,1.0,5.7027104226755015e-05,1.690585604597572e-05,1.8327827195753242e-05,0.0003250267510928132,0.0,Waynesville-St. Robert Regional Forney field,Fort Leonardwood,United States,TBN,KTBN,37.74160004,-92.14070129,North America
3680,1,1,2,2,1.0,6.744456374603904e-05,9.258396534690142e-05,8.996678807493552e-05,0.001621945857342916,0.0,Sheppard Air Force Base-Wichita Falls Municipal Airport,Wichita Falls,United States,SPS,KSPS,33.9888,-98.491898,North America
3700,1,1,2,2,1.0,6.744456374603904e-05,9.258396534690142e-05,8.996678807493552e-05,0.001621945857342916,0.0,Waco Regional Airport,Waco,United States,ACT,KACT,31.61129951477051,-97.23049926757812,North America
3708,1,1,2,2,1.0,6.744456374603904e-05,9.258396534690142e-05,8.996678807493552e-05,0.001621945857342916,0.0,San Angelo Regional Mathis Field,San Angelo,United States,SJT,KSJT,31.35770034790039,-100.49600219726562,North America
3718,1,1,2,2,1.0,6.744456374603904e-05,9.258396534690142e-05,8.996678807493552e-05,0.001621945857342916,0.0,Abilene Regional Airport,Abilene,United States,ABI,KABI,32.4113006592,-99.6819000244,North America
3719,2,2,4,4,1.0,8.610782991288343e-05,0.00022023506527336643,0.00021933873227973999,0.0038736155150064636,0.0,Columbia Regional Airport,Columbia,United States,COU,KCOU,38.81809997558594,-92.21959686279295,North America
3736,1,1,2,2,1.0,6.744456374603904e-05,9.258396534690142e-05,8.996678807493552e-05,0.001621945857342916,0.0,Roswell International Air Center Airport,Roswell,United States,ROW,KROW,33.30160140991211,-104.53099822998048,North America
3770,1,1,2,2,1.0,6.744456374603904e-05,9.258396534690142e-05,8.996678807493552e-05,0.001621945857342916,0.0,Texarkana Regional Webb Field,Texarkana,United States,TXK,KTXK,33.45370101928711,-93.99099731445312,North America
4049,2,2,4,4,1.0,8.610782991288343e-05,0.00022023506527336643,0.00021933873227973999,0.0038736155150064636,0.0,University of Illinois Willard Airport,Champaign,United States,CMI,KCMI,40.03919983,-88.27809906,North America
4050,2,2,4,4,1.0,8.610782991288343e-05,0.00022023506527336643,0.00021933873227973999,0.0038736155150064636,0.0,Manhattan Regional Airport,Manhattan,United States,MHK,KMHK,39.14099884033203,-96.6707992553711,North America
4115,3,3,7,7,1.0,0.00011310263496811798,0.00040755878400470505,0.0004059650087778905,0.007248644607223147,0.0,Montgomery Regional (Dannelly Field) Airport,MONTGOMERY,United States,MGM,KMGM,32.30059814,-86.39399719,North America
4256,1,1,2,2,1.0,6.744456374603904e-05,9.258396534690142e-05,8.996678807493552e-05,0.001621945857342916,0.0,Lawton Fort Sill Regional Airport,Lawton,United States,LAW,KLAW,34.5676994324,-98.4166030884,North America
4336,4,0,5,0,0.0,0.00010322075709629453,-0.0,0.0001560793309132115,0.0027768042332082803,0.0,Abraham Lincoln Capital Airport,Springfield,United States,SPI,KSPI,39.84410095,-89.67790222,North America
4354,1,1,2,2,1.0,6.744456374603904e-05,9.258396534690142e-05,8.996678807493552e-05,0.001621945857342916,0.0,Joplin Regional Airport,Joplin,United States,JLN,KJLN,37.151798248291016,-94.49829864501952,North America
5740,3,3,4,4,1.0,9.311064686577089e-05,0.00012458595521248357,0.00012168449694514212,0.0021906853114157807,4.631654580725471e-07,Central Nebraska Regional Airport,Grand Island,United States,GRI,KGRI,40.96749877929688,-98.30960083007812,North America
3671,2,2,5,5,1.0,9.271510792572152e-05,0.00031497481865780364,0.00031599822070295505,0.005626698749880232,0.0,Melbourne International Airport,Melbourne,United States,MLB,KMLB,28.10280036926269,-80.64530181884766,North America
4042,2,2,2,2,1.0,6.635873731017722e-05,8.073140600920822e-05,8.301379929815544e-05,0.001450861579924587,7.419330952146341e-06,Decatur Airport,Decatur,United States,DEC,KDEC,39.83459854125977,-88.8656997680664,North America
5726,2,2,2,2,1.0,6.635873731017722e-05,8.073140600920822e-05,8.301379929815544e-05,0.001450861579924587,7.419330952146341e-06,Southeast Iowa Regional Airport,Burlington,United States,BRL,KBRL,40.783199310302734,-91.12550354003906,North America
5728,1,1,1,1,1.0,5.7027104226755015e-05,1.690585604597572e-05,1.8327827195753242e-05,0.0003250267510928132,0.0,Cape Girardeau Regional Airport,Cape Girardeau,United States,CGI,KCGI,37.22529983520508,-89.57080078125,North America
5744,1,1,1,1,1.0,5.7027104226755015e-05,1.690585604597572e-05,1.8327827195753242e-05,0.0003250267510928132,0.0,Kirksville Regional Airport,Kirksville,United States,IRK,KIRK,40.09349822998047,-92.5448989868164,North America
5758,2,2,2,2,1.0,7.101481325510335e-05,1.7954678313307342e-05,1.9385214224883223e-05,0.00034749926767030766,5.594518466857699e-06,Owensboro Daviess County Airport,Owensboro,United States,OWB,KOWB,37.74010086,-87.16680145,North America
5774,1,1,1,1,1.0,5.7027104226755015e-05,1.690585604597572e-05,1.8327827195753242e-05,0.0003250267510928132,0.0,Quincy Regional Baldwin Field,Quincy,United States,UIN,KUIN,39.94269943,-91.19460297,North America
6825,1,1,1,1,1.0,5.7027104226755015e-05,1.690585604597572e-05,1.8327827195753242e-05,0.0003250267510928132,0.0,Williamson County Regional Airport,Marion,United States,MWA,KMWA,37.75500107,-89.01110077,North America
3681,3,3,3,3,1.0,0.00010070080287979583,4.233212046219646e-05,4.2680607142431814e-05,0.000755895614820825,2.770384666615283e-05,Cincinnati Municipal Airport Lunken Field,Cincinnati,United States,LUK,KLUK,39.10329819,-84.41860199,North America
3730,2,2,5,5,1.0,9.271510792572152e-05,0.00031497481865780364,0.00031599822070295505,0.005626698749880232,0.0,Coastal Carolina Regional Airport,New Bern,United States,EWN,KEWN,35.0730018616,-77.04290008539998,North America
3739,1,1,3,3,1.0,7.416702711800348e-05,0.0002585071840759351,0.0002597907093488535,0.004622346303793923,0.0,Dothan Regional Airport,Dothan,United States,DHN,KDHN,31.3213005065918,-85.44960021972656,North America
3754,2,2,2,2,1.0,6.496484905309507e-05,0.00011510300002210635,0.00011560246130248168,0.002057907283929356,1.220331875588098e-05,Middle Georgia Regional Airport,Macon,United States,MCN,KMCN,32.692798614501946,-83.64920043945312,North America
3950,2,2,5,5,1.0,9.271510792572152e-05,0.00031497481865780364,0.00031599822070295505,0.005626698749880232,0.0,Daytona Beach International Airport,Daytona Beach,United States,DAB,KDAB,29.179899,-81.058098,North America
4015,6,6,13,13,1.0,0.000163912991202879,0.0005968521171837982,0.0005989101119240281,0.010627978295414535,1.7132729868368643e-07,Charlottesville Albemarle Airport,Charlottesville VA,United States,CHO,KCHO,38.13859939575195,-78.4529037475586,North America
4255,1,1,3,3,1.0,7.416702711800348e-05,0.0002585071840759351,0.0002597907093488535,0.004622346303793923,0.0,Columbus Metropolitan Airport,Columbus,United States,CSG,KCSG,32.516300201416016,-84.93890380859375,North America
4273,1,1,3,3,1.0,7.416702711800348e-05,0.0002585071840759351,0.0002597907093488535,0.004622346303793923,0.0,Golden Triangle Regional Airport,Columbus Mississippi,United States,GTR,KGTR,33.450298309299995,-88.59140014649999,North America
4335,1,1,1,1,1.0,5.609370017509622e-05,8.616906135864503e-05,8.659690311628448e-05,0.001540782101264641,0.0,Key Field,Meridian,United States,MEI,KMEI,32.33259963989258,-88.75189971923828,North America
5715,1,1,4,4,1.0,8.32036905894571e-05,0.00034467624543458013,0.00034638761246513793,0.006163128405058564,0.0,Southwest Georgia Regional Airport,Albany,United States,ABY,KABY,31.535499572753903,-84.19450378417969,North America
5725,1,1,3,3,1.0,7.416702711800348e-05,0.0002585071840759351,0.0002597907093488535,0.004622346303793923,0.0,Brunswick Golden Isles Airport,Brunswick,United States,BQK,KBQK,31.2588005065918,-81.46649932861328,North America
5756,1,1,1,1,1.0,5.609370017509622e-05,8.616906135864503e-05,8.659690311628448e-05,0.001540782101264641,0.0,Northwest Alabama Regional Airport,Muscle Shoals,United States,MSL,KMSL,34.74530029,-87.61019897,North America
5759,1,1,1,1,1.0,5.609370017509622e-05,8.616906135864503e-05,8.659690311628448e-05,0.001540782101264641,0.0,Hattiesburg Laurel Regional Airport,Hattiesburg/Laurel,United States,PIB,KPIB,31.467100143432617,-89.33709716796875,North America
5773,2,2,2,2,1.0,0.00015078092483535924,8.61718210460938e-05,8.659967650597753e-05,0.0015408311035889073,0.0006134597190197513,Tupelo Regional Airport,Tupelo,United States,TUP,KTUP,34.26810073852539,-88.7698974609375,North America
5776,1,1,3,3,1.0,7.416702711800348e-05,0.0002585071840759351,0.0002597907093488535,0.004622346303793923,0.0,Valdosta Regional Airport,Valdosta,United States,VLD,KVLD,30.78249931335449,-83.27670288085938,North America
6958,2,2,2,2,1.0,6.542958269682337e-05,0.00011440110281883346,0.00011532304577968044,0.0020455322330294387,1.543669600930233e-05,Greenbrier Valley Airport,Lewisburg,United States,LWB,KLWB,37.8582992554,-80.3994979858,North America
5716,1,1,1,1,1.0,5.61047222147174e-05,1.5492158687697836e-05,1.4727625462187244e-05,0.0002601311945153463,0.0,Athens Ben Epps Airport,Athens,United States,AHN,KAHN,33.94860076904297,-83.32630157470703,North America
6719,2,1,3,2,0.5,0.0001838721419607073,3.5524088354400394e-08,1.7894852260207785e-08,6.303743540962383e-07,0.0,Kivalina Airport,Kivalina,United States,KVL,PAVL,67.73619842529297,-164.56300354003906,North America
6725,1,2,2,3,2.0,0.0001502526738677889,1.7964876623969758e-08,3.5383635796113205e-08,3.2048966982076423e-07,0.0,Noatak Airport,Noatak,United States,WTK,PAWN,67.56610107421875,-162.97500610351562,North America
6755,2,2,4,4,1.0,0.0002615482000448975,3.592975324793973e-08,3.578970452042164e-08,6.339093492780017e-07,0.0,Deering Airport,Deering,United States,DRG,PADE,66.0696029663,-162.76600647,North America
7117,2,1,4,2,0.5,0.0002633272684797423,6.880632897136989e-23,3.578970452041557e-08,6.412240735496709e-07,0.0003068752061499846,Shungnak Airport,Shungnak,United States,SHG,PAGH,66.88809967041,-157.16200256348,North America
7177,2,2,4,4,1.0,0.0002655393160194072,3.5929753247939516e-08,3.5789704520427707e-08,6.412240735496709e-07,4.844888003630953e-08,Ambler Airport,Ambler,United States,ABL,PAFM,67.1063,-157.856989,North America
7178,2,2,4,4,1.0,0.0002615482000448975,3.592975324793959e-08,3.578970452043378e-08,6.339093492780017e-07,0.0,Buckland Airport,Buckland,United States,BKC,PABL,65.9815979004,-161.149002075,North America
7179,2,2,4,4,1.0,0.0002615482000448975,3.5929753247939655e-08,3.578970452043378e-08,6.339093492780017e-07,0.0,Bob Baker Memorial Airport,Kiana,United States,IAN,PAIK,66.9759979248,-160.43699646,North America
7181,2,2,4,4,1.0,0.0002615482000448975,3.592975324793973e-08,3.5789704520427707e-08,6.339093492780017e-07,0.0,Robert (Bob) Curtis Memorial Airport,Noorvik,United States,ORV,PFNO,66.81790161,-161.01899719999997,North America
7182,1,1,2,2,1.0,0.0001502526738677889,3.5524088354400394e-08,3.5383635796113205e-08,6.267596209873848e-07,0.0,Selawik Airport,Selawik,United States,WLK,PASK,66.60009766,-159.9859924,North America
3694,2,2,2,2,1.0,9.805842242873654e-05,2.8395751681253986e-05,2.888660336265251e-05,0.0005076129451830362,0.0,Altoona Blair County Airport,Altoona,United States,AOO,KAOO,40.29639816,-78.31999969,North America
4169,2,2,2,2,1.0,9.805842242873654e-05,2.8395751681253986e-05,2.8886603362652532e-05,0.0005076129451830362,0.0,John Murtha Johnstown Cambria County Airport,Johnstown,United States,JST,KJST,40.31610107421875,-78.83390045166016,North America
4284,2,2,2,2,1.0,8.373873990305287e-05,2.823893839609871e-05,2.8892530310675656e-05,0.0005077396808057992,6.384614102707683e-05,Morgantown Municipal Walter L. Bill Hart Field,Morgantown,United States,MGW,KMGW,39.64289856,-79.91629791,North America
5724,1,2,1,2,2.0,5.639291922536975e-05,2.8395751681253986e-05,2.8726142663395927e-05,0.0005076129451830362,0.0,Raleigh County Memorial Airport,Beckley,United States,BKW,KBKW,37.787300109899995,-81.1241989136,North America
5751,1,1,1,1,1.0,5.639291922536975e-05,2.8232041460188415e-05,2.8726142663395927e-05,0.0005047501317647978,0.0,Lancaster Airport,Lancaster,United States,LNS,KLNS,40.12170028686523,-76.29609680175781,North America
6739,2,2,2,2,1.0,7.038062825371808e-05,2.928086372752004e-05,2.9783529692525928e-05,0.0005272226483422923,1.1165957897826276e-05,Hagerstown Regional Richard A Henson Field,Hagerstown,United States,HGR,KHGR,39.707901,-77.72949982,North America
7062,2,1,2,1,0.5,8.035357769550235e-05,2.8232041460188415e-05,2.8886603362652525e-05,0.0005076129451830362,0.0,Shenandoah Valley Regional Airport,Weyers Cave,United States,SHD,KSHD,38.2638015747,-78.8964004517,North America
6883,1,1,1,1,1.0,5.7460357431210045e-05,1.6410283590342595e-05,1.5672937029342575e-05,0.0002825235392034355,0.0,Eastern Oregon Regional At Pendleton Airport,Pendleton,United States,PDT,KPDT,45.695098877,-118.841003418,North America
3724,1,1,1,1,1.0,5.7734388507817985e-05,5.438520845290664e-06,6.019365830923246e-06,0.00010742406594946471,0.0,Ogdensburg International Airport,Ogdensburg,United States,OGS,KOGS,44.681900024399994,-75.46549987790002,North America
3726,2,2,2,2,1.0,0.00048572348232032135,-8.600791121421237e-24,1.5176061709061364e-21,3.705576796544721e-49,4.844888003630953e-07,Boeing Field King County International Airport,Seattle,United States,BFI,KBFI,47.52999877929688,-122.302001953125,North America
5731,1,1,1,1,1.0,0.00025317908764329125,8.600791121421237e-24,-7.588030854530682e-22,1.7075710205338004e-49,0.0,William R Fairchild International Airport,Port Angeles,United States,CLM,KCLM,48.12020111083984,-123.5,North America
7083,1,1,1,1,1.0,0.00025317908764329125,-4.031620838166205e-25,-7.588030854530682e-22,3.166925555390569e-49,1.9379552014523812e-07,Orcas Island Airport,Eastsound,United States,ESD,KORS,48.708198547399995,-122.910003662,North America
3743,3,3,9,9,1.0,0.00019575565573787653,0.00011560300585956222,0.00011269557454652973,0.002036651540345172,1.9379552014523812e-07,Four Corners Regional Airport,Farmington,United States,FMN,KFMN,36.7411994934,-108.230003357,North America
7073,2,2,6,6,1.0,0.0001372803036720961,0.0001140570453623968,0.00011110592791986656,0.00200866338909875,0.0,San Luis Valley Regional Bergman Field,Alamosa,United States,ALS,KALS,37.434898,-105.866997,North America
7054,1,1,1,1,1.0,5.554303326949526e-05,1.4014012746759887e-05,1.4492789685269708e-05,0.0002522287074542721,0.0,Manistee Co Blacker Airport,Manistee,United States,MBL,KMBL,44.2723999,-86.24690247,North America
3804,2,2,6,6,1.0,0.0001911163354211035,0.00011217332430014685,0.0001091776233899236,0.0019747719299032006,0.0006134597190197513,Cheyenne Regional Jerry Olson Field,Cheyenne,United States,CYS,KCYS,41.15570068,-104.8119965,North America
4083,5,5,6,6,1.0,0.00012018213311924071,0.00013590627752242638,0.00013458986910103746,0.0024297343912533117,2.1322757165677623e-05,Bismarck Municipal Airport,Bismarck,United States,BIS,KBIS,46.77270126342773,-100.74600219726562,North America
4250,1,1,1,1,1.0,5.864679350783354e-05,3.738033091170368e-05,3.638205175723193e-05,0.0006580689040337993,0.0,Eagle County Regional Airport,Vail,United States,EGE,KEGE,39.64260101,-106.9179993,North America
4338,1,1,1,1,1.0,5.864679350783354e-05,3.738033091170368e-05,3.638205175723193e-05,0.0006580689040337993,0.0,Cortez Municipal Airport,Cortez,United States,CEZ,KCEZ,37.3030014038,-108.627998352,North America
4339,1,1,1,1,1.0,5.864679350783354e-05,3.738033091170368e-05,3.638205175723193e-05,0.0006580689040337993,0.0,Yampa Valley Airport,Hayden,United States,HDN,KHDN,40.48120117,-107.2180023,North America
4341,2,2,4,6,1.0,0.00010197970469444948,0.00011279207108169772,3.829417172498585e-05,0.002008181745651506,0.0,Liberal Mid-America Regional Airport,Liberal,United States,LBL,KLBL,37.04420089999999,-100.9599991,North America
5723,1,1,1,1,1.0,5.864679350783354e-05,3.738033091170368e-05,3.638205175723193e-05,0.0006580689040337993,0.0,Western Neb. Rgnl/William B. Heilig Airport,Scottsbluff,United States,BFF,KBFF,41.87400055,-103.5960007,North America
5733,2,2,4,6,1.0,0.00010197970469444948,0.00011279207108169772,3.829417172498586e-05,0.002008181745651506,0.0,Dodge City Regional Airport,Dodge City,United States,DDC,KDDC,37.76340103149414,-99.9655990600586,North America
5746,1,1,1,1,1.0,5.864679350783354e-05,3.738033091170368e-05,3.638205175723193e-05,0.0006580689040337993,0.0,Laramie Regional Airport,Laramie,United States,LAR,KLAR,41.31209945678711,-105.6750030517578,North America
5748,1,1,1,1,1.0,5.864679350783354e-05,3.738033091170368e-05,3.638205175723193e-05,0.0006580689040337993,0.0,North Platte Regional Airport Lee Bird Field,North Platte,United States,LBF,KLBF,41.12620163,-100.6839981,North America
5769,1,1,1,1,1.0,5.864679350783354e-05,3.738033091170368e-05,3.638205175723193e-05,0.0006580689040337993,0.0,Sheridan County Airport,Sheridan,United States,SHR,KSHR,44.76919937133789,-106.9800033569336,North America
6880,1,1,1,1,1.0,5.864679350783354e-05,3.738033091170368e-05,3.638205175723193e-05,0.0006580689040337993,0.0,Montrose Regional Airport,Montrose CO,United States,MTJ,KMTJ,38.5097999573,-107.893997192,North America
6881,1,1,1,1,1.0,5.864679350783354e-05,3.738033091170368e-05,3.638205175723193e-05,0.0006580689040337993,0.0,Riverton Regional Airport,Riverton WY,United States,RIW,KRIW,43.064201355,-108.459999084,North America
7051,1,1,1,1,1.0,5.864679350783354e-05,3.738033091170368e-05,3.638205175723193e-05,0.0006580689040337993,0.0,Gunnison Crested Butte Regional Airport,Gunnison,United States,GUC,KGUC,38.53390121,-106.9329987,North America
7064,2,2,2,2,1.0,6.89385841669696e-05,6.547513447780893e-05,6.543272144446891e-05,0.0011804535165691533,5.39326310515465e-06,Dickinson Theodore Roosevelt Regional Airport,Dickinson,United States,DIK,KDIK,46.7974014282,-102.802001953,North America
7067,1,1,3,3,1.0,8.182630711621543e-05,-3.2252966705329637e-24,0.00010914615527169577,0.002008181745651506,0.0003068752061499846,Alliance Municipal Airport,Alliance,United States,AIA,KAIA,42.0531997681,-102.804000854,North America
7068,1,1,1,1,1.0,5.864679350783354e-05,3.738033091170368e-05,3.638205175723193e-05,0.0006580689040337993,0.0,Mc Cook Ben Nelson Regional Airport,McCook,United States,MCK,KMCK,40.20629883,-100.5920029,North America
3838,2,2,4,4,1.0,8.34432682634732e-05,0.000194845585681436,0.0001967886981060115,0.0034528403712772364,0.0,Watertown International Airport,Watertown,United States,ART,KART,43.99190139770508,-76.02169799804688,North America
4006,1,1,2,2,1.0,6.47800020966288e-05,6.719448575497098e-05,6.741675390120707e-05,0.0012011707136136886,0.0,Tweed New Haven Airport,New Haven,United States,HVN,KHVN,41.26369858,-72.88680267,North America
3753,1,1,2,2,1.0,6.572030287048698e-05,0.000127651099926465,0.0001293719442048044,0.0022516696576635473,0.0,Sioux Gateway Col. Bud Day Field,Sioux City,United States,SUX,KSUX,42.40259933,-96.38439941,North America
3764,6,5,7,7,0.8333333333333334,0.00046366688293131134,2.0950090656782722e-07,4.1596350399226085e-07,3.7150109210172025e-06,0.0019415404185750681,Edward G. Pitka Sr Airport,Galena,United States,GAL,PAGA,64.73619843,-156.93699650000002,North America
6717,2,3,3,3,1.5,0.00022367176371076208,2.3776872159472273e-09,2.3811236828179463e-09,2.1772827928609854e-08,9.689776007261906e-08,Kaltag Airport,Kaltag,United States,KAL,PAKV,64.31909943,-158.74099730000003,North America
6722,3,2,4,3,0.6666666666666666,0.0002574422234269086,4.165498588119964e-07,4.1358306712088307e-07,7.325603853491641e-06,0.0,Ruby Airport,Ruby,United States,RBY,PARY,64.72720337,-155.47000119999998,North America
7108,2,4,2,4,2.0,0.000167167258033146,4.708408552762554e-09,1.1972983739835912e-09,1.0382579046513774e-07,0.0003072143483102387,Huslia Airport,Huslia,United States,HSL,PAHL,65.69789886,-156.3509979,North America
7111,2,3,3,3,1.5,0.00022367176371076208,2.371128233196289e-09,2.3811607467807784e-09,4.179360439655659e-08,4.844888003630953e-08,Nulato Airport,Nulato,United States,NUL,PANU,64.729301,-158.074005,North America
3854,4,4,5,5,1.0,0.0004328623847709835,6.1833027391023695e-06,6.1887718750934215e-06,0.00010973581926309463,0.0018397977704988182,Cold Bay Airport,Cold Bay,United States,CDB,PACD,55.20610046386719,-162.72500610351562,North America
3865,1,1,2,2,1.0,0.00012475227795275256,6.182708670783266e-06,6.188177281320437e-06,0.00010972534922144276,0.0,Valdez Pioneer Field,Valdez,United States,VDZ,PAVD,61.13389969,-146.24800109999998,North America
5959,1,1,1,1,1.0,8.590465732819758e-05,3.091354335391633e-06,3.0940886406602186e-06,5.486267461072138e-05,0.0,Adak Airport,Adak Island,United States,ADK,PADK,51.87799835205078,-176.64599609375,North America
5967,7,7,12,12,1.0,0.0007341883331360634,9.349110995076296e-06,9.357246217369547e-06,0.00016594036095289304,0.0027633303217509506,Aniak Airport,Aniak,United States,ANI,PANI,61.58160018920898,-159.54299926757812,North America
6718,3,3,4,4,1.0,0.00033108530833601715,6.183106977809019e-06,6.188574791083593e-06,0.00010973234884625491,0.0012212993679552907,St Mary's Airport,St Mary's,United States,KSM,PASM,62.0605011,-163.30200200000002,North America
6742,1,1,2,2,1.0,0.00012475227795275256,6.182708670783266e-06,6.188177281320437e-06,0.00010972534922144276,0.0,Sand Point Airport,Sand Point,United States,SDP,PASD,55.31499862670898,-160.5229949951172,North America
3790,1,1,1,1,1.0,6.104474573199092e-05,1.0488222673316219e-06,1.0573870291299817e-06,2.2472516577494496e-05,0.0,Scott AFB/Midamerica Airport,Belleville,United States,BLV,KBLV,38.5452,-89.835197,North America
7158,1,0,1,0,0.0,0.00012008009078768965,-0.0,3.513923742801751e-08,6.224321745923498e-07,0.0,Pilot Point Airport,Pilot Point,United States,PIP,PAPN,57.5803985596,-157.572006226,North America
7159,1,1,1,1,1.0,0.00012008009078768965,-2.150197780355309e-24,3.513923742801751e-08,6.259622236902948e-07,0.0003068752061499846,South Naknek Nr 2 Airport,South Naknek,United States,WSN,PFWS,58.7033996582,-157.007995605,North America
5777,1,1,3,3,1.0,0.00012830428542866306,1.8562403446526399e-06,1.901630595011304e-06,3.340981574830562e-05,0.0,Worland Municipal Airport,Worland,United States,WRL,KWRL,43.9656982421875,-107.95099639892578,North America
3805,1,1,1,1,1.0,5.682708090750331e-05,3.1474661852716246e-05,3.118366546563226e-05,0.0005593572900263205,0.0,Stockton Metropolitan Airport,Stockton,United States,SCK,KSCK,37.894199371338,-121.2379989624,North America
5969,2,2,2,2,1.0,0.00015443995109759478,5.196862753371257e-07,5.161131534171486e-07,9.134622383376176e-06,8.23630960617262e-07,Wrangell Airport,Wrangell,United States,WRG,PAWG,56.48429871,-132.36999509999998,North America
7146,1,1,3,3,1.0,0.00016890648404731314,1.5556551129739888e-06,1.5449808710742647e-06,2.734480662083578e-05,0.0,Metlakatla Seaplane Base,Metakatla,United States,MTM,PAMM,55.131001,-131.578003,North America
7148,1,1,1,1,1.0,8.767351915153277e-05,5.18551704324663e-07,5.149936236914212e-07,9.114935540278594e-06,0.0,Hydaburg Seaplane Base,Hydaburg,United States,HYG,PAHY,55.206298828125,-132.8280029296875,North America
7205,1,1,1,2,1.0,8.767351915153277e-05,1.037103408649326e-06,5.149936236914212e-07,1.8229871080557187e-05,0.0,Klawock Airport,Klawock,United States,KLW,PAKW,55.5792007446,-133.076004028,North America
3843,1,1,1,1,1.0,5.638866978706479e-05,6.38255499632325e-05,6.46859721024022e-05,0.0011258348288317736,0.0,Topeka Regional Airport - Forbes Field,Topeka,United States,FOE,KFOE,38.9509010315,-95.6635971069,North America
4044,2,2,3,3,1.0,7.601209352962304e-05,0.00015574590349257025,0.00015842261389204142,0.002774054270198901,0.0,La Crosse Municipal Airport,La Crosse,United States,LSE,KLSE,43.879002,-91.256699,North America
4048,3,3,4,4,1.0,9.190813244549416e-05,0.00015627323150543615,0.00015895665729661576,0.0027834364342454454,3.1498890601476673e-06,Rochester International Airport,Rochester,United States,RST,KRST,43.90829849243164,-92.5,North America
4117,1,1,1,1,1.0,5.638866978706479e-05,6.38255499632325e-05,6.46859721024022e-05,0.0011258348288317736,0.0,Barkley Regional Airport,PADUCAH,United States,PAH,KPAH,37.06079864501953,-88.7738037109375,North America
4271,2,2,2,2,1.0,7.228470870293591e-05,6.435287797609841e-05,6.522001550697656e-05,0.0011352169928783183,7.765797115432908e-06,St Cloud Regional Airport,Saint Cloud,United States,STC,KSTC,45.54660034179688,-94.05989837646484,North America
4388,1,1,2,2,1.0,6.572030287048698e-05,0.000127651099926465,0.0001293719442048044,0.0022516696576635473,0.0,Dubuque Regional Airport,Dubuque IA,United States,DBQ,KDBQ,42.40200043,-90.70950317,North America
5718,1,1,2,2,1.0,6.572030287048698e-05,0.000127651099926465,0.0001293719442048044,0.0022516696576635473,0.0,Waterloo Regional Airport,Waterloo,United States,ALO,KALO,42.55709838867188,-92.40029907226562,North America
5732,1,1,1,1,1.0,5.638866978706479e-05,6.38255499632325e-05,6.46859721024022e-05,0.0011258348288317736,0.0,Houghton County Memorial Airport,Hancock,United States,CMX,KCMX,47.16839981079102,-88.48909759521484,North America
5735,1,1,1,1,1.0,5.638866978706479e-05,6.38255499632325e-05,6.46859721024022e-05,0.0011258348288317736,0.0,Chippewa Valley Regional Airport,Eau Claire,United States,EAU,KEAU,44.86579895019531,-91.48429870605467,North America
5754,1,1,1,1,1.0,5.638866978706479e-05,6.38255499632325e-05,6.46859721024022e-05,0.0011258348288317736,0.0,Muskegon County Airport,Muskegon,United States,MKG,KMKG,43.16949844,-86.23819733,North America
7115,1,1,1,1,1.0,0.00010617905700267819,2.0709622597141882e-07,2.0618629907189403e-07,3.652033361885313e-06,0.0,Beaver Airport,Beaver,United States,WBQ,PAWB,66.36219787600001,-147.406997681,North America
7116,1,1,1,1,1.0,0.00010617905700267819,8.600791121421237e-24,2.0618629907189403e-07,3.67274660531763e-06,0.0003068752061499846,Central Airport,Central,United States,CEM,PACE,65.57379913,-144.7830048,North America
7242,1,1,1,1,1.0,0.00010617905700267819,2.0709622597141882e-07,2.0618629907189403e-07,3.652033361885313e-06,0.0,Healy River Airport,Healy,United States,,PAHV,63.8661994934082,-148.968994140625,North America
7246,1,0,1,0,0.0,0.00010617905700267819,-0.0,2.0618629907189403e-07,3.652033361885313e-06,0.0,Manley Hot Springs Airport,Manley Hot Springs,United States,MLY,PAML,64.99759674069999,-150.643997192,North America
6765,1,1,1,1,1.0,0.0001222997658687463,3.5073878333021824e-08,3.494103950369043e-08,6.188627512652455e-07,0.0,King Cove Airport,King Cove,United States,KVC,PAVC,55.11629867553711,-162.26600646972656,North America
7202,1,1,1,1,1.0,0.0001222997658687463,3.5073878333021824e-08,3.494103950369043e-08,6.188627512652455e-07,0.0,False Pass Airport,False Pass,United States,KFP,PAKF,54.8474006652832,-163.41000366210938,North America
7203,1,1,1,1,1.0,0.0001222997658687463,3.5073878333021824e-08,3.494103950369043e-08,6.188627512652455e-07,0.0,Nelson Lagoon Airport,Nelson Lagoon,United States,NLG,PAOU,56.007499694824,-161.16000366211,North America
4287,1,1,1,1,1.0,5.7348827362778644e-05,2.8094803566105243e-05,2.905066968723699e-05,0.0005223846125353539,0.0,Bemidji Regional Airport,Bemidji,United States,BJI,KBJI,47.50939941,-94.93370056,North America
5714,1,1,1,1,1.0,5.7348827362778644e-05,2.8094803566105243e-05,2.905066968723699e-05,0.0005223846125353539,0.0,Aberdeen Regional Airport,Aberdeen,United States,ABR,KABR,45.44910049438477,-98.42179870605467,North America
5721,2,2,3,3,1.0,0.00011161873380808094,2.9336056208979235e-05,3.0322308874005446e-05,0.0005447271378424388,0.0008347260135826655,Watertown Regional Airport,Watertown,United States,ATY,KATY,44.91400146,-97.15470123,North America
5765,2,2,2,2,1.0,9.97183276525255e-05,2.8260348656023734e-05,2.921036524161016e-05,0.0005253473004401752,0.0,Rhinelander Oneida County Airport,Rhinelander,United States,RHI,KRHI,45.63119888305664,-89.46749877929688,North America
6837,2,2,2,2,1.0,9.97183276525255e-05,2.8260348656023734e-05,2.921036524161016e-05,0.0005253473004401752,0.0,Ford Airport,Iron Mountain,United States,IMT,KIMT,45.8184013367,-88.11450195309999,North America
3860,3,3,3,3,1.0,0.000561250051641783,-3.225296670532964e-23,-3.7940154272653414e-21,7.700961571844366e-51,5.813865604357144e-07,Unalaska Airport,Unalaska,United States,DUT,PADU,53.900100708,-166.54400634799998,North America
6134,1,1,1,1,1.0,0.0002310260283566804,-2.1501977803553093e-23,-1.8970077136326707e-21,4.446152236523307e-51,0.0,Akutan Seaplane Base,Akutan,United States,KQA,KQA,54.1337704415,-165.77889561700002,North America
7195,1,1,1,1,1.0,0.0002310260283566804,-2.1501977803553093e-23,-1.8970077136326707e-21,4.446152236523307e-51,0.0,Atka Airport,Atka,United States,AKB,PAAK,52.22029877,-174.2059937,North America
7196,1,1,1,1,1.0,0.0002310260283566804,-2.1501977803553093e-23,-1.8970077136326707e-21,4.446152236523307e-51,0.0,Nikolski Air Station,Nikolski,United States,IKO,PAKO,52.94160079956055,-168.8489990234375,North America
3879,1,1,2,2,1.0,6.560511751136065e-05,5.64676345818685e-05,5.6207511354101565e-05,0.001004352446086309,0.0,Florence Regional Airport,Florence,United States,FLO,KFLO,34.18539810180664,-79.7238998413086,North America
5753,1,1,2,2,1.0,6.560511751136065e-05,5.64676345818685e-05,5.6207511354101565e-05,0.001004352446086309,0.0,Lynchburg Regional Preston Glenn Field,Lynchburg,United States,LYH,KLYH,37.326698303222656,-79.20040130615234,North America
6959,1,1,2,2,1.0,6.560511751136065e-05,5.64676345818685e-05,5.6207511354101565e-05,0.001004352446086309,0.0,Pitt Greenville Airport,Greenville,United States,PGV,KPGV,35.6352005,-77.38529968,North America
3939,1,1,1,1,1.0,5.696877096028075e-05,2.6985305530858e-05,2.6789151851077655e-05,0.0004804820820457919,0.0,Sukhothai Airport,Sukhothai,Thailand,THS,VTPO,17.238000869750973,99.81819915771484,Asia
4135,1,1,1,1,1.0,5.696877096028075e-05,2.6985305530858e-05,2.6789151851077655e-05,0.0004804820820457919,0.0,Trat Airport,Trat,Thailand,TDX,VTBO,12.274600029,102.319000244,Asia
6225,1,1,1,1,1.0,6.27376574636728e-05,3.3190845454624664e-07,3.280661651349667e-07,5.8692744810946914e-06,0.0,Ranai Airport,Ranai-Natuna Besar Island,Indonesia,NTX,WION,3.90871,108.388,Asia
3913,2,2,2,3,1.0,8.330680022274902e-05,6.579039332025771e-06,6.4062796658758365e-06,0.00011467259225661093,6.431509205493454e-05,Maumere(Wai Oti) Airport,Maumere,Indonesia,MOF,WATC,-8.640649795529999,122.236999512,Asia
3916,6,6,11,10,1.0,0.00026818627295132166,2.0622981930960618e-05,2.101561099756056e-05,0.00037391709818635984,0.0006281440045828,El Tari Airport,Kupang,Indonesia,KOE,WATT,-10.171600341796877,123.6709976196289,Asia
3914,2,2,4,4,1.0,0.00015169546866083855,3.8083847732982674e-07,3.7644871500041993e-07,6.761188758537314e-06,8.07481333938492e-08,Ende (H Hasan Aroeboesman) Airport,Ende,Indonesia,ENE,WATE,-8.8492898941,121.661003113,Asia
3917,2,2,4,4,1.0,0.00013836930510781169,1.2685935085485881e-05,1.2583787892313681e-05,0.00022520174140215282,6.34681205624695e-05,Komodo Airport,Labuhan Bajo,Indonesia,LBJ,WATO,-8.48666,119.889,Asia
6204,2,2,3,3,1.0,9.670574077871679e-05,1.2800770785477605e-05,1.2696021543333732e-05,0.0002272353086555472,0.0,Tambolaka Airport,Waikabubak-Sumba Island,Indonesia,TMC,WADT,-9.40972,119.244003,Asia
6209,1,1,3,3,1.0,9.060992483140461e-05,2.8923742120075387e-06,2.884282980980244e-06,5.1280363037175005e-05,0.0,Kalimarau Airport,Tanjung Redep-Borneo Island,Indonesia,BEJ,WALK,2.1555,117.431999,Asia
3924,2,2,3,3,1.0,8.866180674645347e-05,1.347445821371546e-05,1.3372287566191655e-05,0.00023919625509996454,0.0,Muhammad Salahuddin Airport,Bima,Indonesia,BMU,WADB,-8.539649963378901,118.68699645996,Asia
3927,1,1,1,1,1.0,6.045597725961036e-05,6.340834079643148e-06,6.289741877457891e-06,0.00011256271639893628,0.0,Umbu Mehang Kunda Airport,Waingapu,Indonesia,WGP,WADW,-9.66922,120.302002,Asia
4086,1,1,1,1,1.0,5.848927788632603e-05,5.195365331113337e-06,5.359435598993172e-06,9.496802075133619e-05,0.0,Mae Hong Son Airport,Mae Hong Son,Thailand,HGN,VTCH,19.301300048828125,97.97579956054688,Asia
4159,1,1,1,1,1.0,5.848927788632603e-05,5.195365331113337e-06,5.359435598993172e-06,9.496802075133619e-05,0.0,Mae Hong Son Airport,Pai,Thailand,PYY,VTCI,19.3719997406,98.43699646,Asia
1463,1,0,1,0,0.0,5.735048295058279e-05,-0.0,1.4521730820297129e-05,0.0002613641334911707,0.0,Filippos Airport,Kozani,Greece,KZI,LGKZ,40.28609848022461,21.84079933166504,
4193,1,1,2,2,1.0,6.764392919752299e-05,3.193528815118508e-05,2.9043461640594258e-05,0.0005227282669823414,0.0,Milos Airport,Milos,Greece,MLO,LGML,36.696899,24.4769,
4194,1,1,2,2,1.0,6.764392919752299e-05,3.193528815118508e-05,2.9043461640594258e-05,0.0005227282669823414,0.0,Naxos Airport,Cyclades Islands,Greece,JNX,LGNX,37.0811004639,25.3680992126,
4195,1,1,2,2,1.0,6.764392919752299e-05,3.193528815118508e-05,2.9043461640594258e-05,0.0005227282669823414,0.0,Paros National Airport,Paros,Greece,PAS,LGPA,37.020495,25.113195,
5787,1,1,2,2,1.0,6.764392919752299e-05,3.193528815118508e-05,2.9043461640594258e-05,0.0005227282669823414,0.0,Syros Airport,Syros Island,Greece,JSY,LGSO,37.4227981567,24.9508991241,
3965,1,1,1,1,1.0,5.88620112331893e-05,1.1822832508750201e-05,1.1818392162246473e-05,0.00020926750668120146,0.0,Gyumri Shirak Airport,Gyumri,Armenia,LWN,UDSG,40.7504005432,43.859298706100006,Asia
3968,0,1,0,1,,4.7057036703642594e-05,2.0448742338184525e-07,-0.0,3.718027209421727e-06,0.0,Massawa International Airport,Massawa,Eritrea,MSW,HHMS,15.670000076293944,39.37009811401367,Africa
3984,1,1,2,2,1.0,7.509920514003709e-05,8.970420294242656e-07,9.226748546705984e-07,1.6506622958090933e-05,0.0,Socotra International Airport,Socotra,Yemen,SCT,OYSQ,12.63070011138916,53.905799865722656,Asia
3978,1,1,1,1,1.0,6.0796496245136785e-05,1.617867126280934e-06,1.4137644656789431e-06,2.8341336847501002e-05,0.0,Ataq Airport,Ataq,Yemen,AXK,OYAT,14.551300048828123,46.82619857788086,Asia
3979,1,1,2,1,1.0,7.453595578663097e-05,1.617867126280934e-06,2.8275289313578863e-06,2.8341336847501002e-05,0.0,Al Ghaidah International Airport,Al Ghaidah Intl,Yemen,AAY,OYGD,16.191699981689453,52.17499923706055,Asia
5448,2,2,2,2,1.0,0.000260166338553547,8.985000935329734e-10,9.022382013314762e-10,1.5822350310655005e-08,0.001226531846999212,Upernavik Airport,Upernavik,Greenland,JUV,BGUK,72.79019927979999,-56.130599975600006,North America
5449,2,2,2,2,1.0,0.00026116958254957244,8.985000926113895e-10,9.022382004060209e-10,1.5822350294643782e-08,0.0006134597190197513,Qaarsut Airport,Uummannaq,Greenland,JQA,BGUQ,70.7341995239,-52.696201324499995,North America
7459,1,1,1,1,1.0,5.4737099767255e-05,1.6460291931518867e-05,1.6139054833855497e-05,0.000288394990037894,0.0,Lleida-Alguaire Airport,Lleida,Spain,ILD,LEDA,41.728185,0.5350229999999999,Europe
6296,3,3,3,3,1.0,0.00028223199961399626,1.5442383838572312e-06,1.5399904531036964e-06,2.763873128398863e-05,0.0012267256425193573,Maningrida Airport,Maningrida,Australia,MNG,YMGD,-12.0560998917,134.23399353,Oceania
6297,1,1,1,1,1.0,6.588164488909997e-05,1.544139474138623e-06,1.5398918154684926e-06,2.763697131421591e-05,0.0,McArthur River Mine Airport,McArthur River Mine,Australia,MCV,YMHU,-16.4424991608,136.083999634,Oceania
7584,1,1,1,1,1.0,5.7624417494378555e-05,9.201178388163806e-06,9.27509265395039e-06,0.00016479509876592504,0.0,Los Alamos Airport,Los Alamos,United States,LAM,KLAM,35.8797988892,-106.268997192,North America
5739,1,1,1,1,1.0,8.032903787250237e-05,9.153695373371495e-07,9.144685551106973e-07,1.630282762657426e-05,0.0,Wokal Field Glasgow International Airport,Glasgow,United States,GGW,KGGW,48.212502,-106.614998,North America
7065,1,1,1,1,1.0,8.032903787250237e-05,9.153695373371495e-07,9.144685551106973e-07,1.630282762657426e-05,0.0,Sidney - Richland Regional Airport,Sidney,United States,SDY,KSDY,47.706902,-104.193001,North America
7070,1,1,1,1,1.0,8.032903787250237e-05,9.153695373371495e-07,9.144685551106973e-07,1.630282762657426e-05,0.0,Dawson Community Airport,Glendive,United States,GDV,KGDV,47.13869858,-104.8069992,North America
7071,1,1,1,1,1.0,8.032903787250237e-05,9.153695373371495e-07,9.144685551106973e-07,1.630282762657426e-05,0.0,L M Clayton Airport,Wolf Point,United States,OLF,KOLF,48.0945014954,-105.574996948,North America
6114,1,1,1,1,1.0,5.88620112331893e-05,1.1822832508750201e-05,1.1818392162246473e-05,0.00020926750668120146,0.0,Petrozavodsk Airport,Petrozavodsk,Russia,PES,ULPB,61.88520050048828,34.15470123291016,Europe
6122,1,1,1,1,1.0,5.88620112331893e-05,1.1822832508750201e-05,1.1818392162246473e-05,0.00020926750668120146,0.0,Khankala Air Base,Grozny,Russia,,URMG,43.298099517822266,45.78409957885742,Europe
6124,1,1,1,1,1.0,5.88620112331893e-05,1.1822832508750201e-05,1.1818392162246473e-05,0.00020926750668120146,0.0,Beslan Airport,Beslan,Russia,OGZ,URMO,43.2051010132,44.606601715100005,Europe
6125,1,1,1,1,1.0,5.88620112331893e-05,1.1822832508750201e-05,1.1818392162246473e-05,0.00020926750668120146,0.0,Elista Airport,Elista,Russia,ESL,URWI,46.3739013671875,44.33089828491211,Europe
6164,1,1,1,1,1.0,5.88620112331893e-05,1.1822832508750201e-05,1.1818392162246473e-05,0.00020926750668120146,0.0,Orsk Airport,Orsk,Russia,OSW,UWOR,51.0724983215332,58.59560012817383,Europe
6165,1,1,1,1,1.0,5.88620112331893e-05,1.1822832508750201e-05,1.1818392162246473e-05,0.00020926750668120146,0.0,Penza Airport,Penza,Russia,PEZ,UWPP,53.11059951782226,45.02109909057617,Europe
6734,1,1,1,1,1.0,5.88620112331893e-05,1.1822832508750201e-05,1.1818392162246473e-05,0.00020926750668120146,0.0,Kirovsk-Apatity Airport,Apatity,Russia,KVK,ULMK,67.46330261230469,33.58829879760742,Europe
8740,1,1,1,1,1.0,5.88620112331893e-05,1.1822832508750201e-05,1.1818392162246473e-05,0.00020926750668120146,0.0,Gorno-Altaysk Airport,Gorno-Altaysk,Russia,RGK,UNBG,51.9667015076,85.8332977295,Europe
8775,1,1,1,1,1.0,5.88620112331893e-05,1.1822832508750201e-05,1.1818392162246473e-05,0.00020926750668120146,0.0,Gabala International Airport,Qabala,Azerbaijan,GBB,UBBQ,40.826667,47.7125,Asia
5688,3,3,4,4,1.0,0.00016041573998008373,2.1063531408400424e-07,6.8377483459296925e-06,0.0001304857518696758,0.00021190228635804674,Galcaio Airport,Galcaio,Somalia,GLK,HCMR,6.78082990646,47.45470047,Africa
5404,1,1,1,1,1.0,9.540714406064638e-05,1.1091934806952472e-07,1.1419432390384485e-07,2.0502700351457836e-06,0.0,Uru Harbour Airport,Atoifi,Solomon Islands,ATD,AGAT,-8.873330000000001,161.011002,Oceania
5407,1,2,1,2,2.0,9.540714406064638e-05,1.115737143900975e-07,1.1419432390384485e-07,2.0619694420702875e-06,0.0,Fera/Maringe Airport,Fera Island,Solomon Islands,FRE,AGGF,-8.1075,159.576996,Oceania
5409,3,3,3,3,1.0,0.0002334554064498957,1.1222089217297714e-07,1.1545530052617288e-07,2.073536066255336e-06,9.689776007261906e-08,Ngorangora Airport,Kirakira,Solomon Islands,IRA,AGGK,-10.4497003555,161.897994995,Oceania
5410,1,1,1,1,1.0,9.540714406064638e-05,1.1091934806952472e-07,1.1419432390384485e-07,2.0502700351457836e-06,0.0,Santa Cruz/Graciosa Bay/Luova Airport,Santa Cruz/Graciosa Bay/Luova,Solomon Islands,SCZ,AGGL,-10.72029972076416,165.7949981689453,Oceania
5411,4,4,4,4,1.0,0.0003284440526479493,1.1287902032153332e-07,1.1547007330120347e-07,2.0973358378186134e-06,0.0001534376030749923,Munda Airport,Munda,Solomon Islands,MUA,AGGM,-8.327969551086426,157.26300048828125,Oceania
5412,5,4,5,4,0.8,0.00045713378867008164,1.1287895755754498e-07,1.154811476273e-07,2.097269450700411e-06,0.00046000596631808017,Nusatupe Airport,Gizo,Solomon Islands,GZO,AGGN,-8.09778022766,156.863998413,Oceania
5414,1,1,1,1,1.0,9.540714406064638e-05,1.1091934806952472e-07,1.1419432390384485e-07,2.0502700351457836e-06,0.0,Rennell/Tingoa Airport,Rennell Island,Solomon Islands,RNL,AGGR,-11.533900260925291,160.06300354003906,Oceania
5415,1,1,1,1,1.0,9.540714406064638e-05,1.1091934806952472e-07,1.1419432390384485e-07,2.0502700351457836e-06,0.0,Marau Airport,Marau,Solomon Islands,RUS,AGGU,-9.86166954041,160.824996948,Oceania
5416,3,1,3,1,0.3333333333333333,0.00019226952078818182,1.1091934806952472e-07,1.1546267687643805e-07,2.0737356107673614e-06,0.0,Suavanao Airport,Suavanao,Solomon Islands,VAO,AGGV,-7.585559844970702,158.7310028076172,Oceania
5417,2,2,2,2,1.0,0.00016549168929654026,1.3088792392411295e-09,1.1483218856527252e-07,2.073934780600892e-06,0.0,Kaghau Airport,Kagau Island,Solomon Islands,KGE,AGKG,-7.3305,157.585,Oceania
5418,2,2,2,2,1.0,0.0001516019267722807,1.1157375630815614e-07,1.148321883290465e-07,2.0739351488784737e-06,3.229925335753968e-08,Ramata Airport,Ramata,Solomon Islands,RBV,AGRM,-8.168060302734375,157.64300537109375,Oceania
6758,3,4,3,4,1.3333333333333333,0.00026316659956457286,1.1287897851791499e-07,1.1547005287202805e-07,2.097334720326267e-06,3.8759104029047624e-07,Sege Airport,Sege,Solomon Islands,EGM,AGGS,-8.578889846801758,157.87600708007812,Oceania
7616,2,2,2,2,1.0,0.00016185800503855537,1.1157367258580791e-07,1.1482846956871046e-07,2.0619683161577978e-06,0.0,Ulawa Airport,Ulawa,Solomon Islands,RNA,AGAR,-9.86054358262,161.979546547,Oceania
7617,2,1,2,1,0.5,0.00019308205432867897,6.544710006097149e-10,1.1483218821060264e-07,2.062102220581609e-06,0.0,Choiseul Bay Airport,Choiseul Bay,Solomon Islands,CHY,AGGC,-6.711944,156.39611100000002,Oceania
7618,2,2,2,2,1.0,0.00016185800503855537,1.1157367258580791e-07,1.1482846956871046e-07,2.0619683161577978e-06,0.0,Santa Ana Airport,Santa Ana,Solomon Islands,NNB,AGGT,-10.847994,162.45410800000002,Oceania
5641,1,1,1,1,1.0,6.86236723020478e-05,-1.612648335266482e-24,6.439684653908621e-07,1.1834714669254591e-05,0.0003068752061499846,Luderitz Airport,Luderitz,Namibia,LUD,FYLZ,-26.68740081787109,15.242899894714355,Africa
4106,1,1,1,1,1.0,0.00031358203417795595,8.06324167633241e-25,-1.3279053995428694e-21,1.2407927010364377e-54,0.0,Victoria Harbour Seaplane Base,Victoria,Canada,YWH,CYWH,48.4249858939,-123.388867378,North America
5500,1,1,1,1,1.0,0.00031358203417795595,-7.525692231243582e-24,1.422755785224503e-22,1.2407927010364377e-54,0.0,Vancouver Harbour Water Aerodrome,Vancouver,Canada,CXH,CYHC,49.2943992615,-123.111000061,North America
4219,1,1,1,1,1.0,6.854011995893943e-05,3.772757412368199e-07,8.096503817160741e-07,1.4231506019571937e-05,0.0,Grand Canyon National Park Airport,Grand Canyon,United States,GCN,KGCN,35.95240020751953,-112.14700317382812,North America
5730,2,3,2,3,1.5,9.66446867438614e-05,2.9444607538618986e-05,1.2169615969091982e-06,0.0005300861764478079,1.2712024152250727e-05,North Central West Virginia Airport,Clarksburg,United States,CKB,KCKB,39.2966003418,-80.2281036377,North America
5763,1,1,1,1,1.0,6.104474573199092e-05,1.0488222673316219e-06,1.0573870291299817e-06,2.2472516577494496e-05,0.0,Portsmouth International at Pease Airport,Portsmouth,United States,PSM,KPSM,43.0778999329,-70.8233032227,North America
6012,1,1,1,1,1.0,6.180953782465123e-05,3.322499401366531e-06,3.3741364550874077e-06,5.9160234626924114e-05,0.0,Camiguin Airport,Camiguin,Philippines,CGM,RPMH,9.253520011901855,124.70700073242188,Asia
6974,1,1,1,1,1.0,6.180953782465123e-05,3.322499401366531e-06,3.3741364550874077e-06,5.9160234626924114e-05,0.0,Siargao Airport,Siargao,Philippines,IAO,RPNS,9.8591,126.014,Asia
5914,1,1,1,1,1.0,0.00012217906994395708,1.9935372913857656e-09,1.9265376685685768e-09,3.548624603338674e-08,0.0,Aneityum Airport,Anelghowhat,Vanuatu,AUY,NVVA,-20.2492008209,169.770996094,Oceania
5915,2,2,2,2,1.0,0.00021322115182077694,2.0045198321601217e-09,1.937864949409462e-09,3.5687601321840786e-08,0.0,Aniwa Airport,Aniwa,Vanuatu,AWD,NVVB,-19.2346,169.6009,Oceania
5917,2,2,2,2,1.0,0.00021322115182077694,2.0045198321601237e-09,1.9378649494090825e-09,3.5687601321840786e-08,0.0,Futuna Airport,Futuna Island,Vanuatu,FTA,NVVF,-19.5163993835,170.23199462899998,Oceania
5802,1,1,1,1,1.0,5.714440509584493e-05,7.190515474225214e-06,7.15176014733829e-06,0.0001269454692712641,0.0,Balıkesir Körfez Airport,Balikesir Korfez,Turkey,EDO,LTFD,39.554599761999995,27.013799667399997,Asia
4326,2,3,2,3,1.5,0.0001353791369777131,4.068558422881408e-09,5.376913452005828e-09,8.770130488952343e-08,0.0,Valan Airport,Honningsvag,Norway,HVG,ENHV,71.009696960449,25.983600616455004,Europe
6790,1,1,1,1,1.0,6.366729139024068e-05,7.955825922256672e-07,7.611071476530857e-07,1.4554958153621416e-05,0.0,Hamadan Airport,Hamadan,Iran,HDM,OIHH,34.86920166015625,48.5525016784668,Asia
5572,1,1,1,1,1.0,9.030632096976402e-05,1.3610219435571858e-08,1.3382678171406424e-08,2.395587399454191e-07,0.0,Land's End Airport,Land's End,United Kingdom,LEQ,EGHC,50.102798,-5.67056,Europe
4369,2,2,2,2,1.0,0.00010111653193277251,3.5203183071646073e-07,3.506604334956881e-07,6.225144374879415e-06,1.1101604946232865e-05,Usinsk Airport,Usinsk,Russia,USK,UUYS,66.00469970703125,57.3671989440918,Europe
6110,1,1,1,1,1.0,7.296599809423942e-05,2.6738690692396213e-07,2.661668306887061e-07,4.723605556325408e-06,0.0,Solovki Airport,Solovetsky Islands,Russia,CSH,ULAS,65.0299987793,35.7333335876,Europe
6121,1,1,1,1,1.0,5.887039820106567e-05,1.5837141853573019e-06,1.4249123975372636e-06,2.7946223945053687e-05,0.0,Igarka Airport,Igarka,Russia,IAA,UOII,67.43720245361328,86.62190246582031,Europe
5432,1,2,2,2,2.0,0.00011016908295041877,1.673127511064152e-08,2.1898121632192497e-08,2.982523336559246e-07,4.844888003630953e-08,Misima Island Airport,Misima Island,Papua New Guinea,MIS,AYMS,-10.6892004013,152.837997437,Oceania
5438,2,2,2,2,1.0,0.00023089008493937718,5.1544529462176405e-12,5.1185270058651616e-12,8.995792352711431e-11,0.0,Alluitsup Paa Heliport,Alluitsup Paa,Greenland,LLU,BGAP,60.46445,-45.56917,North America
5444,2,2,2,2,1.0,0.00023089008493937718,5.154452946219959e-12,5.118527005456119e-12,8.995792352711431e-11,0.0,Nanortalik Heliport,Nanortalik,Greenland,JNN,BGNN,60.1418839759,-45.232976675,North America
5439,1,1,1,1,1.0,0.00031358203417795595,-4.300395560710618e-24,-5.691023140898012e-22,1.2407927010364377e-54,0.0,Neerlerit Inaat Airport,Neerlerit Inaat,Greenland,CNP,BGCO,70.7431030273,-22.6504993439,North America
8208,1,1,1,1,1.0,0.00031358203417795595,-3.225296670532964e-24,-7.588030854530682e-22,1.2407927010364377e-54,0.0,Ittoqqortoormiit Heliport,Ittoqqortoormiit,Greenland,OBY,BGSC,70.4882288244,-21.9716799259,North America
8628,1,1,1,1,1.0,0.00015747373891598614,5.113291216275063e-12,5.077307154005127e-12,8.923899852629413e-11,0.0,Uummannaq Heliport,Uummannaq,Greenland,UMD,BGUM,70.6804279261,-52.111630439799995,North America
5457,1,1,1,1,1.0,7.25932339190425e-05,1.920743926964308e-05,1.0854221706982904e-07,0.00034298706061988986,0.0,Anahim Lake Airport,Anahim Lake,Canada,YAA,CAJ4,52.45249938964844,-125.3030014038086,North America
5492,3,3,4,4,1.0,0.0003069686027400136,1.0324051341210665e-09,9.956384388185577e-10,1.820078064669815e-08,1.9379552014523812e-07,Makkovik Airport,Makkovik,Canada,YMN,CYFT,55.07690048217773,-59.1864013671875,North America
5464,1,1,1,1,1.0,9.213945031650339e-05,6.00205899587238e-09,3.4101991375319964e-11,1.032128317544929e-07,0.0,Summer Beaver Airport,Summer Beaver,Canada,SUR,CJV7,52.70859909057617,-88.54190063476562,North America
5467,2,2,2,2,1.0,0.00014162428455562838,1.7171091890162665e-08,2.2855285391084123e-10,3.067100524457104e-07,0.0,North Spirit Lake Airport,North Spirit Lake,Canada,YNO,CKQ3,52.4900016784668,-92.97109985351562,North America
5471,2,2,2,2,1.0,0.00014162428455562838,1.7171091890162652e-08,2.285528539130228e-10,3.067100524457104e-07,0.0,Poplar Hill Airport,Poplar Hill,Canada,YHP,CPV7,52.1133,-94.2556,North America
5470,1,1,1,1,1.0,0.00012854244697738202,2.892209247284884e-09,2.74893457553129e-09,4.9283209219621835e-08,0.0,Ogoki Post Airport,Ogoki Post,Canada,YOG,CNT3,51.65859985350001,-85.9017028809,North America
5516,2,2,2,2,1.0,0.00017891244528059065,2.5055168591116112e-09,2.476870082687916e-09,4.388402699218827e-08,2.8062667958809067e-06,Wemindji Airport,Wemindji,Canada,YNC,CYNC,53.01060104370117,-78.83110046386719,North America
5473,2,2,2,2,1.0,0.0002204598399540844,2.2656674295822035e-11,2.3390630171991446e-11,4.0278197884944017e-10,8.914593926680953e-07,Tête-à-la-Baleine Airport,Tête-à-la-Baleine,Canada,ZTB,CTB6,50.67440032958984,-59.38359832763672,North America
5474,2,2,2,2,1.0,0.0002221360720373542,2.5226522437018077e-12,2.576038853839456e-12,4.5364859300633145e-11,0.0002693347186018136,La Tabatière Airport,La Tabatière,Canada,ZLT,CTU5,50.8307991027832,-58.97560119628906,North America
6789,3,3,3,3,1.0,0.000279077993344104,4.332092165881474e-10,4.217303544031405e-10,7.641716877990251e-09,0.0016619399653232828,St Augustin Airport,St-Augustin,Canada,YIF,CYIF,51.2117004395,-58.6582984924,North America
5499,2,2,2,2,1.0,0.000234155440572185,8.277573054747688e-10,8.108401310189051e-10,1.447101235141212e-08,0.0008177417329775544,Quaqtaq Airport,Quaqtaq,Canada,YQC,CYHA,61.0463981628418,-69.6177978515625,North America
5482,2,2,2,2,1.0,0.0003306447423994039,4.250124728254979e-14,4.239768191449908e-14,7.528488983978723e-13,0.0006134597190197513,Attawapiskat Airport,Attawapiskat,Canada,YAT,CYAT,52.9275016784668,-82.43190002441406,North America
5522,1,1,1,1,1.0,0.00019217405214318808,2.402821055750828e-16,2.401700924821502e-16,4.2453852722071904e-15,0.0,Peawanuck Airport,Peawanuck,Canada,YPO,CYPO,54.98809814453125,-85.44329833984375,North America
5543,2,2,2,2,1.0,0.00029783169409548885,7.502618877387837e-12,7.499088000610367e-12,1.3349575415215847e-10,0.001226531846999212,Kashechewan Airport,Kashechewan,Canada,ZKE,CZKE,52.28250122070313,-81.67780303955078,North America
5510,2,2,2,2,1.0,0.00020380394877638104,5.784325870397941e-09,2.749022616912656e-09,9.884433264864012e-08,3.8759104029047624e-07,Lansdowne House Airport,Lansdowne House,Canada,YLH,CYLH,52.19559860229492,-87.93419647216797,North America
5502,2,2,2,2,1.0,0.0001741411523885534,3.491556517049959e-10,3.3707001584723175e-10,6.158247750060776e-09,9.689776007261906e-08,Hopedale Airport,Hopedale,Canada,YHO,CYHO,55.44829940795898,-60.22859954833984,North America
5515,3,3,3,3,1.0,0.00021419085433924844,1.651493463744069e-07,1.6540041339463273e-07,2.9294973007676927e-06,2.2465363379139278e-05,Umiujaq Airport,Umiujaq,Canada,YUD,CYMU,56.53609848022461,-76.51830291748047,North America
7253,2,2,2,2,1.0,0.00026139197119362404,4.59574909844768e-12,4.6779967776801846e-12,8.161472509865164e-11,0.00020550131077203495,Kangiqsujuaq (Wakeham Bay) Airport,Kangiqsujuaq,Canada,YWB,CYKG,61.5886001587,-71.929397583,North America
5501,2,2,2,2,1.0,0.00015652963367685985,1.4465337356695843e-07,1.4620421562991957e-07,2.56844867997465e-06,0.0,Nemiscau Airport,Nemiscau,Canada,YNS,CYHH,51.69110107421875,-76.1355972290039,North America
5504,2,2,2,2,1.0,0.00025715450519381554,9.201883856142237e-12,9.308105891009044e-12,1.6284548066823146e-10,0.00040859631850154345,Ivujivik Airport,Ivujivik,Canada,YIK,CYIK,62.41730117797852,-77.92530059814453,North America
5506,2,2,2,2,1.0,0.00022455814188869798,1.64711948677719e-09,1.6235907761185606e-09,2.887531160775559e-08,0.001020893264400413,Akulivik Airport,Akulivik,Canada,AKV,CYKO,60.81859970092773,-78.14859771728516,North America
5535,2,2,2,2,1.0,0.0002690570795043878,7.926400798984902e-14,7.796863935129947e-14,1.3785415136555927e-12,9.286035340292658e-07,Salluit Airport,Salluit,Canada,YZG,CYZG,62.17940139770508,-75.66719818115234,North America
5539,2,2,2,2,1.0,0.00018137585921322585,2.5032843222898414e-09,2.4698694681793984e-09,4.376472863519974e-08,3.4057941948646656e-06,Eastmain River Airport,Eastmain River,Canada,ZEM,CZEM,52.22639846801758,-78.52249908447266,North America
5521,2,5,2,5,2.5,0.00020027729744748503,2.3274513269086606e-08,1.7622869846057473e-08,4.1279041936767436e-07,0.0008833041712735921,Pikangikum Airport,Pikangikum,Canada,YPM,CYPM,51.81969833374024,-93.97329711914062,North America
5532,2,1,2,1,0.5,0.0001504366906287388,1.3170191465274844e-10,1.7656799300925325e-08,3.072985346122944e-07,6.459850671507937e-08,Deer Lake Airport,Deer Lake,Canada,YVZ,CYVZ,52.655799865722656,-94.0614013671875,North America
8355,1,1,1,1,1.0,0.00013109000474152948,1.7169796603286272e-08,9.75917922520481e-11,3.0497064813467996e-07,0.0,Keewaywin Airport,Keewaywin,Canada,KEW,CPV8,52.9911003113,-92.8364028931,North America
5643,1,1,1,1,1.0,0.00010545957855557859,6.427452836675053e-07,-2.845511570449006e-22,1.1834714669254591e-05,0.0003065845128697667,Oranjemund Airport,Oranjemund,Namibia,OMD,FYOG,-28.5847,16.446699,Africa
5642,1,1,1,1,1.0,0.0001776435970686038,-3.4403164485684946e-23,-1.7073069422694037e-21,1.7075710205338004e-49,0.0,Ondangwa Airport,Ondangwa,Namibia,OND,FYOA,-17.878201,15.9526,Africa
5645,3,3,3,3,1.0,0.0004594295250043325,-3.5478263375862605e-23,-6.070424683624546e-21,3.705576796544721e-49,3.8759104029047624e-07,Eros Airport,Windhoek,Namibia,ERS,FYWE,-22.612199783325195,17.080400466918945,Africa
6779,2,2,2,2,1.0,0.00030862750731944374,-5.160474672852742e-23,-1.5176061709061364e-21,3.166925555390569e-49,0.0,Katima Mulilo Airport,Mpacha,Namibia,MPA,FYKM,-17.634399,24.176701,Africa
7634,2,2,2,2,1.0,0.00030862750731944374,-4.3003955607106185e-23,-3.035212341812273e-21,3.166925555390569e-49,0.0,Rundu Airport,Rundu,Namibia,NDU,FYRU,-17.956499099731,19.719400405884,Africa
5653,0,1,0,1,,4.7057036703642594e-05,9.08811210609704e-07,-0.0,2.4846959477685798e-05,0.0,Lodja Airport,Lodja,Congo (Kinshasa),LJA,FZVA,-3.4170000553131104,23.45000076293945,Africa
5675,1,1,1,1,1.0,6.469085735409731e-05,8.90632597830266e-07,9.0550475757566e-07,1.5937605061043295e-05,0.0,São Filipe Airport,"Sao Filipe, Fogo Island",Cape Verde,SFL,GVSF,14.8850002289,-24.4799995422,Africa
5680,1,1,1,1,1.0,9.869900905480488e-05,3.021575235091334e-08,3.368077938267943e-08,6.00441654966013e-07,0.0,Gode Airport,Gode,Ethiopia,GDE,HAGO,5.935130119319999,43.5786018372,Africa
6130,1,1,1,1,1.0,0.00011133604657132288,4.907898657039858e-07,4.86945752184443e-07,8.689468648462718e-06,0.0,Mid Delta Regional Airport,Greenville,United States,GLH,KGLH,33.482898712158196,-90.98560333251952,North America
5809,1,1,1,1,1.0,8.808679616859139e-05,4.856441440580243e-08,4.6539492788546734e-08,8.583382778263122e-07,0.0,Salt Cay Airport,Salt Cay,Turks and Caicos Islands,SLX,MBSY,21.3330001831,-71.1999969482,
5840,0,1,0,1,,4.7057036703642594e-05,4.3500963730452183e-10,-0.0,7.882346394806327e-09,0.0,Jaqué Airport,Jaqué,Panama,JQE,MPJE,7.51777982711792,-78.1572036743164,North America
5884,0,1,0,1,,4.7057036703642594e-05,6.744047772924052e-06,-0.0,0.00010443289883351211,0.0,Niue International Airport,Alofi,Niue,IUE,NIUE,-19.079030990600582,-169.92559814453125,Oceania
5893,3,3,3,3,1.0,0.00027062965168619816,8.50891384549378e-10,7.997507991819743e-10,1.5166185369468464e-08,6.459850671507937e-08,Mota Lava Airport,Ablow,Vanuatu,MTV,NVSA,-13.6660003662,167.712005615,Oceania
5894,3,3,3,3,1.0,0.0002580508878526414,7.033806588892103e-08,7.466984770685962e-08,1.336484713419849e-06,0.0006130721279794608,Sola Airport,Sola,Vanuatu,SLH,NVSC,-13.8516998291,167.537002563,Oceania
5895,3,3,3,3,1.0,0.00027062965168619816,8.508913845493909e-10,7.997507991796978e-10,1.5166185369468464e-08,6.459850671507937e-08,Torres Airstrip,Loh/Linua,Vanuatu,TOH,NVSD,-13.328000068699998,166.638000488,Oceania
5906,3,3,3,3,1.0,0.0002580508878526414,7.033806588892103e-08,7.466984770685962e-08,1.336484713419849e-06,0.0006130721279794608,Gaua Island Airport,Gaua Island,Vanuatu,ZGU,NVSQ,-14.218099594099998,167.587005615,Oceania
5910,2,3,2,3,1.5,0.0001837232562359801,3.429014497570087e-07,1.940070965873223e-09,6.324985156856746e-06,8.848846457725088e-05,Uléi Airport,Ambryn Island,Vanuatu,ULB,NVSU,-16.3297,168.3011,Oceania
5898,2,2,2,2,1.0,0.0001647491814068075,7.273681962460828e-08,7.697514272614364e-08,1.379178335724751e-06,0.0,Longana Airport,Longana,Vanuatu,LOD,NVSG,-15.3066997528,167.966995239,Oceania
5899,1,1,1,1,1.0,0.00010368217410623377,7.032900096851572e-08,7.466023115377829e-08,1.336313570346218e-06,0.0,Sara Airport,Pentecost Island,Vanuatu,SSR,NVSH,-15.4708003998,168.15199279799998,Oceania
5903,1,1,1,1,1.0,0.00010368217410623377,7.032900096851572e-08,7.466023115377829e-08,1.336313570346218e-06,0.0,Maewo-Naone Airport,Maewo Island,Vanuatu,MWF,NVSN,-15.0,168.082992554,Oceania
6771,1,1,1,1,1.0,0.00010368217410623377,7.032900096851572e-08,7.466023115377829e-08,1.336313570346218e-06,0.0,Walaha Airport,Walaha,Vanuatu,WLH,NVSW,-15.4119997025,167.690994263,Oceania
5941,1,1,1,1,1.0,6.42871645294724e-05,3.2460553683165667e-06,6.726414620210953e-08,5.883550350751799e-05,0.0,Dalbandin Airport,Dalbandin,Pakistan,DBA,OPDB,28.8782997131,64.3998031616,Asia
5962,2,2,3,3,1.0,0.0003712902303117287,5.3037495915391275e-08,1.056646043016747e-07,9.35861668690405e-07,0.0006134597190197513,Holy Cross Airport,Holy Cross,United States,HCR,PAHC,62.18830108642578,-159.77499389648438,North America
6713,1,1,2,1,1.0,0.0002587292908483148,5.988373057179279e-10,5.994159814358454e-10,5.277695443412536e-09,0.0,Anvik Airport,Anvik,United States,ANV,PANV,62.646702000000005,-160.190994,North America
7098,3,3,4,4,1.0,0.00036324855127116727,1.41964621274545e-07,5.383527937421186e-08,2.5125008764882915e-06,0.00032068313696033277,Russian Mission Airport,Russian Mission,United States,RSH,PARS,61.7788848877,-161.319458008,North America
7214,1,1,1,1,1.0,0.00010890054601290486,3.5671611490874825e-08,3.5538159820129214e-08,6.293987957336784e-07,0.0,Nikolai Airport,Nikolai,United States,NIB,PAFS,63.0186,-154.358002,North America
5966,1,1,1,1,1.0,0.00011838301081913027,3.507276139080427e-08,3.4939933282084936e-08,6.188431809336053e-07,0.0,Mountain Village Airport,Mountain Village,United States,MOU,PAMO,62.09540176391602,-163.6820068359375,North America
7090,1,1,1,2,1.0,9.92712743604314e-05,1.0606140345258534e-07,5.283061017497571e-08,1.8716638135921448e-06,0.0,Shageluk Airport,Shageluk,United States,SHX,PAHX,62.6922988892,-159.569000244,North America
7091,1,0,1,0,0.0,9.92712743604314e-05,-0.0,5.283061017497571e-08,9.358319067960724e-07,0.0,Chuathbaluk Airport,Chuathbaluk,United States,CHU,PACH,61.579102,-159.216003,North America
7209,2,1,2,1,0.5,0.00020495209712700213,3.5101632664925755e-08,2.240452399416881e-12,6.267075345824478e-07,0.0006129752302193881,Scammon Bay Airport,Scammon Bay,United States,SCM,PACM,61.84529876710001,-165.570999146,North America
8924,1,1,1,1,1.0,6.909016526989638e-05,2.492384316589634e-07,2.5000693918398896e-07,4.4235990272038015e-06,0.0,Velikiy Ustyug Airport,Veliky Ustyug,Russia,VUS,ULWU,60.78829956054688,46.2599983215332,Europe
11436,1,1,1,1,1.0,6.889311181549556e-05,1.0685530965531066e-07,1.0727654527649336e-07,1.8889800411689858e-06,0.0,Tarko-Sale Airport,Tarko-Sale,Russia,TQL,USDS,64.9308013916,77.81809997559999,Europe
6218,1,1,1,1,1.0,9.348111494628602e-05,2.7532904077066255e-08,2.736658949455204e-08,4.847861930031158e-07,0.0,Bakalalan Airport,Bakalalan,Malaysia,BKM,WBGQ,3.973999977111816,115.61799621582033,Asia
6240,2,2,2,2,1.0,0.0002457415546282382,5.034752460548021e-12,5.269773070017354e-12,9.32787389299707e-11,4.625884572612123e-06,Birdsville Airport,Birdsville,Australia,BVI,YBDV,-25.897499084472656,139.34800720214844,Oceania
6243,2,2,2,2,1.0,0.00022599453251488663,7.210066416643757e-10,6.898304648202657e-10,1.276179674555268e-08,5.881057017848768e-05,Bedourie Airport,Bedourie,Australia,BEU,YBIE,-24.346099853515625,139.46000671386722,Oceania
6333,2,2,2,2,1.0,0.00023640466206493744,2.1155297040536708e-10,1.985496033902424e-10,3.769600795849307e-09,0.0005590812378937305,Windorah Airport,Windorah,Australia,WNR,YWDH,-25.41309928894043,142.66700744628906,Oceania
6245,2,2,2,2,1.0,0.00018260125003752387,8.054303319895867e-10,7.691285220132446e-10,1.4185411907454393e-08,0.0,Burketown Airport,Burketown,Australia,BUC,YBKT,-17.748600006103516,139.53399658203122,Oceania
6304,3,3,3,3,1.0,0.0002488235029781889,1.3953475089657435e-08,1.4822469996602769e-08,2.509698257469545e-07,0.0002249752901302124,Mornington Island Airport,Mornington Island,Australia,ONG,YMTI,-16.662500381469727,139.17799377441406,Oceania
6258,2,2,2,2,1.0,0.0002806202161069361,5.62389506581167e-10,5.818969917909903e-10,1.0507313232387499e-08,0.0006134597190197513,Cunnamulla Airport,Cunnamulla,Australia,CMA,YCMU,-28.03000068664551,145.6219940185547,Oceania
6325,2,2,2,2,1.0,0.00021856909712309342,1.0297146523025918e-07,9.92302266575292e-08,1.8623088915726005e-06,0.001226531846999212,St George Airport,St George,Australia,SGO,YSGE,-28.049699783325195,148.59500122070312,Oceania
6329,1,1,1,1,1.0,0.00016983821034320358,3.2978084673900684e-12,3.17798994957798e-12,5.928513364169876e-11,0.0,Thargomindah Airport,Thargomindah,Australia,XTG,YTGM,-27.98640060424805,143.81100463867188,Oceania
6265,1,1,1,1,1.0,0.0001292883228935645,8.727650473521267e-09,8.726290244897259e-09,1.5594758796937913e-07,0.0,Elcho Island Airport,Elcho Island,Australia,ELC,YELD,-12.019399642899998,135.570999146,Oceania
9904,1,1,1,1,1.0,0.0001263829085417422,7.209767751088181e-10,6.898020131749471e-10,1.2761270354899161e-08,0.0,Richmond Airport,Richmond,Australia,RCM,YRMD,-20.701900482177734,143.11500549316406,Oceania
6295,1,1,1,1,1.0,0.0001292883228935645,8.727650473521267e-09,8.726290244897259e-09,1.5594758796937913e-07,0.0,Milingimbi Airport,Milingimbi,Australia,MGT,YMGB,-12.094400405899998,134.893997192,Oceania
6321,0,1,0,1,,4.7057036703642594e-05,3.225296670532964e-24,-0.0,1.7168178625428853e-10,0.0,Portland Airport,Portland,Australia,PTJ,YPOD,-38.31809997558594,141.4709930419922,Oceania
7457,1,1,2,2,1.0,6.558283999245467e-05,4.168686991704377e-06,4.1487849424742984e-06,7.327910021369448e-05,0.0,Foshan Shadi Airport,Foshan,China,FUO,ZGFS,23.0832996368,113.069999695,Asia
10941,1,1,1,1,1.0,5.491736012685311e-05,5.78704497759482e-06,5.783557188505685e-06,0.0001018516289634846,0.0,Arxan Yi'ershi Airport,Arxan,China,YIE,ZBES,47.3106,119.9117,Asia
10940,1,1,2,2,1.0,6.11727966931356e-05,1.1802682218035849e-05,1.1780369842033854e-05,0.00020754315290383735,0.0,Zhangjiakou Ningyuan Airport,Zhangjiakou,China,ZQZ,ZBZJ,40.7386016846,114.930000305,Asia
7894,1,1,2,2,1.0,6.379386112657774e-05,9.172862244881238e-06,9.078743257872346e-06,0.00016007094245272226,0.0,Yushu Batang Airport,Yushu,China,YUS,ZYLS,32.836388888900004,97.0363888889,Asia
6370,1,1,1,1,1.0,0.0001202876720401134,9.658540046719037e-09,9.613030617981968e-09,1.7055435257593377e-07,0.0,Altai Airport,Altai,Mongolia,LTI,ZMAT,46.37639999389648,96.22109985351562,Asia
9543,1,1,1,1,1.0,6.295307561951372e-05,5.273280128659072e-07,5.340434045743659e-07,9.382164046544482e-06,0.0,Ogden Hinckley Airport,Ogden,United States,OGD,KOGD,41.195899963379,-112.0120010376,North America
7207,2,2,3,2,1.0,0.0002509844460537561,3.527211793399596e-08,3.534118291590901e-08,6.22357475909591e-07,7.315780885482739e-06,Kotlik Airport,Kotlik,United States,KOT,PFKO,63.030601501499994,-163.533004761,North America
6720,1,1,1,1,1.0,0.00025789946045468384,3.5101632664925755e-08,-3.794015427265341e-22,6.232325211052996e-07,0.0006130721279794608,Mekoryuk Airport,Mekoryuk,United States,MYU,PAMY,60.37139892578125,-166.27099609375,North America
6729,1,1,1,1,1.0,0.0001520193777807019,1.9940399749944906e-11,1.9853236651591095e-11,3.492282299434481e-10,0.0,Arctic Village Airport,Arctic Village,United States,ARC,PARC,68.1147,-145.578995,North America
6763,0,1,0,1,,4.7057036703642594e-05,3.527416066169178e-08,-0.0,6.224321745923498e-07,0.0,Igiugig Airport,Igiugig,United States,IGG,PAIG,59.32400131225586,-155.90199279785156,North America
6766,0,1,0,1,,4.7057036703642594e-05,3.527416066169178e-08,-0.0,6.224321745923498e-07,0.0,Port Heiden Airport,Port Heiden,United States,PTH,PAPH,56.95909881591797,-158.63299560546875,North America
6767,1,1,1,1,1.0,0.00013888627802008502,3.9875324888686113e-10,3.989753127308283e-10,7.0089337908753695e-09,0.0,Togiak Airport,Togiak Village,United States,TOG,PATG,59.05279922485352,-160.39700317382812,North America
6783,0,1,0,1,,4.7057036703642594e-05,4.3500963730452183e-10,-0.0,7.882346394806327e-09,0.0,Sinop Airport,Sinop,Turkey,NOP,LTCM,42.015800476074,35.066398620605,Asia
6792,1,1,1,1,1.0,0.00011712768588387838,6.860223646901947e-08,6.26756331143906e-08,1.2083155427328823e-06,0.0,Grafton Airport,Grafton,Australia,GFN,YGFN,-29.7593994140625,153.02999877929688,Oceania
7107,2,1,2,1,0.5,0.0001295984944287558,2.0709622597141882e-07,1.210238887448058e-09,3.6735664590609972e-06,0.00010203334135646789,Hughes Airport,Hughes,United States,HUS,PAHU,66.04109955,-154.26300049999998,North America
7066,1,1,3,3,1.0,0.00011656398189300313,0.00011214099273511106,-1.8970077136326706e-22,0.002008181745651506,0.0003065845128697668,Chadron Municipal Airport,Chadron,United States,CDR,KCDR,42.837600708,-103.095001221,North America
7082,1,1,1,1,1.0,0.00026224647910492023,8.600791121421237e-24,-7.113778926122515e-23,3.166925555390569e-49,1.9379552014523812e-07,Friday Harbor Airport,Friday Harbor,United States,FRD,KFHR,48.5219993591,-123.024002075,North America
7199,1,1,1,1,1.0,0.00011335775432095549,1.993565431916862e-10,2.0062481691203853e-10,3.514294975985626e-09,0.0,Alakanuk Airport,Alakanuk,United States,AUK,PAUK,62.6800422668,-164.65992736799998,North America
7191,1,1,2,2,1.0,0.00015409062920381216,1.0566247183434374e-07,1.0504652514324284e-07,1.8606430977335949e-06,0.0,St Michael Airport,St. Michael,United States,SMK,PAMK,63.49010086,-162.1100006,North America
7208,2,2,2,2,1.0,0.00014629939280310877,2.094536328405776e-07,4.000554152573813e-11,3.6738061898139235e-06,0.0002550833533911697,Koyukuk Airport,Koyukuk,United States,KYU,PFKU,64.8760986328,-157.727005005,North America
7236,1,1,1,1,1.0,0.0001374906697942062,2.0709622597141882e-07,1.5176061709061364e-21,3.67274660531763e-06,0.0003065845128697667,Circle City /New/ Airport,Circle,United States,IRC,PACR,65.83049799999999,-144.076008,North America
7180,1,2,2,4,2.0,0.00027115334984535635,3.5929753247939655e-08,6.070424683624546e-21,6.412240735496709e-07,0.0003065845128697668,Kobuk Airport,Kobuk,United States,OBU,PAOB,66.9123001099,-156.897003174,North America
7136,0,1,0,1,,4.7057036703642594e-05,1.9519136117982422e-07,-0.0,3.4392173689323253e-06,0.0,Elfin Cove Seaplane Base,Elfin Cove,United States,ELV,PAEL,58.1952018738,-136.347000122,North America
7154,1,1,1,1,1.0,0.000149429470642862,3.527416066169178e-08,-3.794015427265341e-22,6.259622236902948e-07,0.0003065845128697667,Egegik Airport,Egegik,United States,EGX,PAII,58.1855010986,-157.375,North America
7157,0,1,0,1,,4.7057036703642594e-05,3.527416066169178e-08,-0.0,6.224321745923498e-07,0.0,Perryville Airport,Perryville,United States,KPV,PAPE,55.905998,-159.162993,North America
7161,1,0,1,0,0.0,0.00012361137367044098,-0.0,3.035212341812273e-21,3.490013880430905e-09,0.0,Karluk Airport,Karluk,United States,KYK,PAKY,57.5671005249,-154.449996948,North America
7240,0,1,0,1,,4.7057036703642594e-05,5.303070172629267e-08,-0.0,9.358319067960724e-07,0.0,Sleetmute Airport,Sleetmute,United States,SLQ,PASL,61.7005004883,-157.166000366,North America
7368,1,1,1,1,1.0,0.00012105670545772899,-2.6877472254441366e-24,-0.0,2.299782836510722e-07,0.0006137504122999692,Gurupi Airport,Gurupi,Brazil,GRP,SWGI,-11.73960018157959,-49.13219833374024,South America
7375,1,1,1,1,1.0,0.00014995857298815386,2.296709013568544e-06,-4.742519284081677e-22,4.077862632421177e-05,0.0009203349251697358,Minaçu Airport,Minacu,Brazil,MQH,SBMC,-13.5491,-48.195301,South America
7374,0,1,0,1,,4.7057036703642594e-05,6.450593341065928e-24,-0.0,7.31369462591834e-12,0.0,Santa Terezinha Airport,Santa Terezinha,Brazil,STZ,SWST,-10.4647216796875,-50.51861190795898,South America
8243,1,1,1,1,1.0,8.705640709985975e-05,-0.0,1.1382046281796024e-21,1.296961940197601e-09,0.0003069721039100572,São Félix do Araguaia Airport,Sao Felix do Araguaia,Brazil,SXO,SWFX,-11.632399559020994,-50.68960189819336,South America
8241,0,1,0,1,,4.7057036703642594e-05,2.7337492749303414e-10,-0.0,5.951870260251421e-09,0.0,São Félix do Xingu Airport,Sao Felix do Xingu,Brazil,SXX,SNFX,-6.6413,-51.9523,South America
9744,1,1,1,1,1.0,0.00013755144319713294,3.5101632664925755e-08,-8.299408747142934e-23,6.231532394296415e-07,0.0003065845128697667,Napaskiak Airport,Napaskiak,United States,PKA,PAPK,60.70289993,-161.7779999,North America
1040,1,0,1,0,0.0,0.00015058222398488233,-0.0,-2.3712596420408384e-22,4.483745789616028e-12,0.0,Kalemie Airport,Kalemie,Congo (Kinshasa),FMI,FZRF,-5.8755598068237305,29.25,Africa
